{
  "total_population": 2859,
  "average_population_per_cell": 68.07142857142857,
  "max_population_cell": 879,
  "min_population_cell": 1,
  "population_std": 143.8543289034114,
  "population_density_km2": 3640.1918583978304,
  "closest_population_distance": 57.41097564964906,
  "average_population_distance": 317.14790117658055,
  "farthest_population_distance": 479.1079286377574,
  "population_within_100m": 60,
  "density_within_100m": 1909.859317102744,
  "population_within_250m": 442,
  "density_within_250m": 2251.0875150917677,
  "population_within_500m": 2859,
  "density_within_500m": 3640.1918583978304,
  "population_gini": 0.7207565082696248,
  "population_entropy": 2.6708386025100688,
  "population_center_distance": 130.15871714631444,
  "populated_cells_count": 42,
  "empty_cells_ratio": 0.0,
  "polygon_weighted_population": 27.462925043997952,
  "polygon_coverage_area": 9.294111264086047e-07
}