{
  "total_population": 4438,
  "average_population_per_cell": 94.42553191489361,
  "max_population_cell": 223,
  "min_population_cell": 11,
  "population_std": 57.389873626098975,
  "population_density_km2": 5650.637099534652,
  "closest_population_distance": 46.4090194629924,
  "average_population_distance": 286.9737518362014,
  "farthest_population_distance": 475.7732924279896,
  "population_within_100m": 306,
  "density_within_100m": 9740.282517223994,
  "population_within_250m": 1654,
  "density_within_250m": 8423.752827967837,
  "population_within_500m": 4438,
  "density_within_500m": 5650.637099534652,
  "population_gini": 0.34300480377398296,
  "population_entropy": 3.6606117464044057,
  "population_center_distance": 100.18719649925028,
  "populated_cells_count": 47,
  "empty_cells_ratio": 0.0,
  "polygon_weighted_population": 52.312532156596156,
  "polygon_coverage_area": 1.795436810129821e-06
}