{
  "total_population": 3548,
  "average_population_per_cell": 77.1304347826087,
  "max_population_cell": 204,
  "min_population_cell": 7,
  "population_std": 46.9025508406773,
  "population_density_km2": 4517.453904720357,
  "closest_population_distance": 69.53625623520811,
  "average_population_distance": 311.8227270398873,
  "farthest_population_distance": 480.96740295531345,
  "population_within_100m": 71,
  "density_within_100m": 2260.0001919049137,
  "population_within_250m": 916,
  "density_within_250m": 4665.149691909636,
  "population_within_500m": 3548,
  "density_within_500m": 4517.453904720357,
  "population_gini": 0.33321895985490907,
  "population_entropy": 3.6510998048766226,
  "population_center_distance": 64.20002632911526,
  "populated_cells_count": 46,
  "empty_cells_ratio": 0.0,
  "polygon_weighted_population": 114.0,
  "polygon_coverage_area": 3.240000000002484e-06
}