{
  "total_population": 4146,
  "average_population_per_cell": 112.05405405405405,
  "max_population_cell": 597,
  "min_population_cell": 1,
  "population_std": 114.27183621764617,
  "population_density_km2": 5278.851152471984,
  "closest_population_distance": 50.43702209068625,
  "average_population_distance": 288.5336469824059,
  "farthest_population_distance": 484.0378888084415,
  "population_within_100m": 177,
  "density_within_100m": 5634.084985453094,
  "population_within_250m": 1395,
  "density_within_250m": 7104.676659622208,
  "population_within_500m": 4146,
  "density_within_500m": 5278.851152471984,
  "population_gini": 0.4971903886520384,
  "population_entropy": 3.165461342491781,
  "population_center_distance": 90.72339288681107,
  "populated_cells_count": 37,
  "empty_cells_ratio": 0.0,
  "polygon_weighted_population": 19.183648593144966,
  "polygon_coverage_area": 3.834016744952203e-06
}