{
  "total_population": 2653,
  "average_population_per_cell": 73.69444444444444,
  "max_population_cell": 222,
  "min_population_cell": 3,
  "population_std": 67.19771230988849,
  "population_density_km2": 3377.904512182387,
  "closest_population_distance": 46.66155726997605,
  "average_population_distance": 252.4249679595269,
  "farthest_population_distance": 451.679827259133,
  "population_within_100m": 92,
  "density_within_100m": 2928.450952890874,
  "population_within_250m": 1199,
  "density_within_250m": 6106.45685654984,
  "population_within_500m": 2653,
  "density_within_500m": 3377.904512182387,
  "population_gini": 0.4940633245382586,
  "population_entropy": 3.1746809357463284,
  "population_center_distance": 93.54276239646126,
  "populated_cells_count": 36,
  "empty_cells_ratio": 0.0,
  "polygon_weighted_population": 455.9101268682185,
  "polygon_coverage_area": 1.578481619479825e-05
}