{
  "total_population": 1998,
  "average_population_per_cell": 83.25,
  "max_population_cell": 269,
  "min_population_cell": 1,
  "population_std": 73.6703881281789,
  "population_density_km2": 2543.9326103808553,
  "closest_population_distance": 136.27465987699256,
  "average_population_distance": 329.0669124430621,
  "farthest_population_distance": 493.74645744386925,
  "population_within_100m": 0,
  "density_within_100m": 0.0,
  "population_within_250m": 439,
  "density_within_250m": 2235.8086405549457,
  "population_within_500m": 1998,
  "density_within_500m": 2543.9326103808553,
  "population_gini": 0.46696696696696693,
  "population_entropy": 2.810816479310782,
  "population_center_distance": 32.11952818852376,
  "populated_cells_count": 24,
  "empty_cells_ratio": 0.0,
  "polygon_weighted_population": 71.0,
  "polygon_coverage_area": 3.2400000000040826e-06
}