{
  "total_population": 4133,
  "average_population_per_cell": 103.325,
  "max_population_cell": 285,
  "min_population_cell": 1,
  "population_std": 80.87831553065953,
  "population_density_km2": 5262.299038390428,
  "closest_population_distance": 58.720386088591155,
  "average_population_distance": 301.9214464838429,
  "farthest_population_distance": 496.5510497737229,
  "population_within_100m": 192,
  "density_within_100m": 6111.549814728781,
  "population_within_250m": 1314,
  "density_within_250m": 6692.147047128015,
  "population_within_500m": 4133,
  "density_within_500m": 5262.299038390428,
  "population_gini": 0.4328635373820469,
  "population_entropy": 3.3772246269985855,
  "population_center_distance": 49.10016628329167,
  "populated_cells_count": 40,
  "empty_cells_ratio": 0.0,
  "polygon_weighted_population": 223.51368358328511,
  "polygon_coverage_area": 6.292540638184886e-06
}