{
  "total_population": 5395,
  "average_population_per_cell": 125.46511627906976,
  "max_population_cell": 380,
  "min_population_cell": 5,
  "population_std": 75.91892569025424,
  "population_density_km2": 6869.127343846203,
  "closest_population_distance": 35.81572026580351,
  "average_population_distance": 265.9934146990685,
  "farthest_population_distance": 448.5370877731956,
  "population_within_100m": 301,
  "density_within_100m": 9581.127574132099,
  "population_within_250m": 2215,
  "density_within_250m": 11280.902366353543,
  "population_within_500m": 5395,
  "density_within_500m": 6869.127343846203,
  "population_gini": 0.32441752699527987,
  "population_entropy": 3.584313927973849,
  "population_center_distance": 61.95654096119894,
  "populated_cells_count": 43,
  "empty_cells_ratio": 0.0,
  "polygon_weighted_population": 164.19774866997832,
  "polygon_coverage_area": 3.315981596041775e-06
}