{
  "total_population": 590,
  "average_population_per_cell": 34.705882352941174,
  "max_population_cell": 145,
  "min_population_cell": 1,
  "population_std": 42.932744941772526,
  "population_density_km2": 751.211331393746,
  "closest_population_distance": 84.98125553015696,
  "average_population_distance": 198.94700664024356,
  "farthest_population_distance": 440.9953503091722,
  "population_within_100m": 1,
  "density_within_100m": 31.830988618379067,
  "population_within_250m": 428,
  "density_within_250m": 2179.7861005865984,
  "population_within_500m": 590,
  "density_within_500m": 751.211331393746,
  "population_gini": 0.5294117647058824,
  "population_entropy": 2.3074500692544317,
  "population_center_distance": 35.53470363678704,
  "populated_cells_count": 17,
  "empty_cells_ratio": 0.0,
  "polygon_weighted_population": 14.4518812976108,
  "polygon_coverage_area": 4.542465207862482e-06
}