{
  "total_population": 3325,
  "average_population_per_cell": 83.125,
  "max_population_cell": 234,
  "min_population_cell": 1,
  "population_std": 76.72467844214978,
  "population_density_km2": 4233.521486244416,
  "closest_population_distance": 17.218774866202658,
  "average_population_distance": 295.7755149675334,
  "farthest_population_distance": 486.69272321016905,
  "population_within_100m": 111,
  "density_within_100m": 3533.2397366400764,
  "population_within_250m": 1167,
  "density_within_250m": 5943.4821948237395,
  "population_within_500m": 3325,
  "density_within_500m": 4233.521486244416,
  "population_gini": 0.5043233082706766,
  "population_entropy": 3.253921793663983,
  "population_center_distance": 199.08392382533535,
  "populated_cells_count": 40,
  "empty_cells_ratio": 0.0,
  "polygon_weighted_population": 195.18828407947694,
  "polygon_coverage_area": 9.344291488228408e-06
}