{
  "total_population": 544,
  "average_population_per_cell": 90.66666666666667,
  "max_population_cell": 293,
  "min_population_cell": 2,
  "population_std": 109.45440451012772,
  "population_density_km2": 692.6423123359285,
  "closest_population_distance": 229.1891800146273,
  "average_population_distance": 390.4552395412309,
  "farthest_population_distance": 437.08189908310504,
  "population_within_100m": 0,
  "density_within_100m": 0.0,
  "population_within_250m": 56,
  "density_within_250m": 285.2056580206765,
  "population_within_500m": 544,
  "density_within_500m": 692.6423123359285,
  "population_gini": 0.5600490196078431,
  "population_entropy": 1.2184858104934189,
  "population_center_distance": 70.37672038662475,
  "populated_cells_count": 6,
  "empty_cells_ratio": 0.0,
  "polygon_weighted_population": 109.66938836939698,
  "polygon_coverage_area": 9.450234529715265e-07
}