{
  "total_population": 4629,
  "average_population_per_cell": 107.65116279069767,
  "max_population_cell": 239,
  "min_population_cell": 1,
  "population_std": 78.84912770026004,
  "population_density_km2": 5893.825852579068,
  "closest_population_distance": 57.86490360905013,
  "average_population_distance": 256.4989581256749,
  "farthest_population_distance": 453.96961370722045,
  "population_within_100m": 322,
  "density_within_100m": 10249.57833511806,
  "population_within_250m": 2231,
  "density_within_250m": 11362.389697216593,
  "population_within_500m": 4629,
  "density_within_500m": 5893.825852579068,
  "population_gini": 0.41501755866704854,
  "population_entropy": 3.4343809594630423,
  "population_center_distance": 162.9652601310715,
  "populated_cells_count": 43,
  "empty_cells_ratio": 0.0,
  "polygon_weighted_population": 82.14188810410937,
  "polygon_coverage_area": 8.128615184258563e-06
}