{
  "total_population": 2579,
  "average_population_per_cell": 83.19354838709677,
  "max_population_cell": 212,
  "min_population_cell": 1,
  "population_std": 61.319610433008414,
  "population_density_km2": 3283.684785871985,
  "closest_population_distance": 90.66713283469224,
  "average_population_distance": 308.96182321117965,
  "farthest_population_distance": 461.8856321557559,
  "population_within_100m": 105,
  "density_within_100m": 3342.253804929802,
  "population_within_250m": 690,
  "density_within_250m": 3514.141143469049,
  "population_within_500m": 2579,
  "density_within_500m": 3283.684785871985,
  "population_gini": 0.41411399767351686,
  "population_entropy": 3.133608349098774,
  "population_center_distance": 236.23895752157543,
  "populated_cells_count": 31,
  "empty_cells_ratio": 0.0,
  "polygon_weighted_population": 71.0,
  "polygon_coverage_area": 3.2400000000040826e-06
}