{
  "total_population": 3443,
  "average_population_per_cell": 80.06976744186046,
  "max_population_cell": 223,
  "min_population_cell": 3,
  "population_std": 47.63771782388866,
  "population_density_km2": 4383.763752523166,
  "closest_population_distance": 35.937612477405494,
  "average_population_distance": 264.8217320797426,
  "farthest_population_distance": 424.84034597833397,
  "population_within_100m": 174,
  "density_within_100m": 5538.592019597957,
  "population_within_250m": 1327,
  "density_within_250m": 6758.355503454244,
  "population_within_500m": 3443,
  "density_within_500m": 4383.763752523166,
  "population_gini": 0.3284993481887753,
  "population_entropy": 3.5630381511325773,
  "population_center_distance": 172.97071810102517,
  "populated_cells_count": 43,
  "empty_cells_ratio": 0.0
}