{
  "total_population": 3320,
  "average_population_per_cell": 65.09803921568627,
  "max_population_cell": 374,
  "min_population_cell": 2,
  "population_std": 66.48375888950949,
  "population_density_km2": 4227.15528852074,
  "closest_population_distance": 76.03854586118885,
  "average_population_distance": 303.72988770992265,
  "farthest_population_distance": 476.00981825410287,
  "population_within_100m": 109,
  "density_within_100m": 3469.577759403318,
  "population_within_250m": 979,
  "density_within_250m": 4986.006057182897,
  "population_within_500m": 3320,
  "density_within_500m": 4227.15528852074,
  "population_gini": 0.4720647295062603,
  "population_entropy": 3.544454050842755,
  "population_center_distance": 76.85504556570812,
  "populated_cells_count": 51,
  "empty_cells_ratio": 0.0,
  "polygon_weighted_population": 97.21244959220198,
  "polygon_coverage_area": 3.255644015429884e-06
}