{
  "total_population": 1955,
  "average_population_per_cell": 48.875,
  "max_population_cell": 248,
  "min_population_cell": 1,
  "population_std": 53.836022398504774,
  "population_density_km2": 2489.183309957243,
  "closest_population_distance": 66.46855433072056,
  "average_population_distance": 273.1505129143434,
  "farthest_population_distance": 490.94783904825493,
  "population_within_100m": 243,
  "density_within_100m": 7734.930234266113,
  "population_within_250m": 783,
  "density_within_250m": 3987.7862541105296,
  "population_within_500m": 1955,
  "density_within_500m": 2489.183309957243,
  "population_gini": 0.5587084398976983,
  "population_entropy": 3.140625203271562,
  "population_center_distance": 78.93581501091941,
  "populated_cells_count": 40,
  "empty_cells_ratio": 0.0,
  "polygon_weighted_population": 3.8204636596454833,
  "polygon_coverage_area": 2.4756604514533927e-06
}