{
  "total_population": 2392,
  "average_population_per_cell": 58.34146341463415,
  "max_population_cell": 141,
  "min_population_cell": 2,
  "population_std": 35.87729766586216,
  "population_density_km2": 3045.5889910065093,
  "closest_population_distance": 62.98513469641368,
  "average_population_distance": 222.5684584096374,
  "farthest_population_distance": 419.7734444091787,
  "population_within_100m": 462,
  "density_within_100m": 14705.916741691128,
  "population_within_250m": 1470,
  "density_within_250m": 7486.648523042757,
  "population_within_500m": 2392,
  "density_within_500m": 3045.5889910065093,
  "population_gini": 0.3431764417978628,
  "population_entropy": 3.521139861674831,
  "population_center_distance": 61.89040542905473,
  "populated_cells_count": 41,
  "empty_cells_ratio": 0.0,
  "polygon_weighted_population": 114.21449501822329,
  "polygon_coverage_area": 3.4716546196871305e-06
}