{
  "total_population": 2110,
  "average_population_per_cell": 47.95454545454545,
  "max_population_cell": 167,
  "min_population_cell": 1,
  "population_std": 39.979037847732705,
  "population_density_km2": 2686.5354393911934,
  "closest_population_distance": 38.19850311055686,
  "average_population_distance": 266.99319512942714,
  "farthest_population_distance": 461.01981066265455,
  "population_within_100m": 48,
  "density_within_100m": 1527.8874536821952,
  "population_within_250m": 935,
  "density_within_250m": 4761.915897309508,
  "population_within_500m": 2110,
  "density_within_500m": 2686.5354393911934,
  "population_gini": 0.4479103834554072,
  "population_entropy": 3.4415320884981555,
  "population_center_distance": 48.46226460030571,
  "populated_cells_count": 44,
  "empty_cells_ratio": 0.0,
  "polygon_weighted_population": 167.0,
  "polygon_coverage_area": 3.2400000000040826e-06
}