{
  "total_population": 4661,
  "average_population_per_cell": 110.97619047619048,
  "max_population_cell": 238,
  "min_population_cell": 2,
  "population_std": 58.459278341063666,
  "population_density_km2": 5934.569518010593,
  "closest_population_distance": 44.347411086097274,
  "average_population_distance": 248.72711911238494,
  "farthest_population_distance": 452.06561873150224,
  "population_within_100m": 146,
  "density_within_100m": 4647.324338283343,
  "population_within_250m": 2276,
  "density_within_250m": 11591.57281526892,
  "population_within_500m": 4661,
  "density_within_500m": 5934.569518010593,
  "population_gini": 0.29560895372952867,
  "population_entropy": 3.5741536811354004,
  "population_center_distance": 151.64760883763765,
  "populated_cells_count": 42,
  "empty_cells_ratio": 0.0,
  "polygon_weighted_population": 75.0,
  "polygon_coverage_area": 3.2400000000040826e-06
}