{
  "total_population": 7000,
  "average_population_per_cell": 152.17391304347825,
  "max_population_cell": 295,
  "min_population_cell": 16,
  "population_std": 56.68835049748409,
  "population_density_km2": 8912.67681314614,
  "closest_population_distance": 23.381014430257025,
  "average_population_distance": 289.0673069777677,
  "farthest_population_distance": 481.9351698868873,
  "population_within_100m": 380,
  "density_within_100m": 12095.775674984045,
  "population_within_250m": 2514,
  "density_within_250m": 12803.696861856797,
  "population_within_500m": 7000,
  "density_within_500m": 8912.67681314614,
  "population_gini": 0.20486335403726702,
  "population_entropy": 3.752152557631461,
  "population_center_distance": 83.13865221209716,
  "populated_cells_count": 46,
  "empty_cells_ratio": 0.0
}