{
  "total_population": 3647,
  "average_population_per_cell": 77.59574468085107,
  "max_population_cell": 248,
  "min_population_cell": 2,
  "population_std": 54.98523895772158,
  "population_density_km2": 4643.5046196491385,
  "closest_population_distance": 29.910005621157662,
  "average_population_distance": 278.7031988177515,
  "farthest_population_distance": 489.225604697695,
  "population_within_100m": 92,
  "density_within_100m": 2928.450952890874,
  "population_within_250m": 1460,
  "density_within_250m": 7435.718941253351,
  "population_within_500m": 3647,
  "density_within_500m": 4643.5046196491385,
  "population_gini": 0.38220863548588463,
  "population_entropy": 3.608894352712741,
  "population_center_distance": 48.135093708716916,
  "populated_cells_count": 47,
  "empty_cells_ratio": 0.0,
  "polygon_weighted_population": 72.92594231080044,
  "polygon_coverage_area": 3.615006635878915e-06
}