{
  "total_population": 2959,
  "average_population_per_cell": 128.65217391304347,
  "max_population_cell": 2123,
  "min_population_cell": 1,
  "population_std": 437.3261325887801,
  "population_density_km2": 3767.5158128713465,
  "closest_population_distance": 149.2157012991212,
  "average_population_distance": 377.15541160309533,
  "farthest_population_distance": 491.20253525750695,
  "population_within_100m": 0,
  "density_within_100m": 0.0,
  "population_within_250m": 60,
  "density_within_250m": 305.5774907364391,
  "population_within_500m": 2959,
  "density_within_500m": 3767.5158128713465,
  "population_gini": 0.8400311503592576,
  "population_entropy": 1.282273348487443,
  "population_center_distance": 181.96759365758416,
  "populated_cells_count": 23,
  "empty_cells_ratio": 0.0
}