{
  "total_population": 568,
  "average_population_per_cell": 31.555555555555557,
  "max_population_cell": 105,
  "min_population_cell": 1,
  "population_std": 26.848643787026084,
  "population_density_km2": 723.2000614095724,
  "closest_population_distance": 146.0604587579109,
  "average_population_distance": 282.18733733995055,
  "farthest_population_distance": 446.87733761993013,
  "population_within_100m": 0,
  "density_within_100m": 0.0,
  "population_within_250m": 243,
  "density_within_250m": 1237.5888374825781,
  "population_within_500m": 568,
  "density_within_500m": 723.2000614095724,
  "population_gini": 0.40492957746478875,
  "population_entropy": 2.598834394107713,
  "population_center_distance": 142.1282727852289,
  "populated_cells_count": 18,
  "empty_cells_ratio": 0.0,
  "polygon_weighted_population": 9.88897481157996,
  "polygon_coverage_area": 2.4646367991968804e-06
}