{
  "total_population": 5640,
  "average_population_per_cell": 125.33333333333333,
  "max_population_cell": 295,
  "min_population_cell": 2,
  "population_std": 68.59233988507091,
  "population_density_km2": 7181.071032306318,
  "closest_population_distance": 29.347472263931976,
  "average_population_distance": 259.80893406495545,
  "farthest_population_distance": 453.82842420867996,
  "population_within_100m": 384,
  "density_within_100m": 12223.099629457562,
  "population_within_250m": 2671,
  "density_within_250m": 13603.29129595048,
  "population_within_500m": 5640,
  "density_within_500m": 7181.071032306318,
  "population_gini": 0.30471237194641454,
  "population_entropy": 3.627627505457235,
  "population_center_distance": 80.52067062199127,
  "populated_cells_count": 45,
  "empty_cells_ratio": 0.0,
  "polygon_weighted_population": 108.54200206686227,
  "polygon_coverage_area": 3.0618360897681577e-06
}