{
  "total_population": 25,
  "average_population_per_cell": 6.25,
  "max_population_cell": 9,
  "min_population_cell": 3,
  "population_std": 2.5,
  "population_density_km2": 31.830988618379067,
  "closest_population_distance": 81.60871925139669,
  "average_population_distance": 152.22332581546138,
  "farthest_population_distance": 267.32029108890237,
  "population_within_100m": 7,
  "density_within_100m": 222.81692032865345,
  "population_within_250m": 22,
  "density_within_250m": 112.04507993669432,
  "population_within_500m": 25,
  "density_within_500m": 31.830988618379067,
  "population_gini": 0.18999999999999995,
  "population_entropy": 1.3211643876367676,
  "population_center_distance": 65.44007839742972,
  "populated_cells_count": 4,
  "empty_cells_ratio": 0.0,
  "polygon_weighted_population": 0.25985699238904836,
  "polygon_coverage_area": 3.00691662621992e-08
}