{
  "total_population": 2076,
  "average_population_per_cell": 54.63157894736842,
  "max_population_cell": 232,
  "min_population_cell": 2,
  "population_std": 54.57572029839087,
  "population_density_km2": 2643.245294870198,
  "closest_population_distance": 97.71171259123885,
  "average_population_distance": 327.60321336354707,
  "farthest_population_distance": 478.4328085163296,
  "population_within_100m": 12,
  "density_within_100m": 381.9718634205488,
  "population_within_250m": 452,
  "density_within_250m": 2302.0170968811744,
  "population_within_500m": 2076,
  "density_within_500m": 2643.245294870198,
  "population_gini": 0.49391542439914815,
  "population_entropy": 3.227651107357704,
  "population_center_distance": 120.83130965646194,
  "populated_cells_count": 38,
  "empty_cells_ratio": 0.0,
  "polygon_weighted_population": 3.0790984965500354,
  "polygon_coverage_area": 1.2470348911049511e-06
}