{
  "total_population": 5621,
  "average_population_per_cell": 112.42,
  "max_population_cell": 439,
  "min_population_cell": 6,
  "population_std": 85.93426296315346,
  "population_density_km2": 7156.87948095635,
  "closest_population_distance": 49.12302427537217,
  "average_population_distance": 273.9215141665227,
  "farthest_population_distance": 467.692411069655,
  "population_within_100m": 261,
  "density_within_100m": 8307.888029396936,
  "population_within_250m": 2324,
  "density_within_250m": 11836.034807858074,
  "population_within_500m": 5621,
  "density_within_500m": 7156.87948095635,
  "population_gini": 0.4090553282334104,
  "population_entropy": 3.628229852628209,
  "population_center_distance": 77.47336495440402,
  "populated_cells_count": 50,
  "empty_cells_ratio": 0.0,
  "polygon_weighted_population": 598.0356783262405,
  "polygon_coverage_area": 1.0487122368179017e-05
}