{
  "total_population": 1055,
  "average_population_per_cell": 31.96969696969697,
  "max_population_cell": 108,
  "min_population_cell": 1,
  "population_std": 25.941622983736064,
  "population_density_km2": 1343.2677196955967,
  "closest_population_distance": 36.01373310624608,
  "average_population_distance": 307.23794323413136,
  "farthest_population_distance": 433.93033063069635,
  "population_within_100m": 24,
  "density_within_100m": 763.9437268410976,
  "population_within_250m": 271,
  "density_within_250m": 1380.1916664929165,
  "population_within_500m": 1055,
  "density_within_500m": 1343.2677196955967,
  "population_gini": 0.43366365072526214,
  "population_entropy": 3.1816679750550425,
  "population_center_distance": 98.93855488792737,
  "populated_cells_count": 33,
  "empty_cells_ratio": 0.0,
  "polygon_weighted_population": 14.490166757866424,
  "polygon_coverage_area": 2.1745279232654316e-06
}