{
  "total_population": 3514,
  "average_population_per_cell": 106.48484848484848,
  "max_population_cell": 461,
  "min_population_cell": 2,
  "population_std": 95.99515652238698,
  "population_density_km2": 4474.163760199362,
  "closest_population_distance": 28.249686203785085,
  "average_population_distance": 251.28497082478916,
  "farthest_population_distance": 466.84191269135204,
  "population_within_100m": 394,
  "density_within_100m": 12541.409515641351,
  "population_within_250m": 1613,
  "density_within_250m": 8214.94154263127,
  "population_within_500m": 3514,
  "density_within_500m": 4474.163760199362,
  "population_gini": 0.45256204618754414,
  "population_entropy": 3.1318433287586083,
  "population_center_distance": 150.11233020789882,
  "populated_cells_count": 33,
  "empty_cells_ratio": 0.0,
  "polygon_weighted_population": 136.95215423089587,
  "polygon_coverage_area": 6.065311231764058e-06
}