{
  "total_population": 5735,
  "average_population_per_cell": 112.45098039215686,
  "max_population_cell": 283,
  "min_population_cell": 8,
  "population_std": 70.35092429399636,
  "population_density_km2": 7302.0287890561585,
  "closest_population_distance": 33.784893641823494,
  "average_population_distance": 253.56599067769008,
  "farthest_population_distance": 467.23254047198094,
  "population_within_100m": 616,
  "density_within_100m": 19607.888988921506,
  "population_within_250m": 2793,
  "density_within_250m": 14224.632193781237,
  "population_within_500m": 5735,
  "density_within_500m": 7302.0287890561585,
  "population_gini": 0.3485717216267501,
  "population_entropy": 3.7350261480495397,
  "population_center_distance": 5.288968535388289,
  "populated_cells_count": 51,
  "empty_cells_ratio": 0.0,
  "polygon_weighted_population": 309.72564181097215,
  "polygon_coverage_area": 8.981922241219742e-06
}