{
  "total_population": 7269,
  "average_population_per_cell": 151.4375,
  "max_population_cell": 386,
  "min_population_cell": 6,
  "population_std": 87.1474432310101,
  "population_density_km2": 9255.178250679897,
  "closest_population_distance": 79.74157243131351,
  "average_population_distance": 297.38980643754917,
  "farthest_population_distance": 492.6939179236444,
  "population_within_100m": 136,
  "density_within_100m": 4329.014452099553,
  "population_within_250m": 1939,
  "density_within_250m": 9875.245908965922,
  "population_within_500m": 7269,
  "density_within_500m": 9255.178250679897,
  "population_gini": 0.3207771587105059,
  "population_entropy": 3.705364193268265,
  "population_center_distance": 114.73320501595266,
  "populated_cells_count": 48,
  "empty_cells_ratio": 0.0,
  "polygon_weighted_population": 236.81531632200756,
  "polygon_coverage_area": 6.217924079046513e-06
}