{
  "total_population": 1785,
  "average_population_per_cell": 41.51162790697674,
  "max_population_cell": 116,
  "min_population_cell": 2,
  "population_std": 29.55331912148525,
  "population_density_km2": 2272.7325873522655,
  "closest_population_distance": 51.56014551796183,
  "average_population_distance": 242.6467253218674,
  "farthest_population_distance": 413.1416547952719,
  "population_within_100m": 39,
  "density_within_100m": 1241.4085561167835,
  "population_within_250m": 988,
  "density_within_250m": 5031.842680793363,
  "population_within_500m": 1785,
  "density_within_500m": 2272.7325873522655,
  "population_gini": 0.39770698977265323,
  "population_entropy": 3.4816107883896565,
  "population_center_distance": 76.21892663671952,
  "populated_cells_count": 43,
  "empty_cells_ratio": 0.0,
  "polygon_weighted_population": 85.2657778540626,
  "polygon_coverage_area": 6.652224049440951e-06
}