{
  "total_population": 4235,
  "average_population_per_cell": 111.44736842105263,
  "max_population_cell": 333,
  "min_population_cell": 7,
  "population_std": 76.16755972886217,
  "population_density_km2": 5392.169471953414,
  "closest_population_distance": 86.38720288182301,
  "average_population_distance": 312.89943909439535,
  "farthest_population_distance": 495.8397431856871,
  "population_within_100m": 121,
  "density_within_100m": 3851.549622823867,
  "population_within_250m": 949,
  "density_within_250m": 4833.2173118146775,
  "population_within_500m": 4235,
  "density_within_500m": 5392.169471953414,
  "population_gini": 0.3719318958553408,
  "population_entropy": 3.4052195491782005,
  "population_center_distance": 72.76745446374571,
  "populated_cells_count": 38,
  "empty_cells_ratio": 0.0,
  "polygon_weighted_population": 74.03557839347943,
  "polygon_coverage_area": 1.8929935952868122e-06
}