{
  "total_population": 5638,
  "average_population_per_cell": 134.23809523809524,
  "max_population_cell": 327,
  "min_population_cell": 2,
  "population_std": 81.52294590162032,
  "population_density_km2": 7178.524553216847,
  "closest_population_distance": 6.759060271072889,
  "average_population_distance": 261.783110682853,
  "farthest_population_distance": 436.24215790334557,
  "population_within_100m": 449,
  "density_within_100m": 14292.1138896522,
  "population_within_250m": 2676,
  "density_within_250m": 13628.756086845182,
  "population_within_500m": 5638,
  "density_within_500m": 7178.524553216847,
  "population_gini": 0.3353350563354111,
  "population_entropy": 3.5232028746354653,
  "population_center_distance": 139.6965433703379,
  "populated_cells_count": 42,
  "empty_cells_ratio": 0.0,
  "polygon_weighted_population": 127.0,
  "polygon_coverage_area": 6.480000000008165e-06
}