{
  "total_population": 2277,
  "average_population_per_cell": 99.0,
  "max_population_cell": 239,
  "min_population_cell": 7,
  "population_std": 67.91639245157508,
  "population_density_km2": 2899.166443361966,
  "closest_population_distance": 42.812389203950744,
  "average_population_distance": 320.29169676871805,
  "farthest_population_distance": 469.89186381774766,
  "population_within_100m": 28,
  "density_within_100m": 891.2676813146138,
  "population_within_250m": 477,
  "density_within_250m": 2429.3410513546905,
  "population_within_500m": 2277,
  "density_within_500m": 2899.166443361966,
  "population_gini": 0.3819671192071948,
  "population_entropy": 2.8841706448499678,
  "population_center_distance": 236.16766016330635,
  "populated_cells_count": 23,
  "empty_cells_ratio": 0.0,
  "polygon_weighted_population": 75.70834162587315,
  "polygon_coverage_area": 4.93500298532055e-06
}