{
  "total_population": 2808,
  "average_population_per_cell": 59.744680851063826,
  "max_population_cell": 203,
  "min_population_cell": 4,
  "population_std": 42.16451634351906,
  "population_density_km2": 3575.2566416163368,
  "closest_population_distance": 25.69603616421973,
  "average_population_distance": 267.40481520351386,
  "farthest_population_distance": 476.62616757015223,
  "population_within_100m": 152,
  "density_within_100m": 4838.310269993618,
  "population_within_250m": 980,
  "density_within_250m": 4991.099015361838,
  "population_within_500m": 2808,
  "density_within_500m": 3575.2566416163368,
  "population_gini": 0.3812208280293387,
  "population_entropy": 3.610346468107957,
  "population_center_distance": 88.72693471125768,
  "populated_cells_count": 47,
  "empty_cells_ratio": 0.0,
  "polygon_weighted_population": 46.023058038790694,
  "polygon_coverage_area": 4.761844103198195e-06
}