{
  "total_population": 1897,
  "average_population_per_cell": 47.425,
  "max_population_cell": 256,
  "min_population_cell": 1,
  "population_std": 58.30727073455608,
  "population_density_km2": 2415.3354163626036,
  "closest_population_distance": 15.884580140483001,
  "average_population_distance": 247.94112694843884,
  "farthest_population_distance": 480.0301093630337,
  "population_within_100m": 340,
  "density_within_100m": 10822.536130248882,
  "population_within_250m": 897,
  "density_within_250m": 4568.383486509764,
  "population_within_500m": 1897,
  "density_within_500m": 2415.3354163626036,
  "population_gini": 0.58962836056932,
  "population_entropy": 3.0844814659414848,
  "population_center_distance": 138.7400015001887,
  "populated_cells_count": 40,
  "empty_cells_ratio": 0.0,
  "polygon_weighted_population": 187.14716736603793,
  "polygon_coverage_area": 6.6742256416766e-06
}