{
  "total_population": 3213,
  "average_population_per_cell": 68.36170212765957,
  "max_population_cell": 230,
  "min_population_cell": 2,
  "population_std": 46.547509872179496,
  "population_density_km2": 4090.9186572340777,
  "closest_population_distance": 42.887170032186155,
  "average_population_distance": 297.52231645361246,
  "farthest_population_distance": 461.53332316554724,
  "population_within_100m": 68,
  "density_within_100m": 2164.5072260497764,
  "population_within_250m": 965,
  "density_within_250m": 4914.704642677728,
  "population_within_500m": 3213,
  "density_within_500m": 4090.9186572340777,
  "population_gini": 0.3608478852533921,
  "population_entropy": 3.636361600221909,
  "population_center_distance": 58.53224277555349,
  "populated_cells_count": 47,
  "empty_cells_ratio": 0.0,
  "polygon_weighted_population": 182.49893604385517,
  "polygon_coverage_area": 1.2907921965527296e-05
}