{
  "total_population": 3953,
  "average_population_per_cell": 84.1063829787234,
  "max_population_cell": 199,
  "min_population_cell": 5,
  "population_std": 56.1090684922458,
  "population_density_km2": 5033.1159203380985,
  "closest_population_distance": 22.6928148098154,
  "average_population_distance": 267.45067432282724,
  "farthest_population_distance": 492.83134028428174,
  "population_within_100m": 304,
  "density_within_100m": 9676.620539987236,
  "population_within_250m": 1663,
  "density_within_250m": 8469.589451578302,
  "population_within_500m": 3953,
  "density_within_500m": 5033.1159203380985,
  "population_gini": 0.37534649148774696,
  "population_entropy": 3.6155011070637815,
  "population_center_distance": 94.39407364499837,
  "populated_cells_count": 47,
  "empty_cells_ratio": 0.0,
  "polygon_weighted_population": 12.653544681558898,
  "polygon_coverage_area": 3.1536526744848065e-06
}