{
  "total_population": 9396,
  "average_population_per_cell": 180.69230769230768,
  "max_population_cell": 393,
  "min_population_cell": 3,
  "population_std": 95.88382236148372,
  "population_density_km2": 11963.358762331589,
  "closest_population_distance": 55.14178639410089,
  "average_population_distance": 285.68324024439505,
  "farthest_population_distance": 487.5914106467792,
  "population_within_100m": 354,
  "density_within_100m": 11268.169970906189,
  "population_within_250m": 2969,
  "density_within_250m": 15120.992833274793,
  "population_within_500m": 9396,
  "density_within_500m": 11963.358762331589,
  "population_gini": 0.2969184923207911,
  "population_entropy": 3.80350777738456,
  "population_center_distance": 45.95002622253303,
  "populated_cells_count": 52,
  "empty_cells_ratio": 0.0,
  "polygon_weighted_population": 141.15237232672922,
  "polygon_coverage_area": 3.7412778231085394e-06
}