{
  "total_population": 359,
  "average_population_per_cell": 25.642857142857142,
  "max_population_cell": 66,
  "min_population_cell": 4,
  "population_std": 15.935481180044752,
  "population_density_km2": 457.09299655992345,
  "closest_population_distance": 206.12038877797642,
  "average_population_distance": 361.3859235859728,
  "farthest_population_distance": 446.8005172520184,
  "population_within_100m": 0,
  "density_within_100m": 0.0,
  "population_within_250m": 14,
  "density_within_250m": 71.30141450516912,
  "population_within_500m": 359,
  "density_within_500m": 457.09299655992345,
  "population_gini": 0.3193394349383208,
  "population_entropy": 2.46460219522908,
  "population_center_distance": 117.64405317297842,
  "populated_cells_count": 14,
  "empty_cells_ratio": 0.0,
  "polygon_weighted_population": 1.3299357043134816,
  "polygon_coverage_area": 1.7235966727915935e-07
}