{
  "total_population": 3004,
  "average_population_per_cell": 103.58620689655173,
  "max_population_cell": 239,
  "min_population_cell": 1,
  "population_std": 73.24299929558323,
  "population_density_km2": 3824.811592384429,
  "closest_population_distance": 75.3900104092696,
  "average_population_distance": 215.0961985127159,
  "farthest_population_distance": 408.3071069253093,
  "population_within_100m": 191,
  "density_within_100m": 6079.718826110401,
  "population_within_250m": 1875,
  "density_within_250m": 9549.29658551372,
  "population_within_500m": 3004,
  "density_within_500m": 3824.811592384429,
  "population_gini": 0.39593186096698657,
  "population_entropy": 3.0804786821659014,
  "population_center_distance": 190.31670815479734,
  "populated_cells_count": 29,
  "empty_cells_ratio": 0.0,
  "polygon_weighted_population": 193.3254908175116,
  "polygon_coverage_area": 5.953520387811829e-06
}