{
  "total_population": 1136,
  "average_population_per_cell": 59.78947368421053,
  "max_population_cell": 210,
  "min_population_cell": 2,
  "population_std": 57.90660962788697,
  "population_density_km2": 1446.4001228191448,
  "closest_population_distance": 68.21035593022414,
  "average_population_distance": 317.5549173067371,
  "farthest_population_distance": 394.80523072643126,
  "population_within_100m": 6,
  "density_within_100m": 190.9859317102744,
  "population_within_250m": 186,
  "density_within_250m": 947.290221282961,
  "population_within_500m": 1136,
  "density_within_500m": 1446.4001228191448,
  "population_gini": 0.5018532246108228,
  "population_entropy": 2.5200827073908485,
  "population_center_distance": 298.85775519022826,
  "populated_cells_count": 19,
  "empty_cells_ratio": 0.0,
  "polygon_weighted_population": 2.0003715700900417,
  "polygon_coverage_area": 3.2400130857333406e-06
}