{
  "total_population": 5798,
  "average_population_per_cell": 115.96,
  "max_population_cell": 413,
  "min_population_cell": 2,
  "population_std": 103.66802588955157,
  "population_density_km2": 7382.242880374473,
  "closest_population_distance": 2.7761917680008663,
  "average_population_distance": 289.83068313584323,
  "farthest_population_distance": 484.23216101760096,
  "population_within_100m": 167,
  "density_within_100m": 5315.775099269304,
  "population_within_250m": 2328,
  "density_within_250m": 11856.406640573836,
  "population_within_500m": 5798,
  "density_within_500m": 7382.242880374473,
  "population_gini": 0.46393239047947565,
  "population_entropy": 3.5519765627245103,
  "population_center_distance": 45.185248213670185,
  "populated_cells_count": 50,
  "empty_cells_ratio": 0.0,
  "polygon_weighted_population": 685.9289931092178,
  "polygon_coverage_area": 1.4749542196579913e-05
}