{
  "total_population": 1951,
  "average_population_per_cell": 40.645833333333336,
  "max_population_cell": 100,
  "min_population_cell": 2,
  "population_std": 25.28601462194058,
  "population_density_km2": 2484.0903517783026,
  "closest_population_distance": 66.98674989684876,
  "average_population_distance": 261.40928693025796,
  "farthest_population_distance": 484.2453905499133,
  "population_within_100m": 145,
  "density_within_100m": 4615.493349664965,
  "population_within_250m": 878,
  "density_within_250m": 4471.617281109891,
  "population_within_500m": 1951,
  "density_within_500m": 2484.0903517783026,
  "population_gini": 0.34229241414659145,
  "population_entropy": 3.6701147925976305,
  "population_center_distance": 80.93044144272143,
  "populated_cells_count": 48,
  "empty_cells_ratio": 0.0,
  "polygon_weighted_population": 0.23092043171624785,
  "polygon_coverage_area": 7.481821987615857e-07
}