{
  "total_population": 6559,
  "average_population_per_cell": 123.75471698113208,
  "max_population_cell": 235,
  "min_population_cell": 8,
  "population_std": 62.66329610900853,
  "population_density_km2": 8351.178173917933,
  "closest_population_distance": 37.9913167101705,
  "average_population_distance": 280.9073459606532,
  "farthest_population_distance": 470.5173547219651,
  "population_within_100m": 271,
  "density_within_100m": 8626.197915580728,
  "population_within_250m": 2401,
  "density_within_250m": 12228.192587636502,
  "population_within_500m": 6559,
  "density_within_500m": 8351.178173917933,
  "population_gini": 0.28725041495626064,
  "population_entropy": 3.8215056446641897,
  "population_center_distance": 59.168663091966685,
  "populated_cells_count": 53,
  "empty_cells_ratio": 0.0,
  "polygon_weighted_population": 152.0,
  "polygon_coverage_area": 3.2400000000040826e-06
}