{
  "total_population": 6161,
  "average_population_per_cell": 157.97435897435898,
  "max_population_cell": 313,
  "min_population_cell": 3,
  "population_std": 93.63492577684977,
  "population_density_km2": 7844.428835113337,
  "closest_population_distance": 55.04135810123174,
  "average_population_distance": 273.50501597313877,
  "farthest_population_distance": 459.36938276252386,
  "population_within_100m": 183,
  "density_within_100m": 5825.070917163369,
  "population_within_250m": 2383,
  "density_within_250m": 12136.51934041557,
  "population_within_500m": 6161,
  "density_within_500m": 7844.428835113337,
  "population_gini": 0.33657539776676276,
  "population_entropy": 3.4638944298639043,
  "population_center_distance": 58.60533395427118,
  "populated_cells_count": 39,
  "empty_cells_ratio": 0.0,
  "polygon_weighted_population": 8.0,
  "polygon_coverage_area": 3.2400000000040826e-06
}