{
  "total_population": 3467,
  "average_population_per_cell": 88.8974358974359,
  "max_population_cell": 269,
  "min_population_cell": 5,
  "population_std": 63.42164451709181,
  "population_density_km2": 4414.321501596809,
  "closest_population_distance": 51.81616102644434,
  "average_population_distance": 295.83053480974087,
  "farthest_population_distance": 430.56802846603154,
  "population_within_100m": 193,
  "density_within_100m": 6143.38080334716,
  "population_within_250m": 914,
  "density_within_250m": 4654.963775551755,
  "population_within_500m": 3467,
  "density_within_500m": 4414.321501596809,
  "population_gini": 0.3870189996524003,
  "population_entropy": 3.4164227078026417,
  "population_center_distance": 47.51645460420265,
  "populated_cells_count": 39,
  "empty_cells_ratio": 0.0,
  "polygon_weighted_population": 11.133077245588865,
  "polygon_coverage_area": 6.80588118410441e-07
}