{
  "total_population": 3512,
  "average_population_per_cell": 78.04444444444445,
  "max_population_cell": 180,
  "min_population_cell": 1,
  "population_std": 57.12942067858475,
  "population_density_km2": 4471.617281109891,
  "closest_population_distance": 40.59475102775141,
  "average_population_distance": 276.43449865682146,
  "farthest_population_distance": 486.3158217189814,
  "population_within_100m": 277,
  "density_within_100m": 8817.183847291,
  "population_within_250m": 1480,
  "density_within_250m": 7537.578104832163,
  "population_within_500m": 3512,
  "density_within_500m": 4471.617281109891,
  "population_gini": 0.4103518096684384,
  "population_entropy": 3.522140885568144,
  "population_center_distance": 134.9521192064728,
  "populated_cells_count": 45,
  "empty_cells_ratio": 0.0,
  "polygon_weighted_population": 106.39357383079448,
  "polygon_coverage_area": 3.6582831167939235e-06
}