{
  "total_population": 482,
  "average_population_per_cell": 21.90909090909091,
  "max_population_cell": 55,
  "min_population_cell": 4,
  "population_std": 14.487791546543727,
  "population_density_km2": 613.7014605623484,
  "closest_population_distance": 77.2795619331505,
  "average_population_distance": 247.2656231624752,
  "farthest_population_distance": 478.63377739377495,
  "population_within_100m": 35,
  "density_within_100m": 1114.0846016432672,
  "population_within_250m": 248,
  "density_within_250m": 1263.0536283772815,
  "population_within_500m": 482,
  "density_within_500m": 613.7014605623484,
  "population_gini": 0.35703508110147114,
  "population_entropy": 2.8875082241172425,
  "population_center_distance": 89.95555182681824,
  "populated_cells_count": 22,
  "empty_cells_ratio": 0.0,
  "polygon_weighted_population": 11.009529405709866,
  "polygon_coverage_area": 2.2294297046590572e-06
}