{
  "total_population": 3328,
  "average_population_per_cell": 65.25490196078431,
  "max_population_cell": 221,
  "min_population_cell": 4,
  "population_std": 56.13549434618169,
  "population_density_km2": 4237.341204878621,
  "closest_population_distance": 32.13037685378475,
  "average_population_distance": 258.92145622207323,
  "farthest_population_distance": 472.29328895076475,
  "population_within_100m": 665,
  "density_within_100m": 21167.607431222077,
  "population_within_250m": 1504,
  "density_within_250m": 7659.809101126739,
  "population_within_500m": 3328,
  "density_within_500m": 4237.341204878621,
  "population_gini": 0.44092901583710403,
  "population_entropy": 3.6127974768758344,
  "population_center_distance": 68.09829069414523,
  "populated_cells_count": 51,
  "empty_cells_ratio": 0.0,
  "polygon_weighted_population": 376.7861310139467,
  "polygon_coverage_area": 1.328911694919704e-05
}