{
  "total_population": 2413,
  "average_population_per_cell": 58.853658536585364,
  "max_population_cell": 879,
  "min_population_cell": 1,
  "population_std": 140.38421581068323,
  "population_density_km2": 3072.3270214459476,
  "closest_population_distance": 41.738354915373584,
  "average_population_distance": 333.9478241952699,
  "farthest_population_distance": 472.29561290714946,
  "population_within_100m": 10,
  "density_within_100m": 318.30988618379064,
  "population_within_250m": 153,
  "density_within_250m": 779.2226013779195,
  "population_within_500m": 2413,
  "density_within_500m": 3072.3270214459476,
  "population_gini": 0.7330617690760414,
  "population_entropy": 2.551502463682656,
  "population_center_distance": 51.6009341843378,
  "populated_cells_count": 41,
  "empty_cells_ratio": 0.0,
  "polygon_weighted_population": 94.78438782523206,
  "polygon_coverage_area": 3.198973089105613e-06
}