{
  "total_population": 2100,
  "average_population_per_cell": 48.83720930232558,
  "max_population_cell": 180,
  "min_population_cell": 1,
  "population_std": 55.51530472485263,
  "population_density_km2": 2673.8030439438417,
  "closest_population_distance": 25.34652184029384,
  "average_population_distance": 320.45653131687925,
  "farthest_population_distance": 471.7288570681058,
  "population_within_100m": 29,
  "density_within_100m": 923.098669932993,
  "population_within_250m": 660,
  "density_within_250m": 3361.3523981008298,
  "population_within_500m": 2100,
  "density_within_500m": 2673.8030439438417,
  "population_gini": 0.5856478405315614,
  "population_entropy": 3.1681741726839365,
  "population_center_distance": 130.19775225203648,
  "populated_cells_count": 43,
  "empty_cells_ratio": 0.0,
  "polygon_weighted_population": 111.77311756549625,
  "polygon_coverage_area": 3.793665039939487e-06
}