{
  "total_population": 6695,
  "average_population_per_cell": 131.27450980392157,
  "max_population_cell": 439,
  "min_population_cell": 10,
  "population_std": 75.8158501716818,
  "population_density_km2": 8524.338752001915,
  "closest_population_distance": 32.16878217506578,
  "average_population_distance": 267.9492469002956,
  "farthest_population_distance": 469.7445046475235,
  "population_within_100m": 479,
  "density_within_100m": 15247.043548203572,
  "population_within_250m": 3009,
  "density_within_250m": 15324.711160432418,
  "population_within_500m": 6695,
  "density_within_500m": 8524.338752001915,
  "population_gini": 0.3062455153831511,
  "population_entropy": 3.773338944371666,
  "population_center_distance": 47.83573495136149,
  "populated_cells_count": 51,
  "empty_cells_ratio": 0.0,
  "polygon_weighted_population": 983.5138982060101,
  "polygon_coverage_area": 1.2941241249878075e-05
}