{
  "total_population": 8414,
  "average_population_per_cell": 191.22727272727272,
  "max_population_cell": 393,
  "min_population_cell": 14,
  "population_std": 99.71934188449791,
  "population_density_km2": 10713.03752940166,
  "closest_population_distance": 39.280058829860714,
  "average_population_distance": 296.59116433845975,
  "farthest_population_distance": 465.88963666794683,
  "population_within_100m": 357,
  "density_within_100m": 11363.662936761326,
  "population_within_250m": 3419,
  "density_within_250m": 17412.824013798087,
  "population_within_500m": 8414,
  "density_within_500m": 10713.03752940166,
  "population_gini": 0.2950871923417681,
  "population_entropy": 3.6366887181267695,
  "population_center_distance": 68.93628023246326,
  "populated_cells_count": 44,
  "empty_cells_ratio": 0.0,
  "polygon_weighted_population": 46.81826246969996,
  "polygon_coverage_area": 1.8875323198216513e-06
}