{
  "total_population": 457,
  "average_population_per_cell": 32.642857142857146,
  "max_population_cell": 83,
  "min_population_cell": 2,
  "population_std": 27.42432144271589,
  "population_density_km2": 581.8704719439694,
  "closest_population_distance": 115.47591715554363,
  "average_population_distance": 312.26804249529835,
  "farthest_population_distance": 460.3051744060768,
  "population_within_100m": 0,
  "density_within_100m": 0.0,
  "population_within_250m": 126,
  "density_within_250m": 641.712730546522,
  "population_within_500m": 457,
  "density_within_500m": 581.8704719439694,
  "population_gini": 0.45404814004376376,
  "population_entropy": 2.279444900559336,
  "population_center_distance": 158.247918836759,
  "populated_cells_count": 14,
  "empty_cells_ratio": 0.0,
  "polygon_weighted_population": 40.25087765643329,
  "polygon_coverage_area": 4.590045136622353e-06
}