{
  "total_population": 2179,
  "average_population_per_cell": 49.52272727272727,
  "max_population_cell": 879,
  "min_population_cell": 1,
  "population_std": 134.8505613264677,
  "population_density_km2": 2774.3889679779195,
  "closest_population_distance": 68.1420945011474,
  "average_population_distance": 323.07061069275835,
  "farthest_population_distance": 449.60744526231554,
  "population_within_100m": 3,
  "density_within_100m": 95.4929658551372,
  "population_within_250m": 143,
  "density_within_250m": 728.2930195885131,
  "population_within_500m": 2179,
  "density_within_500m": 2774.3889679779195,
  "population_gini": 0.7559243189119279,
  "population_entropy": 2.4746516766833104,
  "population_center_distance": 44.02266915015553,
  "populated_cells_count": 44,
  "empty_cells_ratio": 0.0,
  "polygon_weighted_population": 4.998677175032487,
  "polygon_coverage_area": 3.239142809425133e-06
}