{
  "total_population": 375,
  "average_population_per_cell": 17.857142857142858,
  "max_population_cell": 72,
  "min_population_cell": 1,
  "population_std": 18.881964183542227,
  "population_density_km2": 477.46482927568604,
  "closest_population_distance": 27.234224934749815,
  "average_population_distance": 147.92236314230635,
  "farthest_population_distance": 396.40381327742375,
  "population_within_100m": 156,
  "density_within_100m": 4965.634224467134,
  "population_within_250m": 307,
  "density_within_250m": 1563.5381609347799,
  "population_within_500m": 375,
  "density_within_500m": 477.46482927568604,
  "population_gini": 0.4954920634920635,
  "population_entropy": 2.6162463248503647,
  "population_center_distance": 84.03818656199087,
  "populated_cells_count": 21,
  "empty_cells_ratio": 0.0,
  "polygon_weighted_population": 21.46617748921469,
  "polygon_coverage_area": 5.903471688359304e-06
}