{
  "total_population": 4214,
  "average_population_per_cell": 81.03846153846153,
  "max_population_cell": 175,
  "min_population_cell": 7,
  "population_std": 41.571559630783,
  "population_density_km2": 5365.431441513976,
  "closest_population_distance": 13.507841038829604,
  "average_population_distance": 271.65774082884485,
  "farthest_population_distance": 471.65056022138697,
  "population_within_100m": 453,
  "density_within_100m": 14419.437844125716,
  "population_within_250m": 1811,
  "density_within_250m": 9223.34726206152,
  "population_within_500m": 4214,
  "density_within_500m": 5365.431441513976,
  "population_gini": 0.2898853638056295,
  "population_entropy": 3.805667090828127,
  "population_center_distance": 31.776370523834178,
  "populated_cells_count": 52,
  "empty_cells_ratio": 0.0,
  "polygon_weighted_population": 203.03416382017053,
  "polygon_coverage_area": 8.680020462558536e-06
}