{
  "total_population": 7541,
  "average_population_per_cell": 160.4468085106383,
  "max_population_cell": 342,
  "min_population_cell": 3,
  "population_std": 92.77668572171574,
  "population_density_km2": 9601.499406847863,
  "closest_population_distance": 19.494054036335555,
  "average_population_distance": 274.5630496925317,
  "farthest_population_distance": 473.2657877006775,
  "population_within_100m": 552,
  "density_within_100m": 17570.705717345245,
  "population_within_250m": 2810,
  "density_within_250m": 14311.21248282323,
  "population_within_500m": 7541,
  "density_within_500m": 9601.499406847863,
  "population_gini": 0.32636904073335266,
  "population_entropy": 3.6735063058864434,
  "population_center_distance": 60.359543906128245,
  "populated_cells_count": 47,
  "empty_cells_ratio": 0.0,
  "polygon_weighted_population": 146.62803365625388,
  "polygon_coverage_area": 2.9145695033549763e-06
}