{
  "total_population": 5465,
  "average_population_per_cell": 109.3,
  "max_population_cell": 223,
  "min_population_cell": 21,
  "population_std": 54.59582476373677,
  "population_density_km2": 6958.254111977664,
  "closest_population_distance": 61.18648606121727,
  "average_population_distance": 256.65051636093585,
  "farthest_population_distance": 458.70929122738784,
  "population_within_100m": 200,
  "density_within_100m": 6366.197723675813,
  "population_within_250m": 2347,
  "density_within_250m": 11953.172845973708,
  "population_within_500m": 5465,
  "density_within_500m": 6958.254111977664,
  "population_gini": 0.2836047575480329,
  "population_entropy": 3.7795070265827078,
  "population_center_distance": 68.3181716914912,
  "populated_cells_count": 50,
  "empty_cells_ratio": 0.0,
  "polygon_weighted_population": 8.883438343945151,
  "polygon_coverage_area": 7.020082984004527e-07
}