{
  "total_population": 644,
  "average_population_per_cell": 22.20689655172414,
  "max_population_cell": 65,
  "min_population_cell": 1,
  "population_std": 18.08191541360125,
  "population_density_km2": 819.9662668094448,
  "closest_population_distance": 66.73422662851058,
  "average_population_distance": 217.0990061673469,
  "farthest_population_distance": 491.88330139318595,
  "population_within_100m": 163,
  "density_within_100m": 5188.4511447957875,
  "population_within_250m": 421,
  "density_within_250m": 2144.135393334014,
  "population_within_500m": 644,
  "density_within_500m": 819.9662668094448,
  "population_gini": 0.43446134075819226,
  "population_entropy": 3.05843267328761,
  "population_center_distance": 73.47260277880797,
  "populated_cells_count": 29,
  "empty_cells_ratio": 0.0
}