{
  "total_population": 3719,
  "average_population_per_cell": 70.16981132075472,
  "max_population_cell": 342,
  "min_population_cell": 1,
  "population_std": 55.9449371632008,
  "population_density_km2": 4735.17786687007,
  "closest_population_distance": 33.05860728310417,
  "average_population_distance": 296.3902303696914,
  "farthest_population_distance": 489.77609779359534,
  "population_within_100m": 174,
  "density_within_100m": 5538.592019597957,
  "population_within_250m": 1183,
  "density_within_250m": 6024.96952568679,
  "population_within_500m": 3719,
  "density_within_500m": 4735.17786687007,
  "population_gini": 0.37957048709584135,
  "population_entropy": 3.714135429652108,
  "population_center_distance": 90.68486512553062,
  "populated_cells_count": 53,
  "empty_cells_ratio": 0.0,
  "polygon_weighted_population": 114.0,
  "polygon_coverage_area": 3.240000000002484e-06
}