{
  "total_population": 1576,
  "average_population_per_cell": 47.75757575757576,
  "max_population_cell": 169,
  "min_population_cell": 1,
  "population_std": 50.56557024240302,
  "population_density_km2": 2006.6255225026164,
  "closest_population_distance": 22.699844754479727,
  "average_population_distance": 269.15106101553914,
  "farthest_population_distance": 467.95166725937906,
  "population_within_100m": 21,
  "density_within_100m": 668.4507609859604,
  "population_within_250m": 615,
  "density_within_250m": 3132.1692800485002,
  "population_within_500m": 1576,
  "density_within_500m": 2006.6255225026164,
  "population_gini": 0.5417628057221966,
  "population_entropy": 3.001898378700594,
  "population_center_distance": 152.64572010667754,
  "populated_cells_count": 33,
  "empty_cells_ratio": 0.0,
  "polygon_weighted_population": 6.678635310185033,
  "polygon_coverage_area": 2.704847300628347e-06
}