{
  "total_population": 2604,
  "average_population_per_cell": 53.142857142857146,
  "max_population_cell": 149,
  "min_population_cell": 2,
  "population_std": 31.870833060966575,
  "population_density_km2": 3315.5157744903636,
  "closest_population_distance": 66.8858830403202,
  "average_population_distance": 280.5480363449733,
  "farthest_population_distance": 478.623375144381,
  "population_within_100m": 81,
  "density_within_100m": 2578.3100780887044,
  "population_within_250m": 1075,
  "density_within_250m": 5474.930042361199,
  "population_within_500m": 2604,
  "density_within_500m": 3315.5157744903636,
  "population_gini": 0.3293676917771717,
  "population_entropy": 3.7042058715604806,
  "population_center_distance": 126.91500338953247,
  "populated_cells_count": 49,
  "empty_cells_ratio": 0.0,
  "polygon_weighted_population": 174.6610952866472,
  "polygon_coverage_area": 9.551598860650635e-06
}