{
  "total_population": 4246,
  "average_population_per_cell": 101.0952380952381,
  "max_population_cell": 352,
  "min_population_cell": 1,
  "population_std": 77.74718551060211,
  "population_density_km2": 5406.175106945501,
  "closest_population_distance": 38.11512646592016,
  "average_population_distance": 282.6568737607666,
  "farthest_population_distance": 465.5879724264469,
  "population_within_100m": 264,
  "density_within_100m": 8403.380995252073,
  "population_within_250m": 1634,
  "density_within_250m": 8321.893664389023,
  "population_within_500m": 4246,
  "density_within_500m": 5406.175106945501,
  "population_gini": 0.404503958908104,
  "population_entropy": 3.4569834764780016,
  "population_center_distance": 95.09228950881085,
  "populated_cells_count": 42,
  "empty_cells_ratio": 0.0,
  "polygon_weighted_population": 127.0,
  "polygon_coverage_area": 3.2400000000040826e-06
}