{
  "total_population": 2387,
  "average_population_per_cell": 79.56666666666666,
  "max_population_cell": 270,
  "min_population_cell": 2,
  "population_std": 68.03025864976571,
  "population_density_km2": 3039.2227932828337,
  "closest_population_distance": 67.36597070700844,
  "average_population_distance": 252.45032039289129,
  "farthest_population_distance": 387.4951962114714,
  "population_within_100m": 77,
  "density_within_100m": 2450.9861236151883,
  "population_within_250m": 874,
  "density_within_250m": 4451.245448394129,
  "population_within_500m": 2387,
  "density_within_500m": 3039.2227932828337,
  "population_gini": 0.4526323139226365,
  "population_entropy": 3.0603271785455597,
  "population_center_distance": 103.10950036304486,
  "populated_cells_count": 30,
  "empty_cells_ratio": 0.0,
  "polygon_weighted_population": 60.776941422490154,
  "polygon_coverage_area": 6.631734059203818e-06
}