{
  "total_population": 2485,
  "average_population_per_cell": 55.22222222222222,
  "max_population_cell": 374,
  "min_population_cell": 2,
  "population_std": 63.221791729552784,
  "population_density_km2": 3164.0002686668795,
  "closest_population_distance": 56.07752016607817,
  "average_population_distance": 294.14294686105853,
  "farthest_population_distance": 475.0459952756708,
  "population_within_100m": 81,
  "density_within_100m": 2578.3100780887044,
  "population_within_250m": 942,
  "density_within_250m": 4797.566604562093,
  "population_within_500m": 2485,
  "density_within_500m": 3164.0002686668795,
  "population_gini": 0.4933780460541024,
  "population_entropy": 3.3648787079978972,
  "population_center_distance": 87.09010401348947,
  "populated_cells_count": 45,
  "empty_cells_ratio": 0.0
}