{
  "total_population": 2185,
  "average_population_per_cell": 56.02564102564103,
  "max_population_cell": 145,
  "min_population_cell": 1,
  "population_std": 36.805668313087445,
  "population_density_km2": 2782.0284052463307,
  "closest_population_distance": 20.394621632969393,
  "average_population_distance": 217.57621131549348,
  "farthest_population_distance": 480.8877420930606,
  "population_within_100m": 552,
  "density_within_100m": 17570.705717345245,
  "population_within_250m": 1174,
  "density_within_250m": 5979.132902076324,
  "population_within_500m": 2185,
  "density_within_500m": 2782.0284052463307,
  "population_gini": 0.36951240978700933,
  "population_entropy": 3.4220377842970646,
  "population_center_distance": 42.985740220631705,
  "populated_cells_count": 39,
  "empty_cells_ratio": 0.0,
  "polygon_weighted_population": 77.02404376689137,
  "polygon_coverage_area": 5.338761817792845e-06
}