{
  "total_population": 4269,
  "average_population_per_cell": 92.80434782608695,
  "max_population_cell": 374,
  "min_population_cell": 2,
  "population_std": 78.570172334521,
  "population_density_km2": 5435.45961647441,
  "closest_population_distance": 64.39443414249304,
  "average_population_distance": 232.57359096914522,
  "farthest_population_distance": 471.5804590577434,
  "population_within_100m": 792,
  "density_within_100m": 25210.14298575622,
  "population_within_250m": 2280,
  "density_within_250m": 11611.944647984685,
  "population_within_500m": 4269,
  "density_within_500m": 5435.45961647441,
  "population_gini": 0.4465815230122114,
  "population_entropy": 3.4972652575726006,
  "population_center_distance": 33.65874786371879,
  "populated_cells_count": 46,
  "empty_cells_ratio": 0.0,
  "polygon_weighted_population": 55.43325650718463,
  "polygon_coverage_area": 2.4944965428264517e-06
}