{
  "total_population": 5587,
  "average_population_per_cell": 116.39583333333333,
  "max_population_cell": 242,
  "min_population_cell": 1,
  "population_std": 82.38718646068574,
  "population_density_km2": 7113.589336435354,
  "closest_population_distance": 47.365894919926056,
  "average_population_distance": 259.6966920978594,
  "farthest_population_distance": 476.65645176612725,
  "population_within_100m": 541,
  "density_within_100m": 17220.564842543074,
  "population_within_250m": 2373,
  "density_within_250m": 12085.589758626165,
  "population_within_500m": 5587,
  "density_within_500m": 7113.589336435354,
  "population_gini": 0.4006436071833423,
  "population_entropy": 3.5603587714195144,
  "population_center_distance": 103.27920616587832,
  "populated_cells_count": 48,
  "empty_cells_ratio": 0.0,
  "polygon_weighted_population": 32.048024215114,
  "polygon_coverage_area": 1.0816208172614604e-06
}