{
  "total_population": 3174,
  "average_population_per_cell": 63.48,
  "max_population_cell": 342,
  "min_population_cell": 1,
  "population_std": 57.857403879481744,
  "population_density_km2": 4041.2623149894066,
  "closest_population_distance": 41.531763692469475,
  "average_population_distance": 277.5710389079078,
  "farthest_population_distance": 469.6303486049641,
  "population_within_100m": 44,
  "density_within_100m": 1400.5634992086789,
  "population_within_250m": 1154,
  "density_within_250m": 5877.273738497511,
  "population_within_500m": 3174,
  "density_within_500m": 4041.2623149894066,
  "population_gini": 0.4326654064272212,
  "population_entropy": 3.564702804656359,
  "population_center_distance": 103.53643988836728,
  "populated_cells_count": 50,
  "empty_cells_ratio": 0.0,
  "polygon_weighted_population": 17.350256618127673,
  "polygon_coverage_area": 1.8809831803177969e-06
}