{
  "total_population": 2223,
  "average_population_per_cell": 101.04545454545455,
  "max_population_cell": 275,
  "min_population_cell": 2,
  "population_std": 91.02510238428333,
  "population_density_km2": 2830.4115079462667,
  "closest_population_distance": 38.04616882731104,
  "average_population_distance": 342.34906768958416,
  "farthest_population_distance": 453.67125947809774,
  "population_within_100m": 12,
  "density_within_100m": 381.9718634205488,
  "population_within_250m": 388,
  "density_within_250m": 1976.0677734289725,
  "population_within_500m": 2223,
  "density_within_500m": 2830.4115079462667,
  "population_gini": 0.4925162556741504,
  "population_entropy": 2.6601971280412084,
  "population_center_distance": 254.63635478404782,
  "populated_cells_count": 22,
  "empty_cells_ratio": 0.0,
  "polygon_weighted_population": 203.27058920737903,
  "polygon_coverage_area": 8.90055646707957e-06
}