{
  "total_population": 4153,
  "average_population_per_cell": 83.06,
  "max_population_cell": 413,
  "min_population_cell": 2,
  "population_std": 84.1163940923649,
  "population_density_km2": 5287.763829285131,
  "closest_population_distance": 61.20235759746772,
  "average_population_distance": 279.982545696465,
  "farthest_population_distance": 488.6694137232437,
  "population_within_100m": 274,
  "density_within_100m": 8721.690881435865,
  "population_within_250m": 1708,
  "density_within_250m": 8698.772569630632,
  "population_within_500m": 4153,
  "density_within_500m": 5287.763829285131,
  "population_gini": 0.48041897423549246,
  "population_entropy": 3.508820204531513,
  "population_center_distance": 66.93075313162288,
  "populated_cells_count": 50,
  "empty_cells_ratio": 0.0,
  "polygon_weighted_population": 372.27355517741154,
  "polygon_coverage_area": 1.1676761146182914e-05
}