{
  "total_population": 4567,
  "average_population_per_cell": 93.20408163265306,
  "max_population_cell": 266,
  "min_population_cell": 2,
  "population_std": 67.9258111201223,
  "population_density_km2": 5814.885000805488,
  "closest_population_distance": 49.482711887169906,
  "average_population_distance": 286.9538324326038,
  "farthest_population_distance": 456.365597842548,
  "population_within_100m": 38,
  "density_within_100m": 1209.5775674984045,
  "population_within_250m": 1349,
  "density_within_250m": 6870.400583390938,
  "population_within_500m": 4567,
  "density_within_500m": 5814.885000805488,
  "population_gini": 0.39665211387817667,
  "population_entropy": 3.6250164959520585,
  "population_center_distance": 102.17337960117122,
  "populated_cells_count": 49,
  "empty_cells_ratio": 0.0,
  "polygon_weighted_population": 378.3014079810547,
  "polygon_coverage_area": 1.0979457073193563e-05
}