{
  "total_population": 4954,
  "average_population_per_cell": 130.3684210526316,
  "max_population_cell": 293,
  "min_population_cell": 1,
  "population_std": 75.64869769073628,
  "population_density_km2": 6307.628704617996,
  "closest_population_distance": 58.96803298580827,
  "average_population_distance": 304.96486937264837,
  "farthest_population_distance": 491.1499019506052,
  "population_within_100m": 156,
  "density_within_100m": 4965.634224467134,
  "population_within_250m": 1261,
  "density_within_250m": 6422.220263644161,
  "population_within_500m": 4954,
  "density_within_500m": 6307.628704617996,
  "population_gini": 0.32674287656970447,
  "population_entropy": 3.4401751963744247,
  "population_center_distance": 38.54606443169909,
  "populated_cells_count": 38,
  "empty_cells_ratio": 0.0,
  "polygon_weighted_population": 55.03120964567994,
  "polygon_coverage_area": 5.012966445381211e-06
}