{
  "total_population": 5475,
  "average_population_per_cell": 144.07894736842104,
  "max_population_cell": 393,
  "min_population_cell": 2,
  "population_std": 97.03729613970735,
  "population_density_km2": 6970.986507425016,
  "closest_population_distance": 27.023971306552358,
  "average_population_distance": 302.1202720217654,
  "farthest_population_distance": 459.19833607864507,
  "population_within_100m": 518,
  "density_within_100m": 16488.452104320357,
  "population_within_250m": 1464,
  "density_within_250m": 7456.090773969113,
  "population_within_500m": 5475,
  "density_within_500m": 6970.986507425016,
  "population_gini": 0.3754722422494593,
  "population_entropy": 3.3912985539734675,
  "population_center_distance": 91.38711452642572,
  "populated_cells_count": 38,
  "empty_cells_ratio": 0.0,
  "polygon_weighted_population": 85.0,
  "polygon_coverage_area": 3.2400000000040826e-06
}