{
  "total_population": 1160,
  "average_population_per_cell": 46.4,
  "max_population_cell": 130,
  "min_population_cell": 5,
  "population_std": 32.9785283682176,
  "population_density_km2": 1476.9578718927887,
  "closest_population_distance": 57.48038725409051,
  "average_population_distance": 308.6984739444753,
  "farthest_population_distance": 469.40873812280194,
  "population_within_100m": 12,
  "density_within_100m": 381.9718634205488,
  "population_within_250m": 293,
  "density_within_250m": 1492.2367464296108,
  "population_within_500m": 1160,
  "density_within_500m": 1476.9578718927887,
  "population_gini": 0.37255172413793103,
  "population_entropy": 2.9856649792360437,
  "population_center_distance": 179.11484765758735,
  "populated_cells_count": 25,
  "empty_cells_ratio": 0.0
}