{
  "total_population": 9551,
  "average_population_per_cell": 176.87037037037038,
  "max_population_cell": 326,
  "min_population_cell": 6,
  "population_std": 87.12667990233321,
  "population_density_km2": 12160.710891765539,
  "closest_population_distance": 21.30807666182569,
  "average_population_distance": 276.920493842356,
  "farthest_population_distance": 476.88723795318737,
  "population_within_100m": 918,
  "density_within_100m": 29220.84755167198,
  "population_within_250m": 3989,
  "density_within_250m": 20315.810175794257,
  "population_within_500m": 9551,
  "density_within_500m": 12160.710891765539,
  "population_gini": 0.280065690232165,
  "population_entropy": 3.855309757986667,
  "population_center_distance": 54.41855617731715,
  "populated_cells_count": 54,
  "empty_cells_ratio": 0.0,
  "polygon_weighted_population": 82.24501268764361,
  "polygon_coverage_area": 3.062917713888518e-06
}