{
  "total_population": 8344,
  "average_population_per_cell": 157.43396226415095,
  "max_population_cell": 327,
  "min_population_cell": 57,
  "population_std": 57.36673836411663,
  "population_density_km2": 10623.910761270197,
  "closest_population_distance": 61.94428849628569,
  "average_population_distance": 283.0396483854912,
  "farthest_population_distance": 469.2080224515881,
  "population_within_100m": 574,
  "density_within_100m": 18270.987466949584,
  "population_within_250m": 3473,
  "density_within_250m": 17687.84375546088,
  "population_within_500m": 8344,
  "density_within_500m": 10623.910761270197,
  "population_gini": 0.1955896452540747,
  "population_entropy": 3.9059428678430685,
  "population_center_distance": 55.84564788895073,
  "populated_cells_count": 53,
  "empty_cells_ratio": 0.0,
  "polygon_weighted_population": 178.70289163598886,
  "polygon_coverage_area": 4.1954735360679435e-06
}