{
  "total_population": 4634,
  "average_population_per_cell": 92.68,
  "max_population_cell": 248,
  "min_population_cell": 1,
  "population_std": 59.72947175321717,
  "population_density_km2": 5900.192050302744,
  "closest_population_distance": 32.04897304869669,
  "average_population_distance": 287.31759374321297,
  "farthest_population_distance": 462.3015085037686,
  "population_within_100m": 339,
  "density_within_100m": 10790.705141630504,
  "population_within_250m": 1715,
  "density_within_250m": 8734.423276883217,
  "population_within_500m": 4634,
  "density_within_500m": 5900.192050302744,
  "population_gini": 0.3627535606387571,
  "population_entropy": 3.681713971231859,
  "population_center_distance": 30.978991000370478,
  "populated_cells_count": 50,
  "empty_cells_ratio": 0.0,
  "polygon_weighted_population": 119.82741008681245,
  "polygon_coverage_area": 6.474051156191906e-06
}