{
  "total_population": 1479,
  "average_population_per_cell": 82.16666666666667,
  "max_population_cell": 269,
  "min_population_cell": 8,
  "population_std": 76.3053078101386,
  "population_density_km2": 1883.1212866633057,
  "closest_population_distance": 68.94697327668783,
  "average_population_distance": 230.26871064706214,
  "farthest_population_distance": 421.82344804457597,
  "population_within_100m": 196,
  "density_within_100m": 6238.873769202297,
  "population_within_250m": 844,
  "density_within_250m": 4298.4567030259095,
  "population_within_500m": 1479,
  "density_within_500m": 1883.1212866633057,
  "population_gini": 0.46416497633536175,
  "population_entropy": 2.5327086474475,
  "population_center_distance": 117.0017660851264,
  "populated_cells_count": 18,
  "empty_cells_ratio": 0.0,
  "polygon_weighted_population": 53.0,
  "polygon_coverage_area": 3.2400000000040826e-06
}