{
  "total_population": 4567,
  "average_population_per_cell": 101.4888888888889,
  "max_population_cell": 247,
  "min_population_cell": 1,
  "population_std": 69.86500691991085,
  "population_density_km2": 5814.885000805488,
  "closest_population_distance": 75.35821885075528,
  "average_population_distance": 231.5692807666896,
  "farthest_population_distance": 459.64939550686836,
  "population_within_100m": 386,
  "density_within_100m": 12286.76160669432,
  "population_within_250m": 2441,
  "density_within_250m": 12431.910914794129,
  "population_within_500m": 4567,
  "density_within_500m": 5814.885000805488,
  "population_gini": 0.388545848234922,
  "population_entropy": 3.538859721447962,
  "population_center_distance": 80.82584624530931,
  "populated_cells_count": 45,
  "empty_cells_ratio": 0.0,
  "polygon_weighted_population": 249.83752854194725,
  "polygon_coverage_area": 6.851120505082417e-06
}