{
  "total_population": 2222,
  "average_population_per_cell": 96.6086956521739,
  "max_population_cell": 287,
  "min_population_cell": 3,
  "population_std": 83.38777931525959,
  "population_density_km2": 2829.1382684015316,
  "closest_population_distance": 27.428704194873024,
  "average_population_distance": 272.2853734160095,
  "farthest_population_distance": 438.7154640286998,
  "population_within_100m": 56,
  "density_within_100m": 1782.5353626292276,
  "population_within_250m": 947,
  "density_within_250m": 4823.031395456796,
  "population_within_500m": 2222,
  "density_within_500m": 2829.1382684015316,
  "population_gini": 0.4684772825108598,
  "population_entropy": 2.763704316193696,
  "population_center_distance": 270.2716324231932,
  "populated_cells_count": 23,
  "empty_cells_ratio": 0.0,
  "polygon_weighted_population": 43.253663771231174,
  "polygon_coverage_area": 8.087456302373044e-06
}