{
  "total_population": 1192,
  "average_population_per_cell": 42.57142857142857,
  "max_population_cell": 190,
  "min_population_cell": 2,
  "population_std": 57.292251800763744,
  "population_density_km2": 1517.701537324314,
  "closest_population_distance": 56.659425842353144,
  "average_population_distance": 310.9961969271739,
  "farthest_population_distance": 454.00062180733744,
  "population_within_100m": 11,
  "density_within_100m": 350.1408748021697,
  "population_within_250m": 230,
  "density_within_250m": 1171.3803811563498,
  "population_within_500m": 1192,
  "density_within_500m": 1517.701537324314,
  "population_gini": 0.6321308724832215,
  "population_entropy": 2.617086727097134,
  "population_center_distance": 284.5098679881557,
  "populated_cells_count": 28,
  "empty_cells_ratio": 0.0,
  "polygon_weighted_population": 19.338201883382975,
  "polygon_coverage_area": 3.642373633679155e-06
}