{
  "total_population": 7147,
  "average_population_per_cell": 140.13725490196077,
  "max_population_cell": 247,
  "min_population_cell": 3,
  "population_std": 68.84330602399717,
  "population_density_km2": 9099.843026222208,
  "closest_population_distance": 49.66996643136618,
  "average_population_distance": 255.8542000311002,
  "farthest_population_distance": 459.5166986062475,
  "population_within_100m": 152,
  "density_within_100m": 4838.310269993618,
  "population_within_250m": 3276,
  "density_within_250m": 16684.530994209574,
  "population_within_500m": 7147,
  "density_within_500m": 9099.843026222208,
  "population_gini": 0.27725331072683723,
  "population_entropy": 3.7841193556593598,
  "population_center_distance": 87.0289246240748,
  "populated_cells_count": 51,
  "empty_cells_ratio": 0.0,
  "polygon_weighted_population": 65.5118333574638,
  "polygon_coverage_area": 2.665199881733749e-06
}