{
  "total_population": 136,
  "average_population_per_cell": 9.714285714285714,
  "max_population_cell": 39,
  "min_population_cell": 1,
  "population_std": 11.343778853685338,
  "population_density_km2": 173.16057808398213,
  "closest_population_distance": 73.8180809025505,
  "average_population_distance": 304.60049981092146,
  "farthest_population_distance": 393.6776189940555,
  "population_within_100m": 10,
  "density_within_100m": 318.30988618379064,
  "population_within_250m": 28,
  "density_within_250m": 142.60282901033824,
  "population_within_500m": 136,
  "density_within_500m": 173.16057808398213,
  "population_gini": 0.5336134453781513,
  "population_entropy": 2.141627300983236,
  "population_center_distance": 183.41631763179672,
  "populated_cells_count": 14,
  "empty_cells_ratio": 0.0,
  "polygon_weighted_population": 6.614245481373067,
  "polygon_coverage_area": 7.143385119891914e-07
}