{
  "total_population": 280,
  "average_population_per_cell": 40.0,
  "max_population_cell": 103,
  "min_population_cell": 3,
  "population_std": 43.54690957270485,
  "population_density_km2": 356.50707252584556,
  "closest_population_distance": 125.28556229536396,
  "average_population_distance": 398.0964646156875,
  "farthest_population_distance": 436.1265167478892,
  "population_within_100m": 0,
  "density_within_100m": 0.0,
  "population_within_250m": 3,
  "density_within_250m": 15.278874536821952,
  "population_within_500m": 280,
  "density_within_500m": 356.50707252584556,
  "population_gini": 0.5306122448979592,
  "population_entropy": 1.4037572789885226,
  "population_center_distance": 413.4591999653726,
  "populated_cells_count": 7,
  "empty_cells_ratio": 0.0,
  "polygon_weighted_population": 3.3712570467831515,
  "polygon_coverage_area": 5.461436415795588e-07
}