{
  "total_population": 2953,
  "average_population_per_cell": 109.37037037037037,
  "max_population_cell": 451,
  "min_population_cell": 1,
  "population_std": 126.48659039541523,
  "population_density_km2": 3759.8763756029357,
  "closest_population_distance": 68.73554296824847,
  "average_population_distance": 248.30973540632635,
  "farthest_population_distance": 490.39193572160286,
  "population_within_100m": 242,
  "density_within_100m": 7703.099245647734,
  "population_within_250m": 1321,
  "density_within_250m": 6727.7977543806,
  "population_within_500m": 2953,
  "density_within_500m": 3759.8763756029357,
  "population_gini": 0.5820320828786796,
  "population_entropy": 2.7014246174635677,
  "population_center_distance": 103.02897338722238,
  "populated_cells_count": 27,
  "empty_cells_ratio": 0.0,
  "polygon_weighted_population": 303.773393636858,
  "polygon_coverage_area": 2.7506421017053414e-06
}