{
  "total_population": 765,
  "average_population_per_cell": 30.6,
  "max_population_cell": 148,
  "min_population_cell": 1,
  "population_std": 38.54326573259372,
  "population_density_km2": 974.0282517223995,
  "closest_population_distance": 95.32922106381234,
  "average_population_distance": 329.8518446374484,
  "farthest_population_distance": 471.6317998896082,
  "population_within_100m": 48,
  "density_within_100m": 1527.8874536821952,
  "population_within_250m": 199,
  "density_within_250m": 1013.4986776091895,
  "population_within_500m": 765,
  "density_within_500m": 974.0282517223995,
  "population_gini": 0.6189803921568627,
  "population_entropy": 2.539084005955587,
  "population_center_distance": 45.44732818730025,
  "populated_cells_count": 25,
  "empty_cells_ratio": 0.0,
  "polygon_weighted_population": 8.12200262766963,
  "polygon_coverage_area": 3.0959162957273836e-07
}