{
  "total_population": 4185,
  "average_population_per_cell": 78.9622641509434,
  "max_population_cell": 230,
  "min_population_cell": 8,
  "population_std": 45.32869793313611,
  "population_density_km2": 5328.507494716656,
  "closest_population_distance": 4.4728469434819464,
  "average_population_distance": 294.3062766618655,
  "farthest_population_distance": 478.7847659094006,
  "population_within_100m": 226,
  "density_within_100m": 7193.803427753669,
  "population_within_250m": 1533,
  "density_within_250m": 7807.504888316018,
  "population_within_500m": 4185,
  "density_within_500m": 5328.507494716656,
  "population_gini": 0.309497080769144,
  "population_entropy": 3.8166054590819605,
  "population_center_distance": 55.660833045331884,
  "populated_cells_count": 53,
  "empty_cells_ratio": 0.0,
  "polygon_weighted_population": 330.7884488897257,
  "polygon_coverage_area": 6.188370262745734e-06
}