{
  "total_population": 2805,
  "average_population_per_cell": 80.14285714285714,
  "max_population_cell": 336,
  "min_population_cell": 2,
  "population_std": 69.60313670126844,
  "population_density_km2": 3571.4369229821314,
  "closest_population_distance": 48.89188513273037,
  "average_population_distance": 242.01081609538923,
  "farthest_population_distance": 483.8141726026456,
  "population_within_100m": 244,
  "density_within_100m": 7766.761222884492,
  "population_within_250m": 1491,
  "density_within_250m": 7593.600644800511,
  "population_within_500m": 2805,
  "density_within_500m": 3571.4369229821314,
  "population_gini": 0.4226330532212885,
  "population_entropy": 3.2365071514684867,
  "population_center_distance": 119.12773029367548,
  "populated_cells_count": 35,
  "empty_cells_ratio": 0.0,
  "polygon_weighted_population": 39.05691124219038,
  "polygon_coverage_area": 1.6872585656647507e-06
}