{
  "total_population": 6376,
  "average_population_per_cell": 122.61538461538461,
  "max_population_cell": 247,
  "min_population_cell": 1,
  "population_std": 68.66889978650005,
  "population_density_km2": 8118.175337231398,
  "closest_population_distance": 41.92771382807164,
  "average_population_distance": 256.91148240132986,
  "farthest_population_distance": 438.34835742314135,
  "population_within_100m": 601,
  "density_within_100m": 19130.42415964582,
  "population_within_250m": 2862,
  "density_within_250m": 14576.046308128143,
  "population_within_500m": 6376,
  "density_within_500m": 8118.175337231398,
  "population_gini": 0.31902084740855136,
  "population_entropy": 3.7748777515122955,
  "population_center_distance": 102.55131794327384,
  "populated_cells_count": 52,
  "empty_cells_ratio": 0.0,
  "polygon_weighted_population": 264.33318867295384,
  "polygon_coverage_area": 6.3899951177186446e-06
}