{
  "total_population": 1788,
  "average_population_per_cell": 66.22222222222223,
  "max_population_cell": 461,
  "min_population_cell": 1,
  "population_std": 91.17284233524356,
  "population_density_km2": 2276.552305986471,
  "closest_population_distance": 77.56076385349911,
  "average_population_distance": 316.91297820710446,
  "farthest_population_distance": 473.1201068772812,
  "population_within_100m": 71,
  "density_within_100m": 2260.0001919049137,
  "population_within_250m": 531,
  "density_within_250m": 2704.360793017486,
  "population_within_500m": 1788,
  "density_within_500m": 2276.552305986471,
  "population_gini": 0.572748363576104,
  "population_entropy": 2.665034975930071,
  "population_center_distance": 70.04610403131656,
  "populated_cells_count": 27,
  "empty_cells_ratio": 0.0,
  "polygon_weighted_population": 12.129758136749794,
  "polygon_coverage_area": 6.037405505984826e-07
}