{
  "total_population": 2908,
  "average_population_per_cell": 107.70370370370371,
  "max_population_cell": 205,
  "min_population_cell": 1,
  "population_std": 60.09275830863151,
  "population_density_km2": 3702.5805960898533,
  "closest_population_distance": 54.63999660032227,
  "average_population_distance": 292.74538196568136,
  "farthest_population_distance": 479.79882095047776,
  "population_within_100m": 142,
  "density_within_100m": 4520.000383809827,
  "population_within_250m": 670,
  "density_within_250m": 3412.281979890236,
  "population_within_500m": 2908,
  "density_within_500m": 3702.5805960898533,
  "population_gini": 0.3111977176626419,
  "population_entropy": 3.1020463420626068,
  "population_center_distance": 169.79176121858794,
  "populated_cells_count": 27,
  "empty_cells_ratio": 0.0
}