{
  "total_population": 26,
  "average_population_per_cell": 5.2,
  "max_population_cell": 14,
  "min_population_cell": 2,
  "population_std": 5.21536192416212,
  "population_density_km2": 33.10422816311423,
  "closest_population_distance": 120.50212459949437,
  "average_population_distance": 178.50921144941015,
  "farthest_population_distance": 374.11354638236855,
  "population_within_100m": 0,
  "density_within_100m": 0.0,
  "population_within_250m": 22,
  "density_within_250m": 112.04507993669432,
  "population_within_500m": 26,
  "density_within_500m": 33.10422816311423,
  "population_gini": 0.43076923076923074,
  "population_entropy": 1.2636256716237273,
  "population_center_distance": 84.67206876154623,
  "populated_cells_count": 5,
  "empty_cells_ratio": 0.0,
  "polygon_weighted_population": 1.8353090197721083,
  "polygon_coverage_area": 2.9732006120345618e-06
}