{
  "total_population": 3932,
  "average_population_per_cell": 93.61904761904762,
  "max_population_cell": 312,
  "min_population_cell": 1,
  "population_std": 76.69704493336019,
  "population_density_km2": 5006.37788989866,
  "closest_population_distance": 55.67346556882974,
  "average_population_distance": 351.57585972180624,
  "farthest_population_distance": 492.5178842974382,
  "population_within_100m": 33,
  "density_within_100m": 1050.4226244065092,
  "population_within_250m": 478,
  "density_within_250m": 2434.434009533631,
  "population_within_500m": 3932,
  "density_within_500m": 5006.37788989866,
  "population_gini": 0.4465557331783171,
  "population_entropy": 3.3944811047168835,
  "population_center_distance": 72.64449830636735,
  "populated_cells_count": 42,
  "empty_cells_ratio": 0.0,
  "polygon_weighted_population": 93.31900902724321,
  "polygon_coverage_area": 6.386597807777887e-06
}