{
  "total_population": 5625,
  "average_population_per_cell": 112.5,
  "max_population_cell": 285,
  "min_population_cell": 8,
  "population_std": 72.42990982139004,
  "population_density_km2": 7161.97243913529,
  "closest_population_distance": 32.95518767880934,
  "average_population_distance": 310.02448006325835,
  "farthest_population_distance": 485.00860775864277,
  "population_within_100m": 312,
  "density_within_100m": 9931.268448934268,
  "population_within_250m": 1403,
  "density_within_250m": 7145.420325053733,
  "population_within_500m": 5625,
  "density_within_500m": 7161.97243913529,
  "population_gini": 0.3625208888888889,
  "population_entropy": 3.6946039164021696,
  "population_center_distance": 10.883390941109495,
  "populated_cells_count": 50,
  "empty_cells_ratio": 0.0,
  "polygon_weighted_population": 318.28499914184704,
  "polygon_coverage_area": 4.925403074563457e-06
}