{
  "total_population": 5566,
  "average_population_per_cell": 113.59183673469387,
  "max_population_cell": 268,
  "min_population_cell": 2,
  "population_std": 72.56460293172874,
  "population_density_km2": 7086.851305995916,
  "closest_population_distance": 65.13926478499272,
  "average_population_distance": 268.85650108155414,
  "farthest_population_distance": 466.70786380883817,
  "population_within_100m": 438,
  "density_within_100m": 13941.973014850031,
  "population_within_250m": 1939,
  "density_within_250m": 9875.245908965922,
  "population_within_500m": 5566,
  "density_within_500m": 7086.851305995916,
  "population_gini": 0.3594857993502827,
  "population_entropy": 3.6619630910091767,
  "population_center_distance": 42.44849009676627,
  "populated_cells_count": 49,
  "empty_cells_ratio": 0.0,
  "polygon_weighted_population": 397.39703232527205,
  "polygon_coverage_area": 1.0828700801041549e-05
}