{
  "total_population": 1894,
  "average_population_per_cell": 46.19512195121951,
  "max_population_cell": 879,
  "min_population_cell": 1,
  "population_std": 140.28332393983882,
  "population_density_km2": 2411.515697728398,
  "closest_population_distance": 26.25506726624602,
  "average_population_distance": 307.52160450149205,
  "farthest_population_distance": 484.0069408097607,
  "population_within_100m": 7,
  "density_within_100m": 222.81692032865345,
  "population_within_250m": 348,
  "density_within_250m": 1772.3494462713466,
  "population_within_500m": 1894,
  "density_within_500m": 2411.515697728398,
  "population_gini": 0.7960182347335617,
  "population_entropy": 2.182447035739482,
  "population_center_distance": 42.94186555769767,
  "populated_cells_count": 41,
  "empty_cells_ratio": 0.0,
  "polygon_weighted_population": 2.5181684182259625,
  "polygon_coverage_area": 1.0100186881360709e-06
}