{
  "total_population": 5249,
  "average_population_per_cell": 111.68085106382979,
  "max_population_cell": 247,
  "min_population_cell": 1,
  "population_std": 65.29302059478012,
  "population_density_km2": 6683.234370314869,
  "closest_population_distance": 38.17458102904963,
  "average_population_distance": 260.6954752935358,
  "farthest_population_distance": 432.7005173340848,
  "population_within_100m": 423,
  "density_within_100m": 13464.508185574345,
  "population_within_250m": 2360,
  "density_within_250m": 12019.381302299937,
  "population_within_500m": 5249,
  "density_within_500m": 6683.234370314869,
  "population_gini": 0.3306729143950419,
  "population_entropy": 3.657224253814177,
  "population_center_distance": 73.93684983895893,
  "populated_cells_count": 47,
  "empty_cells_ratio": 0.0,
  "polygon_weighted_population": 328.58843168753594,
  "polygon_coverage_area": 7.92451287058781e-06
}