{
  "total_population": 4954,
  "average_population_per_cell": 103.20833333333333,
  "max_population_cell": 250,
  "min_population_cell": 4,
  "population_std": 58.964814006152366,
  "population_density_km2": 6307.628704617996,
  "closest_population_distance": 63.80442632914108,
  "average_population_distance": 245.7629059284921,
  "farthest_population_distance": 474.54919191223644,
  "population_within_100m": 717,
  "density_within_100m": 22822.81883937779,
  "population_within_250m": 2415,
  "density_within_250m": 12299.494002141671,
  "population_within_500m": 4954,
  "density_within_500m": 6307.628704617996,
  "population_gini": 0.31434194590230113,
  "population_entropy": 3.6855357828911757,
  "population_center_distance": 26.03004985560926,
  "populated_cells_count": 48,
  "empty_cells_ratio": 0.0,
  "polygon_weighted_population": 19.51130643181395,
  "polygon_coverage_area": 8.061695728972097e-07
}