{
  "total_population": 6001,
  "average_population_per_cell": 153.87179487179486,
  "max_population_cell": 342,
  "min_population_cell": 2,
  "population_std": 99.20106628437425,
  "population_density_km2": 7640.710507955711,
  "closest_population_distance": 23.59670414366092,
  "average_population_distance": 276.34650935499536,
  "farthest_population_distance": 474.4052560062652,
  "population_within_100m": 749,
  "density_within_100m": 23841.41047516592,
  "population_within_250m": 2339,
  "density_within_250m": 11912.429180542182,
  "population_within_500m": 6001,
  "density_within_500m": 7640.710507955711,
  "population_gini": 0.363836796431364,
  "population_entropy": 3.434395572409878,
  "population_center_distance": 115.62981685079482,
  "populated_cells_count": 39,
  "empty_cells_ratio": 0.0,
  "polygon_weighted_population": 6.807803678448331,
  "polygon_coverage_area": 3.501156177492125e-07
}