{
  "total_population": 775,
  "average_population_per_cell": 129.16666666666666,
  "max_population_cell": 362,
  "min_population_cell": 20,
  "population_std": 159.12060415504544,
  "population_density_km2": 986.7606471697511,
  "closest_population_distance": 335.0254147576484,
  "average_population_distance": 398.9596723227384,
  "farthest_population_distance": 477.48924124260276,
  "population_within_100m": 0,
  "density_within_100m": 0.0,
  "population_within_250m": 0,
  "density_within_250m": 0.0,
  "population_within_500m": 775,
  "density_within_500m": 986.7606471697511,
  "population_gini": 0.5529032258064516,
  "population_entropy": 1.1875260351058394,
  "population_center_distance": 58.373705214012844,
  "populated_cells_count": 6,
  "empty_cells_ratio": 0.0
}