{
  "total_population": 2153,
  "average_population_per_cell": 55.205128205128204,
  "max_population_cell": 202,
  "min_population_cell": 3,
  "population_std": 59.346076661517486,
  "population_density_km2": 2741.2847398148056,
  "closest_population_distance": 31.918214769926873,
  "average_population_distance": 232.35687443791437,
  "farthest_population_distance": 464.2082716889986,
  "population_within_100m": 377,
  "density_within_100m": 12000.282709128907,
  "population_within_250m": 1092,
  "density_within_250m": 5561.510331403191,
  "population_within_500m": 2153,
  "density_within_500m": 2741.2847398148056,
  "population_gini": 0.539092738814058,
  "population_entropy": 3.17192226228416,
  "population_center_distance": 118.03207340638052,
  "populated_cells_count": 39,
  "empty_cells_ratio": 0.0,
  "polygon_weighted_population": 175.50419910010697,
  "polygon_coverage_area": 9.483893442201783e-06
}