{
  "total_population": 842,
  "average_population_per_cell": 25.515151515151516,
  "max_population_cell": 77,
  "min_population_cell": 1,
  "population_std": 21.473997665958144,
  "population_density_km2": 1072.067696667007,
  "closest_population_distance": 15.06544632651457,
  "average_population_distance": 226.61486721121966,
  "farthest_population_distance": 447.80709498305487,
  "population_within_100m": 102,
  "density_within_100m": 3246.7608390746645,
  "population_within_250m": 458,
  "density_within_250m": 2332.574845954818,
  "population_within_500m": 842,
  "density_within_500m": 1072.067696667007,
  "population_gini": 0.4594400057582956,
  "population_entropy": 3.136258785984449,
  "population_center_distance": 64.15129149896903,
  "populated_cells_count": 33,
  "empty_cells_ratio": 0.0,
  "polygon_weighted_population": 145.28880065274927,
  "polygon_coverage_area": 1.1039392852886603e-05
}