{
  "total_population": 817,
  "average_population_per_cell": 22.08108108108108,
  "max_population_cell": 101,
  "min_population_cell": 2,
  "population_std": 17.81756059244546,
  "population_density_km2": 1040.2367080486279,
  "closest_population_distance": 43.48744516091632,
  "average_population_distance": 230.3594325068456,
  "farthest_population_distance": 425.79139594062895,
  "population_within_100m": 104,
  "density_within_100m": 3310.4228163114226,
  "population_within_250m": 425,
  "density_within_250m": 2164.507226049777,
  "population_within_500m": 817,
  "density_within_500m": 1040.2367080486279,
  "population_gini": 0.3780475702140329,
  "population_entropy": 3.354037318433917,
  "population_center_distance": 114.3122939888397,
  "populated_cells_count": 37,
  "empty_cells_ratio": 0.0,
  "polygon_weighted_population": 0.5316799645027646,
  "polygon_coverage_area": 1.3251100653777906e-07
}