{
  "total_population": 2159,
  "average_population_per_cell": 52.65853658536585,
  "max_population_cell": 145,
  "min_population_cell": 3,
  "population_std": 34.43371150202775,
  "population_density_km2": 2748.9241770832164,
  "closest_population_distance": 24.947556485747892,
  "average_population_distance": 261.4752777644422,
  "farthest_population_distance": 463.30672016645264,
  "population_within_100m": 162,
  "density_within_100m": 5156.620156177409,
  "population_within_250m": 880,
  "density_within_250m": 4481.803197467772,
  "population_within_500m": 2159,
  "density_within_500m": 2748.9241770832164,
  "population_gini": 0.36369592968741177,
  "population_entropy": 3.4868910295067295,
  "population_center_distance": 109.69611217111992,
  "populated_cells_count": 41,
  "empty_cells_ratio": 0.0,
  "polygon_weighted_population": 55.0,
  "polygon_coverage_area": 3.2400000000040826e-06
}