{
  "total_population": 3759,
  "average_population_per_cell": 87.4186046511628,
  "max_population_cell": 263,
  "min_population_cell": 2,
  "population_std": 71.47135042336879,
  "population_density_km2": 4786.107448659477,
  "closest_population_distance": 51.266789831407756,
  "average_population_distance": 240.75877392615803,
  "farthest_population_distance": 458.5330083941255,
  "population_within_100m": 2,
  "density_within_100m": 63.66197723675813,
  "population_within_250m": 2099,
  "density_within_250m": 10690.119217596426,
  "population_within_500m": 3759,
  "density_within_500m": 4786.107448659477,
  "population_gini": 0.4312626440728299,
  "population_entropy": 3.44955659518063,
  "population_center_distance": 63.41821790463523,
  "populated_cells_count": 43,
  "empty_cells_ratio": 0.0,
  "polygon_weighted_population": 197.16559077605385,
  "polygon_coverage_area": 5.677451584929576e-06
}