{
  "total_population": 1231,
  "average_population_per_cell": 47.34615384615385,
  "max_population_cell": 117,
  "min_population_cell": 4,
  "population_std": 31.777907178028332,
  "population_density_km2": 1567.3578795689853,
  "closest_population_distance": 49.79300805393438,
  "average_population_distance": 295.4167844942776,
  "farthest_population_distance": 437.63975756739603,
  "population_within_100m": 31,
  "density_within_100m": 986.760647169751,
  "population_within_250m": 434,
  "density_within_250m": 2210.3438496602425,
  "population_within_500m": 1231,
  "density_within_500m": 1567.3578795689853,
  "population_gini": 0.3730238080359933,
  "population_entropy": 3.028936129351614,
  "population_center_distance": 241.81297091034907,
  "populated_cells_count": 26,
  "empty_cells_ratio": 0.0,
  "polygon_weighted_population": 11.0,
  "polygon_coverage_area": 3.2400000000040826e-06
}