{
  "total_population": 4324,
  "average_population_per_cell": 90.08333333333333,
  "max_population_cell": 256,
  "min_population_cell": 6,
  "population_std": 73.6959923658006,
  "population_density_km2": 5505.4877914348435,
  "closest_population_distance": 18.91353517731883,
  "average_population_distance": 326.5633202814788,
  "farthest_population_distance": 486.5749676114426,
  "population_within_100m": 234,
  "density_within_100m": 7448.451336700701,
  "population_within_250m": 1181,
  "density_within_250m": 6014.783609328909,
  "population_within_500m": 4324,
  "density_within_500m": 5505.4877914348435,
  "population_gini": 0.4484948350292939,
  "population_entropy": 3.5411802650900173,
  "population_center_distance": 117.276508649874,
  "populated_cells_count": 48,
  "empty_cells_ratio": 0.0,
  "polygon_weighted_population": 76.79176823488409,
  "polygon_coverage_area": 1.5358353646996172e-06
}