{
  "total_population": 7480,
  "average_population_per_cell": 149.6,
  "max_population_cell": 386,
  "min_population_cell": 11,
  "population_std": 89.17513152013095,
  "population_density_km2": 9523.831794619016,
  "closest_population_distance": 43.09382170753158,
  "average_population_distance": 266.31101451245803,
  "farthest_population_distance": 498.11571927705756,
  "population_within_100m": 238,
  "density_within_100m": 7575.775291174217,
  "population_within_250m": 3220,
  "density_within_250m": 16399.325336188896,
  "population_within_500m": 7480,
  "density_within_500m": 9523.831794619016,
  "population_gini": 0.32822459893048134,
  "population_entropy": 3.7356110561980573,
  "population_center_distance": 82.69646133225955,
  "populated_cells_count": 50,
  "empty_cells_ratio": 0.0,
  "polygon_weighted_population": 69.55316708596085,
  "polygon_coverage_area": 2.2310520860550336e-06
}