{
  "total_population": 1205,
  "average_population_per_cell": 30.897435897435898,
  "max_population_cell": 140,
  "min_population_cell": 1,
  "population_std": 34.81968202626579,
  "population_density_km2": 1534.253651405871,
  "closest_population_distance": 37.60287213368916,
  "average_population_distance": 218.11836096004282,
  "farthest_population_distance": 467.0019607300365,
  "population_within_100m": 157,
  "density_within_100m": 4997.465213085513,
  "population_within_250m": 809,
  "density_within_250m": 4120.203166762986,
  "population_within_500m": 1205,
  "density_within_500m": 1534.253651405871,
  "population_gini": 0.5624002553463134,
  "population_entropy": 3.1268841267692187,
  "population_center_distance": 59.291127036402294,
  "populated_cells_count": 39,
  "empty_cells_ratio": 0.0,
  "polygon_weighted_population": 18.32831737826949,
  "polygon_coverage_area": 4.967349932229985e-06
}