{
  "total_population": 4657,
  "average_population_per_cell": 87.86792452830188,
  "max_population_cell": 342,
  "min_population_cell": 2,
  "population_std": 65.04407905881656,
  "population_density_km2": 5929.476559831653,
  "closest_population_distance": 43.865192048392515,
  "average_population_distance": 293.47970735854244,
  "farthest_population_distance": 469.79764129401656,
  "population_within_100m": 222,
  "density_within_100m": 7066.479473280153,
  "population_within_250m": 1281,
  "density_within_250m": 6524.079427222974,
  "population_within_500m": 4657,
  "density_within_500m": 5929.476559831653,
  "population_gini": 0.37767450905717104,
  "population_entropy": 3.723875478597081,
  "population_center_distance": 119.76464444541949,
  "populated_cells_count": 53,
  "empty_cells_ratio": 0.0,
  "polygon_weighted_population": 364.34237944951053,
  "polygon_coverage_area": 1.0370496403737064e-05
}