{
  "total_population": 2951,
  "average_population_per_cell": 77.65789473684211,
  "max_population_cell": 216,
  "min_population_cell": 4,
  "population_std": 57.61159620310568,
  "population_density_km2": 3757.3298965134654,
  "closest_population_distance": 67.48774457208133,
  "average_population_distance": 221.86158958590818,
  "farthest_population_distance": 393.4537147378941,
  "population_within_100m": 231,
  "density_within_100m": 7352.958370845564,
  "population_within_250m": 1555,
  "density_within_250m": 7919.5499682527125,
  "population_within_500m": 2951,
  "density_within_500m": 3757.3298965134654,
  "population_gini": 0.4122688116427973,
  "population_entropy": 3.3562326351916947,
  "population_center_distance": 62.081667484907086,
  "populated_cells_count": 38,
  "empty_cells_ratio": 0.0,
  "polygon_weighted_population": 114.97514879191496,
  "polygon_coverage_area": 2.5135062385589995e-06
}