{
  "total_population": 3197,
  "average_population_per_cell": 91.34285714285714,
  "max_population_cell": 246,
  "min_population_cell": 16,
  "population_std": 56.62152098500589,
  "population_density_km2": 4070.546824518315,
  "closest_population_distance": 62.954151891495314,
  "average_population_distance": 241.5702921513189,
  "farthest_population_distance": 483.5565978621231,
  "population_within_100m": 166,
  "density_within_100m": 5283.944110650925,
  "population_within_250m": 1765,
  "density_within_250m": 8989.07118583025,
  "population_within_500m": 3197,
  "density_within_500m": 4070.546824518315,
  "population_gini": 0.32341034005094066,
  "population_entropy": 3.3833019159899633,
  "population_center_distance": 136.38409041231083,
  "populated_cells_count": 35,
  "empty_cells_ratio": 0.0,
  "polygon_weighted_population": 192.30779166807363,
  "polygon_coverage_area": 5.670077646763129e-06
}