{
  "total_population": 1623,
  "average_population_per_cell": 55.96551724137931,
  "max_population_cell": 158,
  "min_population_cell": 2,
  "population_std": 39.423961856628594,
  "population_density_km2": 2066.4677811051693,
  "closest_population_distance": 40.79857061153488,
  "average_population_distance": 233.57988848503774,
  "farthest_population_distance": 471.48445743945393,
  "population_within_100m": 267,
  "density_within_100m": 8498.87396110721,
  "population_within_250m": 956,
  "density_within_250m": 4868.868019067262,
  "population_within_500m": 1623,
  "density_within_500m": 2066.4677811051693,
  "population_gini": 0.3842607346973464,
  "population_entropy": 3.0978626745675775,
  "population_center_distance": 32.04825388254157,
  "populated_cells_count": 29,
  "empty_cells_ratio": 0.0,
  "polygon_weighted_population": 55.14807695937139,
  "polygon_coverage_area": 5.311594065802242e-06
}