{
  "total_population": 2973,
  "average_population_per_cell": 110.11111111111111,
  "max_population_cell": 355,
  "min_population_cell": 3,
  "population_std": 90.23573116835247,
  "population_density_km2": 3785.341166497639,
  "closest_population_distance": 69.75055688244916,
  "average_population_distance": 247.9787573766637,
  "farthest_population_distance": 455.6981421750562,
  "population_within_100m": 144,
  "density_within_100m": 4583.662361046586,
  "population_within_250m": 1052,
  "density_within_250m": 5357.792004245564,
  "population_within_500m": 2973,
  "density_within_500m": 3785.341166497639,
  "population_gini": 0.4350512638437294,
  "population_entropy": 2.9673811685147293,
  "population_center_distance": 8.67315860213692,
  "populated_cells_count": 27,
  "empty_cells_ratio": 0.0,
  "polygon_weighted_population": 66.68622743781225,
  "polygon_coverage_area": 1.270961040581082e-06
}