{
  "total_population": 1826,
  "average_population_per_cell": 49.351351351351354,
  "max_population_cell": 162,
  "min_population_cell": 3,
  "population_std": 42.35774638337926,
  "population_density_km2": 2324.9354086864073,
  "closest_population_distance": 102.98708812850666,
  "average_population_distance": 335.72712427139993,
  "farthest_population_distance": 460.1711761090475,
  "population_within_100m": 0,
  "density_within_100m": 0.0,
  "population_within_250m": 297,
  "density_within_250m": 1512.6085791453734,
  "population_within_500m": 1826,
  "density_within_500m": 2324.9354086864073,
  "population_gini": 0.4547822740593825,
  "population_entropy": 3.2643789831459156,
  "population_center_distance": 59.23367257863949,
  "populated_cells_count": 37,
  "empty_cells_ratio": 0.0,
  "polygon_weighted_population": 154.0570786410601,
  "polygon_coverage_area": 6.761156524647688e-06
}