{
  "total_population": 1227,
  "average_population_per_cell": 29.926829268292682,
  "max_population_cell": 120,
  "min_population_cell": 1,
  "population_std": 27.216162701511063,
  "population_density_km2": 1562.2649213900447,
  "closest_population_distance": 52.63308594546345,
  "average_population_distance": 206.75506114788854,
  "farthest_population_distance": 494.44704942435555,
  "population_within_100m": 262,
  "density_within_100m": 8339.719018015316,
  "population_within_250m": 748,
  "density_within_250m": 3809.532717847607,
  "population_within_500m": 1227,
  "density_within_500m": 1562.2649213900447,
  "population_gini": 0.4708688651678693,
  "population_entropy": 3.346137055460111,
  "population_center_distance": 72.47576139303195,
  "populated_cells_count": 41,
  "empty_cells_ratio": 0.0,
  "polygon_weighted_population": 96.83134791417801,
  "polygon_coverage_area": 7.707412638790917e-06
}