{
  "total_population": 5643,
  "average_population_per_cell": 125.4,
  "max_population_cell": 413,
  "min_population_cell": 2,
  "population_std": 109.29430659712085,
  "population_density_km2": 7184.8907509405235,
  "closest_population_distance": 26.024593929827926,
  "average_population_distance": 280.7361855406168,
  "farthest_population_distance": 439.5089042995426,
  "population_within_100m": 383,
  "density_within_100m": 12191.268640839182,
  "population_within_250m": 2017,
  "density_within_250m": 10272.496646923293,
  "population_within_500m": 5643,
  "density_within_500m": 7184.8907509405235,
  "population_gini": 0.4597712012916691,
  "population_entropy": 3.451682946537578,
  "population_center_distance": 3.217520054498113,
  "populated_cells_count": 45,
  "empty_cells_ratio": 0.0,
  "polygon_weighted_population": 799.1470308624466,
  "polygon_coverage_area": 1.533012745580554e-05
}