{
  "total_population": 95,
  "average_population_per_cell": 13.571428571428571,
  "max_population_cell": 36,
  "min_population_cell": 1,
  "population_std": 13.476611132589959,
  "population_density_km2": 120.95775674984046,
  "closest_population_distance": 58.79619569615532,
  "average_population_distance": 321.7436728403484,
  "farthest_population_distance": 461.590751772332,
  "population_within_100m": 7,
  "density_within_100m": 222.81692032865345,
  "population_within_250m": 8,
  "density_within_250m": 40.74366543152521,
  "population_within_500m": 95,
  "density_within_500m": 120.95775674984046,
  "population_gini": 0.4962406015037594,
  "population_entropy": 1.5075717788624223,
  "population_center_distance": 218.3865708909787,
  "populated_cells_count": 7,
  "empty_cells_ratio": 0.0,
  "polygon_weighted_population": 0.12614911845730487,
  "polygon_coverage_area": 2.0436157190109138e-07
}