{
  "total_population": 2996,
  "average_population_per_cell": 88.11764705882354,
  "max_population_cell": 329,
  "min_population_cell": 1,
  "population_std": 75.26589823233456,
  "population_density_km2": 3814.6256760265474,
  "closest_population_distance": 41.16252755536302,
  "average_population_distance": 294.3802996422474,
  "farthest_population_distance": 453.2143591542692,
  "population_within_100m": 286,
  "density_within_100m": 9103.662744856412,
  "population_within_250m": 946,
  "density_within_250m": 4817.938437277856,
  "population_within_500m": 2996,
  "density_within_500m": 3814.6256760265474,
  "population_gini": 0.45649100761800043,
  "population_entropy": 3.158222094747969,
  "population_center_distance": 66.51237112728086,
  "populated_cells_count": 34,
  "empty_cells_ratio": 0.0,
  "polygon_weighted_population": 53.82461913852942,
  "polygon_coverage_area": 1.3731635118823234e-06
}