{
  "total_population": 3791,
  "average_population_per_cell": 80.65957446808511,
  "max_population_cell": 879,
  "min_population_cell": 1,
  "population_std": 137.9146359474245,
  "population_density_km2": 4826.851114091002,
  "closest_population_distance": 35.57681174588919,
  "average_population_distance": 334.4229783857882,
  "farthest_population_distance": 484.872524371989,
  "population_within_100m": 1,
  "density_within_100m": 31.830988618379067,
  "population_within_250m": 545,
  "density_within_250m": 2775.6622075226546,
  "population_within_500m": 3791,
  "density_within_500m": 4826.851114091002,
  "population_gini": 0.6444602838750232,
  "population_entropy": 3.0438196085310554,
  "population_center_distance": 139.1635214374938,
  "populated_cells_count": 47,
  "empty_cells_ratio": 0.0,
  "polygon_weighted_population": 96.0,
  "polygon_coverage_area": 3.2400000000040826e-06
}