{
  "total_population": 4621,
  "average_population_per_cell": 84.01818181818182,
  "max_population_cell": 230,
  "min_population_cell": 1,
  "population_std": 52.48262178307777,
  "population_density_km2": 5883.639936221187,
  "closest_population_distance": 23.584714946950836,
  "average_population_distance": 272.52252197688205,
  "farthest_population_distance": 481.8555255231855,
  "population_within_100m": 455,
  "density_within_100m": 14483.099821362475,
  "population_within_250m": 1839,
  "density_within_250m": 9365.950091071858,
  "population_within_500m": 4621,
  "density_within_500m": 5883.639936221187,
  "population_gini": 0.34483681218154283,
  "population_entropy": 3.801509154679208,
  "population_center_distance": 79.73540422288912,
  "populated_cells_count": 55,
  "empty_cells_ratio": 0.0,
  "polygon_weighted_population": 291.4121277490598,
  "polygon_coverage_area": 5.066085191666254e-06
}