{
  "total_population": 9296,
  "average_population_per_cell": 182.27450980392157,
  "max_population_cell": 386,
  "min_population_cell": 6,
  "population_std": 92.37295674197563,
  "population_density_km2": 11836.034807858074,
  "closest_population_distance": 21.43967627553219,
  "average_population_distance": 274.93329233110603,
  "farthest_population_distance": 494.82979822292634,
  "population_within_100m": 760,
  "density_within_100m": 24191.55134996809,
  "population_within_250m": 3692,
  "density_within_250m": 18803.201596648883,
  "population_within_500m": 9296,
  "density_within_500m": 11836.034807858074,
  "population_gini": 0.28774762917215074,
  "population_entropy": 3.7927870770970853,
  "population_center_distance": 16.980232327434173,
  "populated_cells_count": 51,
  "empty_cells_ratio": 0.0,
  "polygon_weighted_population": 177.28014558450866,
  "polygon_coverage_area": 3.780930550359322e-06
}