{
  "total_population": 3511,
  "average_population_per_cell": 100.31428571428572,
  "max_population_cell": 378,
  "min_population_cell": 1,
  "population_std": 101.92868655514572,
  "population_density_km2": 4470.344041565157,
  "closest_population_distance": 52.30674654797532,
  "average_population_distance": 273.55655007080367,
  "farthest_population_distance": 479.38729261684267,
  "population_within_100m": 4,
  "density_within_100m": 127.32395447351627,
  "population_within_250m": 1366,
  "density_within_250m": 6956.98087243293,
  "population_within_500m": 3511,
  "density_within_500m": 4470.344041565157,
  "population_gini": 0.5281360621719494,
  "population_entropy": 3.0773002266146547,
  "population_center_distance": 56.99603320524812,
  "populated_cells_count": 35,
  "empty_cells_ratio": 0.0,
  "polygon_weighted_population": 496.8495430333968,
  "polygon_coverage_area": 6.775526793123181e-06
}