{
  "total_population": 4145,
  "average_population_per_cell": 138.16666666666666,
  "max_population_cell": 451,
  "min_population_cell": 3,
  "population_std": 111.76609915148792,
  "population_density_km2": 5277.57791292725,
  "closest_population_distance": 51.05147976916096,
  "average_population_distance": 240.03842885010783,
  "farthest_population_distance": 407.4404208955787,
  "population_within_100m": 315,
  "density_within_100m": 10026.761414789406,
  "population_within_250m": 2011,
  "density_within_250m": 10241.93889784965,
  "population_within_500m": 4145,
  "density_within_500m": 5277.57791292725,
  "population_gini": 0.4261761158021713,
  "population_entropy": 3.090486261923352,
  "population_center_distance": 24.4956785590697,
  "populated_cells_count": 30,
  "empty_cells_ratio": 0.0
}