{
  "total_population": 309,
  "average_population_per_cell": 30.9,
  "max_population_cell": 150,
  "min_population_cell": 1,
  "population_std": 47.64789840299593,
  "population_density_km2": 393.4310193231653,
  "closest_population_distance": 22.845842563298117,
  "average_population_distance": 344.4266767368426,
  "farthest_population_distance": 495.3886269282872,
  "population_within_100m": 1,
  "density_within_100m": 31.830988618379067,
  "population_within_250m": 9,
  "density_within_250m": 45.83662361046586,
  "population_within_500m": 309,
  "density_within_500m": 393.4310193231653,
  "population_gini": 0.6676375404530744,
  "population_entropy": 1.4805674322678204,
  "population_center_distance": 121.63232216510356,
  "populated_cells_count": 10,
  "empty_cells_ratio": 0.0,
  "polygon_weighted_population": 29.920919104876138,
  "polygon_coverage_area": 4.6832742946798555e-07
}