{
  "total_population": 4184,
  "average_population_per_cell": 87.16666666666667,
  "max_population_cell": 223,
  "min_population_cell": 11,
  "population_std": 43.39591770845347,
  "population_density_km2": 5327.234255171921,
  "closest_population_distance": 33.474217228064084,
  "average_population_distance": 265.02494848743936,
  "farthest_population_distance": 469.49750645421807,
  "population_within_100m": 591,
  "density_within_100m": 18812.114273462026,
  "population_within_250m": 1884,
  "density_within_250m": 9595.133209124186,
  "population_within_500m": 4184,
  "density_within_500m": 5327.234255171921,
  "population_gini": 0.27380098789037605,
  "population_entropy": 3.744930220098559,
  "population_center_distance": 34.121100256083544,
  "populated_cells_count": 48,
  "empty_cells_ratio": 0.0,
  "polygon_weighted_population": 22.07483348496495,
  "polygon_coverage_area": 9.536328065516877e-07
}