{
  "total_population": 2590,
  "average_population_per_cell": 107.91666666666667,
  "max_population_cell": 319,
  "min_population_cell": 5,
  "population_std": 89.24802600017289,
  "population_density_km2": 3297.6904208640717,
  "closest_population_distance": 169.63201927879757,
  "average_population_distance": 307.7126783343893,
  "farthest_population_distance": 438.5809013569479,
  "population_within_100m": 0,
  "density_within_100m": 0.0,
  "population_within_250m": 589,
  "density_within_250m": 2999.7523673960436,
  "population_within_500m": 2590,
  "density_within_500m": 3297.6904208640717,
  "population_gini": 0.4438223938223938,
  "population_entropy": 2.851379833845906,
  "population_center_distance": 239.48752588175523,
  "populated_cells_count": 24,
  "empty_cells_ratio": 0.0,
  "polygon_weighted_population": 66.99941693705351,
  "polygon_coverage_area": 3.239971804124282e-06
}