{
  "total_population": 1002,
  "average_population_per_cell": 35.785714285714285,
  "max_population_cell": 114,
  "min_population_cell": 1,
  "population_std": 31.25682994146108,
  "population_density_km2": 1275.786023824633,
  "closest_population_distance": 15.841605547017169,
  "average_population_distance": 305.8032796462546,
  "farthest_population_distance": 451.847163120972,
  "population_within_100m": 42,
  "density_within_100m": 1336.9015219719208,
  "population_within_250m": 185,
  "density_within_250m": 942.1972631040204,
  "population_within_500m": 1002,
  "density_within_500m": 1275.786023824633,
  "population_gini": 0.47241231822070145,
  "population_entropy": 2.9540703910209167,
  "population_center_distance": 137.51699551800985,
  "populated_cells_count": 28,
  "empty_cells_ratio": 0.0,
  "polygon_weighted_population": 0.38047123555547124,
  "polygon_coverage_area": 2.8016518254574545e-08
}