{
  "total_population": 1239,
  "average_population_per_cell": 45.888888888888886,
  "max_population_cell": 180,
  "min_population_cell": 1,
  "population_std": 46.55132265602816,
  "population_density_km2": 1577.5437959268666,
  "closest_population_distance": 93.5953106531565,
  "average_population_distance": 323.7102491432679,
  "farthest_population_distance": 470.5224906474935,
  "population_within_100m": 6,
  "density_within_100m": 190.9859317102744,
  "population_within_250m": 187,
  "density_within_250m": 952.3831794619017,
  "population_within_500m": 1239,
  "density_within_500m": 1577.5437959268666,
  "population_gini": 0.5225241383433473,
  "population_entropy": 2.834476296311901,
  "population_center_distance": 114.67267365407314,
  "populated_cells_count": 27,
  "empty_cells_ratio": 0.0
}