{
  "total_population": 5298,
  "average_population_per_cell": 103.88235294117646,
  "max_population_cell": 204,
  "min_population_cell": 8,
  "population_std": 53.416344711641784,
  "population_density_km2": 6745.623108006892,
  "closest_population_distance": 67.23382739871386,
  "average_population_distance": 279.57108726001803,
  "farthest_population_distance": 497.3141385573684,
  "population_within_100m": 105,
  "density_within_100m": 3342.253804929802,
  "population_within_250m": 1904,
  "density_within_250m": 9696.992372703,
  "population_within_500m": 5298,
  "density_within_500m": 6745.623108006892,
  "population_gini": 0.29318499766837647,
  "population_entropy": 3.789078962956525,
  "population_center_distance": 34.5523604117196,
  "populated_cells_count": 51,
  "empty_cells_ratio": 0.0,
  "polygon_weighted_population": 135.07852392215148,
  "polygon_coverage_area": 7.452964509941411e-06
}