{
  "total_population": 2752,
  "average_population_per_cell": 64.0,
  "max_population_cell": 242,
  "min_population_cell": 1,
  "population_std": 56.62575554000309,
  "population_density_km2": 3503.955227111168,
  "closest_population_distance": 43.17852691962876,
  "average_population_distance": 326.728847766204,
  "farthest_population_distance": 467.8529173955324,
  "population_within_100m": 51,
  "density_within_100m": 1623.3804195373323,
  "population_within_250m": 847,
  "density_within_250m": 4313.735577562731,
  "population_within_500m": 2752,
  "density_within_500m": 3503.955227111168,
  "population_gini": 0.4624459167117361,
  "population_entropy": 3.395937569686353,
  "population_center_distance": 185.3478269476753,
  "populated_cells_count": 43,
  "empty_cells_ratio": 0.0,
  "polygon_weighted_population": 237.49225185735543,
  "polygon_coverage_area": 5.920905824671819e-06
}