{
  "total_population": 2963,
  "average_population_per_cell": 84.65714285714286,
  "max_population_cell": 269,
  "min_population_cell": 1,
  "population_std": 68.912537430616,
  "population_density_km2": 3772.608771050287,
  "closest_population_distance": 54.30900220490903,
  "average_population_distance": 225.58489947250743,
  "farthest_population_distance": 497.08096482745333,
  "population_within_100m": 547,
  "density_within_100m": 17411.55077425335,
  "population_within_250m": 1859,
  "density_within_250m": 9467.80925465067,
  "population_within_500m": 2963,
  "density_within_500m": 3772.608771050287,
  "population_gini": 0.4433730292657056,
  "population_entropy": 3.224528485163341,
  "population_center_distance": 48.11681284690393,
  "populated_cells_count": 35,
  "empty_cells_ratio": 0.0,
  "polygon_weighted_population": 71.0,
  "polygon_coverage_area": 3.2400000000040826e-06
}