{
  "total_population": 3038,
  "average_population_per_cell": 108.5,
  "max_population_cell": 2123,
  "min_population_cell": 1,
  "population_std": 397.11547905326444,
  "population_density_km2": 3868.1017369054243,
  "closest_population_distance": 91.5888743303063,
  "average_population_distance": 370.53755174451123,
  "farthest_population_distance": 438.1991776280801,
  "population_within_100m": 2,
  "density_within_100m": 63.66197723675813,
  "population_within_250m": 395,
  "density_within_250m": 2011.7184806815571,
  "population_within_500m": 3038,
  "density_within_500m": 3868.1017369054243,
  "population_gini": 0.847761685319289,
  "population_entropy": 1.3846933069203962,
  "population_center_distance": 302.64112485736746,
  "populated_cells_count": 28,
  "empty_cells_ratio": 0.0
}