{
  "total_population": 1759,
  "average_population_per_cell": 48.861111111111114,
  "max_population_cell": 185,
  "min_population_cell": 1,
  "population_std": 46.848175922885055,
  "population_density_km2": 2239.628359189151,
  "closest_population_distance": 43.57925556400658,
  "average_population_distance": 288.3352200691973,
  "farthest_population_distance": 463.4325309955145,
  "population_within_100m": 26,
  "density_within_100m": 827.6057040778556,
  "population_within_250m": 466,
  "density_within_250m": 2373.3185113863433,
  "population_within_500m": 1759,
  "density_within_500m": 2239.628359189151,
  "population_gini": 0.4973943528519993,
  "population_entropy": 3.169524755219748,
  "population_center_distance": 144.0087661104939,
  "populated_cells_count": 36,
  "empty_cells_ratio": 0.0,
  "polygon_weighted_population": 32.15162399217572,
  "polygon_coverage_area": 6.491347937004654e-06
}