{
  "total_population": 4904,
  "average_population_per_cell": 129.05263157894737,
  "max_population_cell": 393,
  "min_population_cell": 2,
  "population_std": 101.80610807577447,
  "population_density_km2": 6243.966727381238,
  "closest_population_distance": 92.00018109076261,
  "average_population_distance": 254.07609362504107,
  "farthest_population_distance": 480.29240783712714,
  "population_within_100m": 30,
  "density_within_100m": 954.929658551372,
  "population_within_250m": 1958,
  "density_within_250m": 9972.012114365794,
  "population_within_500m": 4904,
  "density_within_500m": 6243.966727381238,
  "population_gini": 0.43549841160813946,
  "population_entropy": 3.311536789373357,
  "population_center_distance": 36.54957600275433,
  "populated_cells_count": 38,
  "empty_cells_ratio": 0.0,
  "polygon_weighted_population": 136.0132635669641,
  "polygon_coverage_area": 6.442387928913573e-06
}