{
  "total_population": 2190,
  "average_population_per_cell": 50.93023255813954,
  "max_population_cell": 278,
  "min_population_cell": 1,
  "population_std": 55.797420724155685,
  "population_density_km2": 2788.3946029700064,
  "closest_population_distance": 45.912939953531776,
  "average_population_distance": 254.21133385076922,
  "farthest_population_distance": 463.1275825197123,
  "population_within_100m": 49,
  "density_within_100m": 1559.7184423005742,
  "population_within_250m": 955,
  "density_within_250m": 4863.775060888322,
  "population_within_500m": 2190,
  "density_within_500m": 2788.3946029700064,
  "population_gini": 0.5410852713178295,
  "population_entropy": 3.2581248829483584,
  "population_center_distance": 103.53389265529147,
  "populated_cells_count": 43,
  "empty_cells_ratio": 0.0,
  "polygon_weighted_population": 45.0,
  "polygon_coverage_area": 6.480000000008165e-06
}