{
  "total_population": 3895,
  "average_population_per_cell": 76.37254901960785,
  "max_population_cell": 308,
  "min_population_cell": 2,
  "population_std": 63.52761943731678,
  "population_density_km2": 4959.268026743459,
  "closest_population_distance": 59.13170064313427,
  "average_population_distance": 279.12077609045934,
  "farthest_population_distance": 474.58357267870906,
  "population_within_100m": 323,
  "density_within_100m": 10281.409323736438,
  "population_within_250m": 1268,
  "density_within_250m": 6457.870970896745,
  "population_within_500m": 3895,
  "density_within_500m": 4959.268026743459,
  "population_gini": 0.42178761106496515,
  "population_entropy": 3.62424951487646,
  "population_center_distance": 110.87193848201534,
  "populated_cells_count": 51,
  "empty_cells_ratio": 0.0,
  "polygon_weighted_population": 120.56356856117321,
  "polygon_coverage_area": 4.8209476920692785e-06
}