{
  "total_population": 5847,
  "average_population_per_cell": 129.93333333333334,
  "max_population_cell": 247,
  "min_population_cell": 1,
  "population_std": 69.6593660086515,
  "population_density_km2": 7444.631618066496,
  "closest_population_distance": 49.36649935028409,
  "average_population_distance": 267.13585002351425,
  "farthest_population_distance": 469.1082933940226,
  "population_within_100m": 408,
  "density_within_100m": 12987.043356298658,
  "population_within_250m": 2567,
  "density_within_250m": 13073.623645340651,
  "population_within_500m": 5847,
  "density_within_500m": 7444.631618066496,
  "population_gini": 0.30336544856811654,
  "population_entropy": 3.6313941245627706,
  "population_center_distance": 147.43418605012062,
  "populated_cells_count": 45,
  "empty_cells_ratio": 0.0,
  "polygon_weighted_population": 127.18860613109855,
  "polygon_coverage_area": 2.6702482760898194e-06
}