{
  "total_population": 5520,
  "average_population_per_cell": 131.42857142857142,
  "max_population_cell": 597,
  "min_population_cell": 1,
  "population_std": 96.13231300029899,
  "population_density_km2": 7028.282286938098,
  "closest_population_distance": 42.77667998169109,
  "average_population_distance": 262.9016555756067,
  "farthest_population_distance": 466.2138181966708,
  "population_within_100m": 576,
  "density_within_100m": 18334.649444186343,
  "population_within_250m": 3035,
  "density_within_250m": 15457.128073084876,
  "population_within_500m": 5520,
  "density_within_500m": 7028.282286938098,
  "population_gini": 0.34160628019323674,
  "population_entropy": 3.51618164895529,
  "population_center_distance": 94.26285842988564,
  "populated_cells_count": 42,
  "empty_cells_ratio": 0.0,
  "polygon_weighted_population": 9.586785370676035,
  "polygon_coverage_area": 2.0103392197233917e-06
}