{
  "total_population": 5688,
  "average_population_per_cell": 132.27906976744185,
  "max_population_cell": 281,
  "min_population_cell": 3,
  "population_std": 82.01664336944212,
  "population_density_km2": 7242.186530453606,
  "closest_population_distance": 28.202796335780384,
  "average_population_distance": 282.7704419541464,
  "farthest_population_distance": 447.81617196699824,
  "population_within_100m": 103,
  "density_within_100m": 3278.591827693044,
  "population_within_250m": 1982,
  "density_within_250m": 10094.24311066037,
  "population_within_500m": 5688,
  "density_within_500m": 7242.186530453606,
  "population_gini": 0.3519527033657148,
  "population_entropy": 3.5356862522552905,
  "population_center_distance": 79.33628202586549,
  "populated_cells_count": 43,
  "empty_cells_ratio": 0.0,
  "polygon_weighted_population": 20.959914488410874,
  "polygon_coverage_area": 2.7565734725673426e-06
}