{
  "total_population": 2123,
  "average_population_per_cell": 53.075,
  "max_population_cell": 162,
  "min_population_cell": 1,
  "population_std": 41.8473339530054,
  "population_density_km2": 2703.0875534727506,
  "closest_population_distance": 19.813134217588942,
  "average_population_distance": 229.2199475229098,
  "farthest_population_distance": 498.15975271863044,
  "population_within_100m": 388,
  "density_within_100m": 12350.423583931077,
  "population_within_250m": 1185,
  "density_within_250m": 6035.155442044671,
  "population_within_500m": 2123,
  "density_within_500m": 2703.0875534727506,
  "population_gini": 0.43451483749411207,
  "population_entropy": 3.3739214436653278,
  "population_center_distance": 111.66207250919697,
  "populated_cells_count": 40,
  "empty_cells_ratio": 0.0
}