{
  "total_population": 3632,
  "average_population_per_cell": 78.95652173913044,
  "max_population_cell": 228,
  "min_population_cell": 1,
  "population_std": 59.932909350276056,
  "population_density_km2": 4624.406026478111,
  "closest_population_distance": 34.48951065854424,
  "average_population_distance": 260.10951483649364,
  "farthest_population_distance": 466.3185866836514,
  "population_within_100m": 393,
  "density_within_100m": 12509.578527022974,
  "population_within_250m": 1883,
  "density_within_250m": 9590.040250945245,
  "population_within_500m": 3632,
  "density_within_500m": 4624.406026478111,
  "population_gini": 0.42404472323309716,
  "population_entropy": 3.5176639799120184,
  "population_center_distance": 97.19939334348378,
  "populated_cells_count": 46,
  "empty_cells_ratio": 0.0,
  "polygon_weighted_population": 2.732871389182655,
  "polygon_coverage_area": 3.4096073786437105e-06
}