{
  "total_population": 1197,
  "average_population_per_cell": 34.2,
  "max_population_cell": 94,
  "min_population_cell": 2,
  "population_std": 27.757140045930736,
  "population_density_km2": 1524.0677350479898,
  "closest_population_distance": 71.0087671285862,
  "average_population_distance": 232.59383416413954,
  "farthest_population_distance": 471.74406983162214,
  "population_within_100m": 89,
  "density_within_100m": 2832.957987035737,
  "population_within_250m": 686,
  "density_within_250m": 3493.7693107532864,
  "population_within_500m": 1197,
  "density_within_500m": 1524.0677350479898,
  "population_gini": 0.4451127819548872,
  "population_entropy": 3.2258632344820106,
  "population_center_distance": 97.71866765633516,
  "populated_cells_count": 35,
  "empty_cells_ratio": 0.0
}