{
  "total_population": 5355,
  "average_population_per_cell": 95.625,
  "max_population_cell": 278,
  "min_population_cell": 1,
  "population_std": 72.79099906894083,
  "population_density_km2": 6818.197762056797,
  "closest_population_distance": 32.799437360118915,
  "average_population_distance": 288.45288343751434,
  "farthest_population_distance": 465.18175252355337,
  "population_within_100m": 70,
  "density_within_100m": 2228.1692032865344,
  "population_within_250m": 1538,
  "density_within_250m": 7832.969679210722,
  "population_within_500m": 5355,
  "density_within_500m": 6818.197762056797,
  "population_gini": 0.42072495664932635,
  "population_entropy": 3.731172220822414,
  "population_center_distance": 69.68332308538041,
  "populated_cells_count": 56,
  "empty_cells_ratio": 0.0,
  "polygon_weighted_population": 77.84240968452214,
  "polygon_coverage_area": 8.111606073428438e-06
}