{
  "total_population": 1229,
  "average_population_per_cell": 30.725,
  "max_population_cell": 138,
  "min_population_cell": 1,
  "population_std": 31.856237564955343,
  "population_density_km2": 1564.811400479515,
  "closest_population_distance": 59.42218942982583,
  "average_population_distance": 303.85870051132565,
  "farthest_population_distance": 461.6474507738993,
  "population_within_100m": 26,
  "density_within_100m": 827.6057040778556,
  "population_within_250m": 403,
  "density_within_250m": 2052.4621461130823,
  "population_within_500m": 1229,
  "density_within_500m": 1564.811400479515,
  "population_gini": 0.5164564686737185,
  "population_entropy": 3.2372084065379996,
  "population_center_distance": 292.164842199642,
  "populated_cells_count": 40,
  "empty_cells_ratio": 0.0,
  "polygon_weighted_population": 18.92869391970225,
  "polygon_coverage_area": 6.5559125533765395e-06
}