{
  "total_population": 1237,
  "average_population_per_cell": 112.45454545454545,
  "max_population_cell": 192,
  "min_population_cell": 11,
  "population_std": 58.215742950448785,
  "population_density_km2": 1574.9973168373963,
  "closest_population_distance": 80.59406622220982,
  "average_population_distance": 195.89498811026337,
  "farthest_population_distance": 384.3758710045854,
  "population_within_100m": 156,
  "density_within_100m": 4965.634224467134,
  "population_within_250m": 989,
  "density_within_250m": 5036.935638972303,
  "population_within_500m": 1237,
  "density_within_500m": 1574.9973168373963,
  "population_gini": 0.2783861247887117,
  "population_entropy": 2.2525498260841825,
  "population_center_distance": 131.68177012848017,
  "populated_cells_count": 11,
  "empty_cells_ratio": 0.0
}