{
  "total_population": 7723,
  "average_population_per_cell": 164.31914893617022,
  "max_population_cell": 345,
  "min_population_cell": 8,
  "population_std": 81.90984078028262,
  "population_density_km2": 9833.229003989662,
  "closest_population_distance": 44.96561258189856,
  "average_population_distance": 281.71232764827056,
  "farthest_population_distance": 467.03700912496487,
  "population_within_100m": 662,
  "density_within_100m": 21072.11446536694,
  "population_within_250m": 2949,
  "density_within_250m": 15019.133669695979,
  "population_within_500m": 7723,
  "density_within_500m": 9833.229003989662,
  "population_gini": 0.28278615134125484,
  "population_entropy": 3.714361534556545,
  "population_center_distance": 72.357441144232,
  "populated_cells_count": 47,
  "empty_cells_ratio": 0.0,
  "polygon_weighted_population": 344.0,
  "polygon_coverage_area": 6.480000000008165e-06
}