{
  "total_population": 2604,
  "average_population_per_cell": 57.86666666666667,
  "max_population_cell": 166,
  "min_population_cell": 7,
  "population_std": 38.63559357521366,
  "population_density_km2": 3315.5157744903636,
  "closest_population_distance": 17.675497327036965,
  "average_population_distance": 258.67829110970075,
  "farthest_population_distance": 464.58345618650185,
  "population_within_100m": 309,
  "density_within_100m": 9835.775483079131,
  "population_within_250m": 1093,
  "density_within_250m": 5566.603289582132,
  "population_within_500m": 2604,
  "density_within_500m": 3315.5157744903636,
  "population_gini": 0.3633043181430278,
  "population_entropy": 3.59091872245439,
  "population_center_distance": 106.25989844546889,
  "populated_cells_count": 45,
  "empty_cells_ratio": 0.0,
  "polygon_weighted_population": 136.0309105596593,
  "polygon_coverage_area": 4.2755190525642875e-06
}