{
  "total_population": 1147,
  "average_population_per_cell": 81.92857142857143,
  "max_population_cell": 216,
  "min_population_cell": 2,
  "population_std": 73.4579568771922,
  "population_density_km2": 1460.4057578112318,
  "closest_population_distance": 45.668622886747556,
  "average_population_distance": 301.69782340481765,
  "farthest_population_distance": 468.7672973012155,
  "population_within_100m": 235,
  "density_within_100m": 7480.28232531908,
  "population_within_250m": 418,
  "density_within_250m": 2128.856518797192,
  "population_within_500m": 1147,
  "density_within_500m": 1460.4057578112318,
  "population_gini": 0.4774567193922033,
  "population_entropy": 2.2477768796319673,
  "population_center_distance": 253.6403868553998,
  "populated_cells_count": 14,
  "empty_cells_ratio": 0.0,
  "polygon_weighted_population": 2.0,
  "polygon_coverage_area": 3.2400000000040826e-06
}