{
  "total_population": 3079,
  "average_population_per_cell": 66.93478260869566,
  "max_population_cell": 308,
  "min_population_cell": 1,
  "population_std": 73.10826132795209,
  "population_density_km2": 3920.304558239566,
  "closest_population_distance": 71.56270846789444,
  "average_population_distance": 253.01660403139186,
  "farthest_population_distance": 447.94997793627186,
  "population_within_100m": 129,
  "density_within_100m": 4106.197531770899,
  "population_within_250m": 1626,
  "density_within_250m": 8281.149998957499,
  "population_within_500m": 3079,
  "density_within_500m": 3920.304558239566,
  "population_gini": 0.5402728158493018,
  "population_entropy": 3.3275998612643196,
  "population_center_distance": 206.13635035270954,
  "populated_cells_count": 46,
  "empty_cells_ratio": 0.0,
  "polygon_weighted_population": 48.19807658414447,
  "polygon_coverage_area": 2.946448455336318e-06
}