{
  "total_population": 3324,
  "average_population_per_cell": 70.72340425531915,
  "max_population_cell": 236,
  "min_population_cell": 4,
  "population_std": 55.14711633742081,
  "population_density_km2": 4232.248246699681,
  "closest_population_distance": 72.44144744323081,
  "average_population_distance": 282.0348420864552,
  "farthest_population_distance": 474.8103224870451,
  "population_within_100m": 131,
  "density_within_100m": 4169.859509007658,
  "population_within_250m": 1089,
  "density_within_250m": 5546.231456866369,
  "population_within_500m": 3324,
  "density_within_500m": 4232.248246699681,
  "population_gini": 0.4207184371559516,
  "population_entropy": 3.5531761607907266,
  "population_center_distance": 64.47203228602555,
  "populated_cells_count": 47,
  "empty_cells_ratio": 0.0,
  "polygon_weighted_population": 103.11190358945565,
  "polygon_coverage_area": 6.790446248720752e-06
}