{
  "total_population": 5039,
  "average_population_per_cell": 136.1891891891892,
  "max_population_cell": 380,
  "min_population_cell": 21,
  "population_std": 77.31100174613566,
  "population_density_km2": 6415.854065920485,
  "closest_population_distance": 76.75906656404656,
  "average_population_distance": 289.6680812350763,
  "farthest_population_distance": 461.3718741720943,
  "population_within_100m": 444,
  "density_within_100m": 14132.958946560306,
  "population_within_250m": 1878,
  "density_within_250m": 9564.575460050542,
  "population_within_500m": 5039,
  "density_within_500m": 6415.854065920485,
  "population_gini": 0.30503692817643996,
  "population_entropy": 3.459997525069914,
  "population_center_distance": 30.912024335695854,
  "populated_cells_count": 37,
  "empty_cells_ratio": 0.0,
  "polygon_weighted_population": 99.82924055225905,
  "polygon_coverage_area": 2.2575679035423462e-06
}