{
  "total_population": 4479,
  "average_population_per_cell": 114.84615384615384,
  "max_population_cell": 333,
  "min_population_cell": 11,
  "population_std": 87.83463483685166,
  "population_density_km2": 5702.839920868794,
  "closest_population_distance": 71.84830843514979,
  "average_population_distance": 256.18698863530284,
  "farthest_population_distance": 415.50108906042016,
  "population_within_100m": 391,
  "density_within_100m": 12445.916549786214,
  "population_within_250m": 1976,
  "density_within_250m": 10063.685361586726,
  "population_within_500m": 4479,
  "density_within_500m": 5702.839920868794,
  "population_gini": 0.41980524498943783,
  "population_entropy": 3.374271219945828,
  "population_center_distance": 97.62983107666692,
  "populated_cells_count": 39,
  "empty_cells_ratio": 0.0,
  "polygon_weighted_population": 250.69705154492075,
  "polygon_coverage_area": 3.2858203917169777e-06
}