{
  "total_population": 4205,
  "average_population_per_cell": 116.80555555555556,
  "max_population_cell": 380,
  "min_population_cell": 1,
  "population_std": 72.0066740733879,
  "population_density_km2": 5353.972285611359,
  "closest_population_distance": 17.35151399758001,
  "average_population_distance": 258.01084241163835,
  "farthest_population_distance": 492.52991849142455,
  "population_within_100m": 675,
  "density_within_100m": 21485.91731740587,
  "population_within_250m": 1870,
  "density_within_250m": 9523.831794619016,
  "population_within_500m": 4205,
  "density_within_500m": 5353.972285611359,
  "population_gini": 0.3106156691769058,
  "population_entropy": 3.4076745665904116,
  "population_center_distance": 73.4187032373768,
  "populated_cells_count": 36,
  "empty_cells_ratio": 0.0,
  "polygon_weighted_population": 0.15699823626002282,
  "polygon_coverage_area": 3.1792142842694686e-09
}