{
  "total_population": 2625,
  "average_population_per_cell": 79.54545454545455,
  "max_population_cell": 219,
  "min_population_cell": 12,
  "population_std": 51.066801170801575,
  "population_density_km2": 3342.2538049298023,
  "closest_population_distance": 39.132253904435146,
  "average_population_distance": 296.55510074468975,
  "farthest_population_distance": 453.46296783587064,
  "population_within_100m": 144,
  "density_within_100m": 4583.662361046586,
  "population_within_250m": 709,
  "density_within_250m": 3610.9073488689214,
  "population_within_500m": 2625,
  "density_within_500m": 3342.2538049298023,
  "population_gini": 0.35119191919191917,
  "population_entropy": 3.2998922656408562,
  "population_center_distance": 157.2980531602185,
  "populated_cells_count": 33,
  "empty_cells_ratio": 0.0,
  "polygon_weighted_population": 15.0,
  "polygon_coverage_area": 3.2400000000040826e-06
}