{
  "total_population": 1363,
  "average_population_per_cell": 56.791666666666664,
  "max_population_cell": 263,
  "min_population_cell": 1,
  "population_std": 61.901028415048,
  "population_density_km2": 1735.4254994740268,
  "closest_population_distance": 136.57944354082957,
  "average_population_distance": 331.99205112543206,
  "farthest_population_distance": 478.40548965702504,
  "population_within_100m": 0,
  "density_within_100m": 0.0,
  "population_within_250m": 219,
  "density_within_250m": 1115.3578411880026,
  "population_within_500m": 1363,
  "density_within_500m": 1735.4254994740268,
  "population_gini": 0.533779652726828,
  "population_entropy": 2.6842068609303746,
  "population_center_distance": 322.66441004120674,
  "populated_cells_count": 24,
  "empty_cells_ratio": 0.0,
  "polygon_weighted_population": 120.98678667645268,
  "polygon_coverage_area": 4.067198891632392e-06
}