{
  "total_population": 1968,
  "average_population_per_cell": 43.733333333333334,
  "max_population_cell": 138,
  "min_population_cell": 1,
  "population_std": 35.68638650547547,
  "population_density_km2": 2505.7354240388004,
  "closest_population_distance": 32.58227564507854,
  "average_population_distance": 292.0878938576934,
  "farthest_population_distance": 488.1309917011016,
  "population_within_100m": 62,
  "density_within_100m": 1973.521294339502,
  "population_within_250m": 843,
  "density_within_250m": 4293.363744846969,
  "population_within_500m": 1968,
  "density_within_500m": 2505.7354240388004,
  "population_gini": 0.4249774164408311,
  "population_entropy": 3.506983595480452,
  "population_center_distance": 58.38221892323115,
  "populated_cells_count": 45,
  "empty_cells_ratio": 0.0,
  "polygon_weighted_population": 44.57615528953606,
  "polygon_coverage_area": 3.3248519608283715e-06
}