{
  "total_population": 3854,
  "average_population_per_cell": 89.62790697674419,
  "max_population_cell": 185,
  "min_population_cell": 1,
  "population_std": 59.574692316138474,
  "population_density_km2": 4907.065205409317,
  "closest_population_distance": 16.95595040780937,
  "average_population_distance": 277.6990637585198,
  "farthest_population_distance": 492.6835665090248,
  "population_within_100m": 83,
  "density_within_100m": 2641.9720553254624,
  "population_within_250m": 1633,
  "density_within_250m": 8316.800706210082,
  "population_within_500m": 3854,
  "density_within_500m": 4907.065205409317,
  "population_gini": 0.37456704601682334,
  "population_entropy": 3.4833309414226408,
  "population_center_distance": 121.63789758935117,
  "populated_cells_count": 43,
  "empty_cells_ratio": 0.0,
  "polygon_weighted_population": 20.74909643668042,
  "polygon_coverage_area": 4.255667816748927e-06
}