{
  "total_population": 2579,
  "average_population_per_cell": 103.16,
  "max_population_cell": 376,
  "min_population_cell": 2,
  "population_std": 94.9033192254096,
  "population_density_km2": 3283.684785871985,
  "closest_population_distance": 56.629292611042395,
  "average_population_distance": 220.7679966523035,
  "farthest_population_distance": 412.22899174541567,
  "population_within_100m": 441,
  "density_within_100m": 14037.465980705168,
  "population_within_250m": 1515,
  "density_within_250m": 7715.8316410950865,
  "population_within_500m": 2579,
  "density_within_500m": 3283.684785871985,
  "population_gini": 0.4718728189220628,
  "population_entropy": 2.833059708628333,
  "population_center_distance": 214.29248731532792,
  "populated_cells_count": 25,
  "empty_cells_ratio": 0.0,
  "polygon_weighted_population": 376.0,
  "polygon_coverage_area": 3.2400000000040826e-06
}