{
  "total_population": 3628,
  "average_population_per_cell": 65.96363636363637,
  "max_population_cell": 181,
  "min_population_cell": 11,
  "population_std": 36.24349935907467,
  "population_density_km2": 4619.3130682991705,
  "closest_population_distance": 51.06061768647543,
  "average_population_distance": 279.4270763121256,
  "farthest_population_distance": 478.15336624515436,
  "population_within_100m": 234,
  "density_within_100m": 7448.451336700701,
  "population_within_250m": 1580,
  "density_within_250m": 8046.873922726229,
  "population_within_500m": 3628,
  "density_within_500m": 4619.3130682991705,
  "population_gini": 0.29728375263105133,
  "population_entropy": 3.8617279814427965,
  "population_center_distance": 42.420126880077184,
  "populated_cells_count": 55,
  "empty_cells_ratio": 0.0,
  "polygon_weighted_population": 30.82369735423341,
  "polygon_coverage_area": 3.1939990890746603e-06
}