{
  "total_population": 4655,
  "average_population_per_cell": 110.83333333333333,
  "max_population_cell": 256,
  "min_population_cell": 1,
  "population_std": 74.26022691059467,
  "population_density_km2": 5926.930080742182,
  "closest_population_distance": 76.46410793569196,
  "average_population_distance": 287.7134661324812,
  "farthest_population_distance": 484.6669325014314,
  "population_within_100m": 32,
  "density_within_100m": 1018.5916357881301,
  "population_within_250m": 1711,
  "density_within_250m": 8714.051444167453,
  "population_within_500m": 4655,
  "density_within_500m": 5926.930080742182,
  "population_gini": 0.3772952790138612,
  "population_entropy": 3.4913106832950476,
  "population_center_distance": 12.40625568183932,
  "populated_cells_count": 42,
  "empty_cells_ratio": 0.0,
  "polygon_weighted_population": 4.964983685949288,
  "polygon_coverage_area": 1.6086547142495963e-06
}