{
  "total_population": 3236,
  "average_population_per_cell": 66.04081632653062,
  "max_population_cell": 181,
  "min_population_cell": 5,
  "population_std": 40.09673676647176,
  "population_density_km2": 4120.203166762986,
  "closest_population_distance": 69.2134387341713,
  "average_population_distance": 274.61830816083716,
  "farthest_population_distance": 410.4594032725974,
  "population_within_100m": 87,
  "density_within_100m": 2769.2960097989785,
  "population_within_250m": 1153,
  "density_within_250m": 5872.18078031857,
  "population_within_500m": 3236,
  "density_within_500m": 4120.203166762986,
  "population_gini": 0.33958527786887305,
  "population_entropy": 3.7001000082443665,
  "population_center_distance": 20.686880565016402,
  "populated_cells_count": 49,
  "empty_cells_ratio": 0.0,
  "polygon_weighted_population": 119.0,
  "polygon_coverage_area": 6.480000000008165e-06
}