{
  "total_population": 1471,
  "average_population_per_cell": 40.861111111111114,
  "max_population_cell": 195,
  "min_population_cell": 2,
  "population_std": 41.56520026435423,
  "population_density_km2": 1872.9353703054244,
  "closest_population_distance": 33.37380314146308,
  "average_population_distance": 255.39092356216003,
  "farthest_population_distance": 426.35917177087407,
  "population_within_100m": 215,
  "density_within_100m": 6843.6625529514995,
  "population_within_250m": 700,
  "density_within_250m": 3565.0707252584557,
  "population_within_500m": 1471,
  "density_within_500m": 1872.9353703054244,
  "population_gini": 0.4832502454868193,
  "population_entropy": 3.1852869701966515,
  "population_center_distance": 93.41726730244392,
  "populated_cells_count": 36,
  "empty_cells_ratio": 0.0,
  "polygon_weighted_population": 8.829033102586127,
  "polygon_coverage_area": 3.116442227124754e-06
}