{
  "total_population": 6854,
  "average_population_per_cell": 134.3921568627451,
  "max_population_cell": 439,
  "min_population_cell": 37,
  "population_std": 76.76251127506774,
  "population_density_km2": 8726.783839614805,
  "closest_population_distance": 25.83824235633036,
  "average_population_distance": 276.9796493144295,
  "farthest_population_distance": 483.19961985394286,
  "population_within_100m": 516,
  "density_within_100m": 16424.790127083597,
  "population_within_250m": 2900,
  "density_within_250m": 14769.578718927887,
  "population_within_500m": 6854,
  "density_within_500m": 8726.783839614805,
  "population_gini": 0.2972187415964343,
  "population_entropy": 3.7869324783501974,
  "population_center_distance": 80.5598285005318,
  "populated_cells_count": 51,
  "empty_cells_ratio": 0.0,
  "polygon_weighted_population": 870.1815693222529,
  "polygon_coverage_area": 1.0756916417956454e-05
}