{
  "total_population": 2513,
  "average_population_per_cell": 78.53125,
  "max_population_cell": 130,
  "min_population_cell": 8,
  "population_std": 32.87217116493485,
  "population_density_km2": 3199.650975919464,
  "closest_population_distance": 68.11835466032481,
  "average_population_distance": 267.0734899333885,
  "farthest_population_distance": 451.04454210244785,
  "population_within_100m": 197,
  "density_within_100m": 6270.704757820676,
  "population_within_250m": 1000,
  "density_within_250m": 5092.958178940651,
  "population_within_500m": 2513,
  "density_within_500m": 3199.650975919464,
  "population_gini": 0.2339459808993235,
  "population_entropy": 3.3684465888188555,
  "population_center_distance": 159.75360282887067,
  "populated_cells_count": 32,
  "empty_cells_ratio": 0.0,
  "polygon_weighted_population": 9.142169230448278,
  "polygon_coverage_area": 2.5102223682204303e-07
}