{
  "total_population": 1767,
  "average_population_per_cell": 46.5,
  "max_population_cell": 152,
  "min_population_cell": 2,
  "population_std": 39.45147549736155,
  "population_density_km2": 2249.8142755470326,
  "closest_population_distance": 80.96161578127749,
  "average_population_distance": 228.46730685345662,
  "farthest_population_distance": 419.93314135373873,
  "population_within_100m": 129,
  "density_within_100m": 4106.197531770899,
  "population_within_250m": 1068,
  "density_within_250m": 5439.279335108615,
  "population_within_500m": 1767,
  "density_within_500m": 2249.8142755470326,
  "population_gini": 0.45898489857921543,
  "population_entropy": 3.290513410900157,
  "population_center_distance": 224.97506696938947,
  "populated_cells_count": 38,
  "empty_cells_ratio": 0.0,
  "polygon_weighted_population": 68.82204398491099,
  "polygon_coverage_area": 6.870585562786448e-06
}