{
  "total_population": 1698,
  "average_population_per_cell": 45.891891891891895,
  "max_population_cell": 184,
  "min_population_cell": 1,
  "population_std": 43.22858094143515,
  "population_density_km2": 2161.9607469603066,
  "closest_population_distance": 67.18641194634523,
  "average_population_distance": 241.58726873692123,
  "farthest_population_distance": 444.38252525540463,
  "population_within_100m": 74,
  "density_within_100m": 2355.493157760051,
  "population_within_250m": 964,
  "density_within_250m": 4909.611684498787,
  "population_within_500m": 1698,
  "density_within_500m": 2161.9607469603066,
  "population_gini": 0.4930442810301468,
  "population_entropy": 3.2009912874730713,
  "population_center_distance": 57.535233256135164,
  "populated_cells_count": 37,
  "empty_cells_ratio": 0.0
}