{
  "total_population": 4118,
  "average_population_per_cell": 108.36842105263158,
  "max_population_cell": 460,
  "min_population_cell": 2,
  "population_std": 95.52456060365118,
  "population_density_km2": 5243.2004452194005,
  "closest_population_distance": 56.452992288558924,
  "average_population_distance": 279.83920178254465,
  "farthest_population_distance": 494.7561874096618,
  "population_within_100m": 462,
  "density_within_100m": 14705.916741691128,
  "population_within_250m": 1197,
  "density_within_250m": 6096.270940191959,
  "population_within_500m": 4118,
  "density_within_500m": 5243.2004452194005,
  "population_gini": 0.45966360778098714,
  "population_entropy": 3.2749413993564094,
  "population_center_distance": 161.42459299117027,
  "populated_cells_count": 38,
  "empty_cells_ratio": 0.0,
  "polygon_weighted_population": 9.44850013712137,
  "polygon_coverage_area": 1.6112179181216743e-06
}