{
  "total_population": 1159,
  "average_population_per_cell": 52.68181818181818,
  "max_population_cell": 184,
  "min_population_cell": 1,
  "population_std": 54.10429642620715,
  "population_density_km2": 1475.6846323480536,
  "closest_population_distance": 66.78396894289823,
  "average_population_distance": 356.3970189092353,
  "farthest_population_distance": 479.186593040614,
  "population_within_100m": 18,
  "density_within_100m": 572.9577951308232,
  "population_within_250m": 165,
  "density_within_250m": 840.3380995252074,
  "population_within_500m": 1159,
  "density_within_500m": 1475.6846323480536,
  "population_gini": 0.5403168875990274,
  "population_entropy": 2.5506144866025378,
  "population_center_distance": 263.09176680326357,
  "populated_cells_count": 22,
  "empty_cells_ratio": 0.0
}