{
  "total_population": 1650,
  "average_population_per_cell": 50.0,
  "max_population_cell": 211,
  "min_population_cell": 1,
  "population_std": 52.53629697647142,
  "population_density_km2": 2100.8452488130183,
  "closest_population_distance": 59.383984915092704,
  "average_population_distance": 328.41830305544835,
  "farthest_population_distance": 480.2926695614287,
  "population_within_100m": 3,
  "density_within_100m": 95.4929658551372,
  "population_within_250m": 376,
  "density_within_250m": 1914.9522752816847,
  "population_within_500m": 1650,
  "density_within_500m": 2100.8452488130183,
  "population_gini": 0.5346556473829202,
  "population_entropy": 3.003632027837247,
  "population_center_distance": 254.88536733783485,
  "populated_cells_count": 33,
  "empty_cells_ratio": 0.0,
  "polygon_weighted_population": 32.23517803020834,
  "polygon_coverage_area": 5.1660776691228416e-06
}