{
  "total_population": 1436,
  "average_population_per_cell": 36.82051282051282,
  "max_population_cell": 133,
  "min_population_cell": 2,
  "population_std": 38.152651694332356,
  "population_density_km2": 1828.3719862396938,
  "closest_population_distance": 39.48206246441921,
  "average_population_distance": 272.9732198435144,
  "farthest_population_distance": 436.8200445579045,
  "population_within_100m": 179,
  "density_within_100m": 5697.746962689853,
  "population_within_250m": 567,
  "density_within_250m": 2887.707287459349,
  "population_within_500m": 1436,
  "density_within_500m": 1828.3719862396938,
  "population_gini": 0.5240697093064781,
  "population_entropy": 3.2037683689492407,
  "population_center_distance": 149.81534924028338,
  "populated_cells_count": 39,
  "empty_cells_ratio": 0.0,
  "polygon_weighted_population": 10.555817471399813,
  "polygon_coverage_area": 3.5768003148145995e-06
}