{
  "total_population": 3428,
  "average_population_per_cell": 90.21052631578948,
  "max_population_cell": 461,
  "min_population_cell": 2,
  "population_std": 86.02832905337348,
  "population_density_km2": 4364.665159352138,
  "closest_population_distance": 127.62716097325335,
  "average_population_distance": 281.55753626600927,
  "farthest_population_distance": 485.2530098217253,
  "population_within_100m": 0,
  "density_within_100m": 0.0,
  "population_within_250m": 1101,
  "density_within_250m": 5607.346955013657,
  "population_within_500m": 3428,
  "density_within_500m": 4364.665159352138,
  "population_gini": 0.4614475219554136,
  "population_entropy": 3.2684547525664454,
  "population_center_distance": 184.19305487861598,
  "populated_cells_count": 38,
  "empty_cells_ratio": 0.0,
  "polygon_weighted_population": 70.94992811113075,
  "polygon_coverage_area": 3.63342381796506e-06
}