{
  "total_population": 2597,
  "average_population_per_cell": 74.2,
  "max_population_cell": 256,
  "min_population_cell": 3,
  "population_std": 60.431682380139954,
  "population_density_km2": 3306.6030976772176,
  "closest_population_distance": 45.9772400055665,
  "average_population_distance": 215.30457218918497,
  "farthest_population_distance": 445.65540733453275,
  "population_within_100m": 650,
  "density_within_100m": 20690.142601946394,
  "population_within_250m": 1774,
  "density_within_250m": 9034.907809440714,
  "population_within_500m": 2597,
  "density_within_500m": 3306.6030976772176,
  "population_gini": 0.4357775455195555,
  "population_entropy": 3.2404026389711436,
  "population_center_distance": 9.021330922014425,
  "populated_cells_count": 35,
  "empty_cells_ratio": 0.0,
  "polygon_weighted_population": 184.012930184869,
  "polygon_coverage_area": 6.0928757519667004e-06
}