{
  "total_population": 3023,
  "average_population_per_cell": 61.69387755102041,
  "max_population_cell": 174,
  "min_population_cell": 1,
  "population_std": 40.01572820031345,
  "population_density_km2": 3849.003143734397,
  "closest_population_distance": 61.56066489787993,
  "average_population_distance": 284.64303729507503,
  "farthest_population_distance": 472.3989934761867,
  "population_within_100m": 91,
  "density_within_100m": 2896.619964272495,
  "population_within_250m": 1199,
  "density_within_250m": 6106.45685654984,
  "population_within_500m": 3023,
  "density_within_500m": 3849.003143734397,
  "population_gini": 0.3562888602347985,
  "population_entropy": 3.6847176518363027,
  "population_center_distance": 98.45873477026979,
  "populated_cells_count": 49,
  "empty_cells_ratio": 0.0,
  "polygon_weighted_population": 209.6614667694411,
  "polygon_coverage_area": 7.930980550690455e-06
}