{
  "total_population": 2021,
  "average_population_per_cell": 45.93181818181818,
  "max_population_cell": 153,
  "min_population_cell": 7,
  "population_std": 35.22446145776297,
  "population_density_km2": 2573.217119909764,
  "closest_population_distance": 54.31324003420471,
  "average_population_distance": 282.8161666445887,
  "farthest_population_distance": 456.9855207757735,
  "population_within_100m": 107,
  "density_within_100m": 3405.91578216656,
  "population_within_250m": 654,
  "density_within_250m": 3330.7946490271856,
  "population_within_500m": 2021,
  "density_within_500m": 2573.217119909764,
  "population_gini": 0.40374926903872965,
  "population_entropy": 3.5167079241810453,
  "population_center_distance": 34.45066019738255,
  "populated_cells_count": 44,
  "empty_cells_ratio": 0.0,
  "polygon_weighted_population": 135.42535528919754,
  "polygon_coverage_area": 6.531042634711935e-06
}