{
  "total_population": 7229,
  "average_population_per_cell": 150.60416666666666,
  "max_population_cell": 378,
  "min_population_cell": 1,
  "population_std": 102.8807902552566,
  "population_density_km2": 9204.248668890492,
  "closest_population_distance": 73.787318897893,
  "average_population_distance": 304.6786170445286,
  "farthest_population_distance": 463.56446719124784,
  "population_within_100m": 486,
  "density_within_100m": 15469.860468532226,
  "population_within_250m": 2773,
  "density_within_250m": 14122.773030202425,
  "population_within_500m": 7229,
  "density_within_500m": 9204.248668890492,
  "population_gini": 0.3868821183197307,
  "population_entropy": 3.6144968299829037,
  "population_center_distance": 89.47630753920352,
  "populated_cells_count": 48,
  "empty_cells_ratio": 0.0,
  "polygon_weighted_population": 215.35694235209579,
  "polygon_coverage_area": 4.5635002860011875e-06
}