{
  "total_population": 2922,
  "average_population_per_cell": 69.57142857142857,
  "max_population_cell": 201,
  "min_population_cell": 1,
  "population_std": 47.63332654675094,
  "population_density_km2": 3720.4059497161456,
  "closest_population_distance": 44.70385197860462,
  "average_population_distance": 249.35629966356186,
  "farthest_population_distance": 463.3397047797464,
  "population_within_100m": 106,
  "density_within_100m": 3374.084793548181,
  "population_within_250m": 1604,
  "density_within_250m": 8169.104919020804,
  "population_within_500m": 2922,
  "density_within_500m": 3720.4059497161456,
  "population_gini": 0.3780678595873668,
  "population_entropy": 3.5033856692920615,
  "population_center_distance": 101.01373428857278,
  "populated_cells_count": 42,
  "empty_cells_ratio": 0.0,
  "polygon_weighted_population": 45.300529751351235,
  "polygon_coverage_area": 6.6278910581420255e-06
}