{
  "total_population": 2470,
  "average_population_per_cell": 79.6774193548387,
  "max_population_cell": 268,
  "min_population_cell": 1,
  "population_std": 68.8018348092424,
  "population_density_km2": 3144.901675495852,
  "closest_population_distance": 99.68976257539117,
  "average_population_distance": 304.3423272039411,
  "farthest_population_distance": 464.9022378726632,
  "population_within_100m": 113,
  "density_within_100m": 3596.9017138768345,
  "population_within_250m": 830,
  "density_within_250m": 4227.15528852074,
  "population_within_500m": 2470,
  "density_within_500m": 3144.901675495852,
  "population_gini": 0.46446388925166515,
  "population_entropy": 3.0621022568627856,
  "population_center_distance": 174.96925541142969,
  "populated_cells_count": 31,
  "empty_cells_ratio": 0.0,
  "polygon_weighted_population": 130.1201378658413,
  "polygon_coverage_area": 2.3163234879194783e-06
}