{
  "total_population": 2245,
  "average_population_per_cell": 83.14814814814815,
  "max_population_cell": 216,
  "min_population_cell": 4,
  "population_std": 65.44034494437469,
  "population_density_km2": 2858.42277793044,
  "closest_population_distance": 63.63190150088349,
  "average_population_distance": 234.1051253046786,
  "farthest_population_distance": 394.4018151658809,
  "population_within_100m": 116,
  "density_within_100m": 3692.394679731972,
  "population_within_250m": 1342,
  "density_within_250m": 6834.749876138354,
  "population_within_500m": 2245,
  "density_within_500m": 2858.42277793044,
  "population_gini": 0.4252082817784377,
  "population_entropy": 2.998988568693909,
  "population_center_distance": 83.66387203131953,
  "populated_cells_count": 27,
  "empty_cells_ratio": 0.0,
  "polygon_weighted_population": 36.009033151046545,
  "polygon_coverage_area": 3.254633704701101e-06
}