{
  "total_population": 2765,
  "average_population_per_cell": 64.30232558139535,
  "max_population_cell": 185,
  "min_population_cell": 1,
  "population_std": 45.88418904139759,
  "population_density_km2": 3520.507341192725,
  "closest_population_distance": 31.81944061714893,
  "average_population_distance": 287.4892719273238,
  "farthest_population_distance": 462.3569403834218,
  "population_within_100m": 20,
  "density_within_100m": 636.6197723675813,
  "population_within_250m": 1067,
  "density_within_250m": 5434.186376929674,
  "population_within_500m": 2765,
  "density_within_500m": 3520.507341192725,
  "population_gini": 0.3911518566802641,
  "population_entropy": 3.4950012612108816,
  "population_center_distance": 78.55058063317695,
  "populated_cells_count": 43,
  "empty_cells_ratio": 0.0,
  "polygon_weighted_population": 265.19909562064004,
  "polygon_coverage_area": 6.48833303655983e-06
}