{
  "total_population": 3825,
  "average_population_per_cell": 112.5,
  "max_population_cell": 311,
  "min_population_cell": 13,
  "population_std": 64.39473439794452,
  "population_density_km2": 4870.141258611998,
  "closest_population_distance": 59.19461693363333,
  "average_population_distance": 268.75635440979687,
  "farthest_population_distance": 452.59259763063966,
  "population_within_100m": 328,
  "density_within_100m": 10440.564266828333,
  "population_within_250m": 1590,
  "density_within_250m": 8097.803504515635,
  "population_within_500m": 3825,
  "density_within_500m": 4870.141258611998,
  "population_gini": 0.30802768166089967,
  "population_entropy": 3.3629016654758197,
  "population_center_distance": 190.93711509544843,
  "populated_cells_count": 34,
  "empty_cells_ratio": 0.0,
  "polygon_weighted_population": 141.1972711201993,
  "polygon_coverage_area": 3.896522112399118e-06
}