{
  "total_population": 2362,
  "average_population_per_cell": 90.84615384615384,
  "max_population_cell": 319,
  "min_population_cell": 5,
  "population_std": 83.39097903619663,
  "population_density_km2": 3007.3918046644544,
  "closest_population_distance": 87.77503857232571,
  "average_population_distance": 312.49268051879096,
  "farthest_population_distance": 434.3397225567779,
  "population_within_100m": 126,
  "density_within_100m": 4010.7045659157625,
  "population_within_250m": 317,
  "density_within_250m": 1614.4677427241863,
  "population_within_500m": 2362,
  "density_within_500m": 3007.3918046644544,
  "population_gini": 0.4566534227838207,
  "population_entropy": 2.9089176372474403,
  "population_center_distance": 90.40758825095013,
  "populated_cells_count": 26,
  "empty_cells_ratio": 0.0,
  "polygon_weighted_population": 51.51496680595922,
  "polygon_coverage_area": 2.3143347393823764e-06
}