{
  "total_population": 2167,
  "average_population_per_cell": 65.66666666666667,
  "max_population_cell": 203,
  "min_population_cell": 2,
  "population_std": 58.81042991397585,
  "population_density_km2": 2759.1100934410974,
  "closest_population_distance": 19.697258322393417,
  "average_population_distance": 255.8991115507863,
  "farthest_population_distance": 444.8871035512798,
  "population_within_100m": 240,
  "density_within_100m": 7639.437268410976,
  "population_within_250m": 1052,
  "density_within_250m": 5357.792004245564,
  "population_within_500m": 2167,
  "density_within_500m": 2759.1100934410974,
  "population_gini": 0.48305855043280055,
  "population_entropy": 3.103031911633781,
  "population_center_distance": 120.04082900020558,
  "populated_cells_count": 33,
  "empty_cells_ratio": 0.0,
  "polygon_weighted_population": 51.014665685426415,
  "polygon_coverage_area": 6.231158606460847e-06
}