{
  "total_population": 705,
  "average_population_per_cell": 27.115384615384617,
  "max_population_cell": 130,
  "min_population_cell": 1,
  "population_std": 33.34105807928348,
  "population_density_km2": 897.6338790382897,
  "closest_population_distance": 73.09862206917424,
  "average_population_distance": 283.2815258066795,
  "farthest_population_distance": 478.71365167889655,
  "population_within_100m": 76,
  "density_within_100m": 2419.155134996809,
  "population_within_250m": 167,
  "density_within_250m": 850.5240158830887,
  "population_within_500m": 705,
  "density_within_500m": 897.6338790382897,
  "population_gini": 0.5979814511729405,
  "population_entropy": 2.6332876252560378,
  "population_center_distance": 164.56048038119204,
  "populated_cells_count": 26,
  "empty_cells_ratio": 0.0,
  "polygon_weighted_population": 28.888898286238824,
  "polygon_coverage_area": 1.9102047030108515e-06
}