{
  "total_population": 4831,
  "average_population_per_cell": 96.62,
  "max_population_cell": 235,
  "min_population_cell": 3,
  "population_std": 63.75939786671868,
  "population_density_km2": 6151.020240615571,
  "closest_population_distance": 71.1318257662051,
  "average_population_distance": 294.7727741257662,
  "farthest_population_distance": 470.06369750214276,
  "population_within_100m": 480,
  "density_within_100m": 15278.874536821952,
  "population_within_250m": 1704,
  "density_within_250m": 8678.40073691487,
  "population_within_500m": 4831,
  "density_within_500m": 6151.020240615571,
  "population_gini": 0.37134754709169937,
  "population_entropy": 3.6806404343971515,
  "population_center_distance": 128.58920546331316,
  "populated_cells_count": 50,
  "empty_cells_ratio": 0.0,
  "polygon_weighted_population": 13.596035852881743,
  "polygon_coverage_area": 2.3811435763995868e-07
}