{
  "total_population": 1095,
  "average_population_per_cell": 60.833333333333336,
  "max_population_cell": 206,
  "min_population_cell": 1,
  "population_std": 55.86354172550866,
  "population_density_km2": 1394.1973014850032,
  "closest_population_distance": 107.756151950746,
  "average_population_distance": 260.3799325031828,
  "farthest_population_distance": 441.9972433083293,
  "population_within_100m": 0,
  "density_within_100m": 0.0,
  "population_within_250m": 626,
  "density_within_250m": 3188.1918200168475,
  "population_within_500m": 1095,
  "density_within_500m": 1394.1973014850032,
  "population_gini": 0.48183663115169967,
  "population_entropy": 2.4815183442581326,
  "population_center_distance": 111.258722217803,
  "populated_cells_count": 18,
  "empty_cells_ratio": 0.0
}