{
  "total_population": 3637,
  "average_population_per_cell": 95.71052631578948,
  "max_population_cell": 230,
  "min_population_cell": 4,
  "population_std": 59.719573456024946,
  "population_density_km2": 4630.772224201787,
  "closest_population_distance": 30.220350846202674,
  "average_population_distance": 250.46213780653972,
  "farthest_population_distance": 441.446473805247,
  "population_within_100m": 414,
  "density_within_100m": 13178.029288008933,
  "population_within_250m": 1876,
  "density_within_250m": 9554.389543692661,
  "population_within_500m": 3637,
  "density_within_500m": 4630.772224201787,
  "population_gini": 0.3491093006092355,
  "population_entropy": 3.4343732996790166,
  "population_center_distance": 126.7633070341761,
  "populated_cells_count": 38,
  "empty_cells_ratio": 0.0
}