{
  "total_population": 5251,
  "average_population_per_cell": 105.02,
  "max_population_cell": 245,
  "min_population_cell": 10,
  "population_std": 63.34759631733215,
  "population_density_km2": 6685.780849404339,
  "closest_population_distance": 4.998688696301043,
  "average_population_distance": 278.79848501782175,
  "farthest_population_distance": 482.8383099238993,
  "population_within_100m": 311,
  "density_within_100m": 9899.437460315889,
  "population_within_250m": 2364,
  "density_within_250m": 12039.753135015699,
  "population_within_500m": 5251,
  "density_within_500m": 6685.780849404339,
  "population_gini": 0.3403884974290611,
  "population_entropy": 3.7195285801158335,
  "population_center_distance": 23.061491390583942,
  "populated_cells_count": 50,
  "empty_cells_ratio": 0.0,
  "polygon_weighted_population": 75.0,
  "polygon_coverage_area": 3.2400000000040826e-06
}