{
  "total_population": 2691,
  "average_population_per_cell": 96.10714285714286,
  "max_population_cell": 250,
  "min_population_cell": 9,
  "population_std": 74.60679111463836,
  "population_density_km2": 3426.287614882323,
  "closest_population_distance": 48.83627311476091,
  "average_population_distance": 255.5856082890448,
  "farthest_population_distance": 450.47365119924893,
  "population_within_100m": 54,
  "density_within_100m": 1718.8733853924696,
  "population_within_250m": 1407,
  "density_within_250m": 7165.792157769496,
  "population_within_500m": 2691,
  "density_within_500m": 3426.287614882323,
  "population_gini": 0.42346180389658655,
  "population_entropy": 3.0408130458387066,
  "population_center_distance": 229.1274969603369,
  "populated_cells_count": 28,
  "empty_cells_ratio": 0.0,
  "polygon_weighted_population": 7.63445273838669,
  "polygon_coverage_area": 5.889434969620011e-07
}