{
  "total_population": 472,
  "average_population_per_cell": 59.0,
  "max_population_cell": 114,
  "min_population_cell": 17,
  "population_std": 34.649263030711474,
  "population_density_km2": 600.9690651149969,
  "closest_population_distance": 182.3011122695454,
  "average_population_distance": 309.23947580567864,
  "farthest_population_distance": 389.8465435616912,
  "population_within_100m": 0,
  "density_within_100m": 0.0,
  "population_within_250m": 149,
  "density_within_250m": 758.850768662157,
  "population_within_500m": 472,
  "density_within_500m": 600.9690651149969,
  "population_gini": 0.3077330508474576,
  "population_entropy": 1.9271239227573873,
  "population_center_distance": 204.18779685628212,
  "populated_cells_count": 8,
  "empty_cells_ratio": 0.0,
  "polygon_weighted_population": 15.409425740304547,
  "polygon_coverage_area": 2.3330158597499833e-07
}