{
  "total_population": 5382,
  "average_population_per_cell": 105.52941176470588,
  "max_population_cell": 230,
  "min_population_cell": 18,
  "population_std": 49.73986447153891,
  "population_density_km2": 6852.575229764646,
  "closest_population_distance": 66.59565265902401,
  "average_population_distance": 282.80740231484924,
  "farthest_population_distance": 482.97243838492307,
  "population_within_100m": 315,
  "density_within_100m": 10026.761414789406,
  "population_within_250m": 1887,
  "density_within_250m": 9610.41208366101,
  "population_within_500m": 5382,
  "density_within_500m": 6852.575229764646,
  "population_gini": 0.26420676037044327,
  "population_entropy": 3.8190197036399645,
  "population_center_distance": 130.48365951220188,
  "populated_cells_count": 51,
  "empty_cells_ratio": 0.0,
  "polygon_weighted_population": 437.6121205042157,
  "polygon_coverage_area": 9.279895081499703e-06
}