{
  "total_population": 1839,
  "average_population_per_cell": 68.11111111111111,
  "max_population_cell": 237,
  "min_population_cell": 2,
  "population_std": 61.151975459212295,
  "population_density_km2": 2341.4875227679645,
  "closest_population_distance": 10.024567432789679,
  "average_population_distance": 293.044204693028,
  "farthest_population_distance": 495.17375937679975,
  "population_within_100m": 42,
  "density_within_100m": 1336.9015219719208,
  "population_within_250m": 663,
  "density_within_250m": 3376.6312726376514,
  "population_within_500m": 1839,
  "density_within_500m": 2341.4875227679645,
  "population_gini": 0.47964876241113324,
  "population_entropy": 2.8971148559832365,
  "population_center_distance": 237.74215232393894,
  "populated_cells_count": 27,
  "empty_cells_ratio": 0.0
}