{
  "total_population": 702,
  "average_population_per_cell": 23.4,
  "max_population_cell": 63,
  "min_population_cell": 2,
  "population_std": 13.627052202297383,
  "population_density_km2": 893.8141604040842,
  "closest_population_distance": 62.570365518040134,
  "average_population_distance": 235.04656724049408,
  "farthest_population_distance": 469.96184676349355,
  "population_within_100m": 42,
  "density_within_100m": 1336.9015219719208,
  "population_within_250m": 413,
  "density_within_250m": 2103.391727902489,
  "population_within_500m": 702,
  "density_within_500m": 893.8141604040842,
  "population_gini": 0.3110161443494777,
  "population_entropy": 3.2270917513599815,
  "population_center_distance": 165.9893488612093,
  "populated_cells_count": 30,
  "empty_cells_ratio": 0.0,
  "polygon_weighted_population": 26.0,
  "polygon_coverage_area": 3.2400000000040826e-06
}