{
  "total_population": 2958,
  "average_population_per_cell": 75.84615384615384,
  "max_population_cell": 344,
  "min_population_cell": 1,
  "population_std": 71.35070481027554,
  "population_density_km2": 3766.2425733266114,
  "closest_population_distance": 34.935812708736,
  "average_population_distance": 217.4195214885612,
  "farthest_population_distance": 467.86504087730236,
  "population_within_100m": 669,
  "density_within_100m": 21294.931385695596,
  "population_within_250m": 1685,
  "density_within_250m": 8581.634531514997,
  "population_within_500m": 2958,
  "density_within_500m": 3766.2425733266114,
  "population_gini": 0.48476968152424543,
  "population_entropy": 3.2587776931920054,
  "population_center_distance": 76.78117582867982,
  "populated_cells_count": 39,
  "empty_cells_ratio": 0.0,
  "polygon_weighted_population": 15.97545751018615,
  "polygon_coverage_area": 8.772963107299719e-07
}