{
  "total_population": 1278,
  "average_population_per_cell": 98.3076923076923,
  "max_population_cell": 376,
  "min_population_cell": 2,
  "population_std": 113.99516408996233,
  "population_density_km2": 1627.200138171538,
  "closest_population_distance": 198.85028119342422,
  "average_population_distance": 340.18883573967383,
  "farthest_population_distance": 455.50468442503217,
  "population_within_100m": 0,
  "density_within_100m": 0.0,
  "population_within_250m": 140,
  "density_within_250m": 713.0141450516911,
  "population_within_500m": 1278,
  "density_within_500m": 1627.200138171538,
  "population_gini": 0.5521849042975804,
  "population_entropy": 2.028047516194305,
  "population_center_distance": 144.11650966057073,
  "populated_cells_count": 13,
  "empty_cells_ratio": 0.0,
  "polygon_weighted_population": 359.5833925907233,
  "polygon_coverage_area": 3.0985377446686476e-06
}