{
  "total_population": 5466,
  "average_population_per_cell": 103.13207547169812,
  "max_population_cell": 275,
  "min_population_cell": 2,
  "population_std": 66.97216348713874,
  "population_density_km2": 6959.5273515224,
  "closest_population_distance": 33.959510559101716,
  "average_population_distance": 288.463678823488,
  "farthest_population_distance": 485.10334870603316,
  "population_within_100m": 267,
  "density_within_100m": 8498.87396110721,
  "population_within_250m": 2090,
  "density_within_250m": 10644.282593985961,
  "population_within_500m": 5466,
  "density_within_500m": 6959.5273515224,
  "population_gini": 0.3655461894800792,
  "population_entropy": 3.7307070211071887,
  "population_center_distance": 46.69480991006404,
  "populated_cells_count": 53,
  "empty_cells_ratio": 0.0,
  "polygon_weighted_population": 285.6428108676717,
  "polygon_coverage_area": 8.86603135944507e-06
}