{
  "total_population": 8314,
  "average_population_per_cell": 173.20833333333334,
  "max_population_cell": 321,
  "min_population_cell": 3,
  "population_std": 91.94701488411296,
  "population_density_km2": 10585.713574928142,
  "closest_population_distance": 28.816578672318222,
  "average_population_distance": 269.4482909000631,
  "farthest_population_distance": 471.844189504399,
  "population_within_100m": 456,
  "density_within_100m": 14514.930809980853,
  "population_within_250m": 3390,
  "density_within_250m": 17265.128226608806,
  "population_within_500m": 8314,
  "density_within_500m": 10585.713574928142,
  "population_gini": 0.3018302461711169,
  "population_entropy": 3.7082109122393687,
  "population_center_distance": 53.32006836879229,
  "populated_cells_count": 48,
  "empty_cells_ratio": 0.0,
  "polygon_weighted_population": 574.4357601849795,
  "polygon_coverage_area": 7.061482874925594e-06
}