{
  "total_population": 1201,
  "average_population_per_cell": 46.19230769230769,
  "max_population_cell": 106,
  "min_population_cell": 3,
  "population_std": 25.25552490964182,
  "population_density_km2": 1529.1606932269303,
  "closest_population_distance": 46.32391343370416,
  "average_population_distance": 283.6962713546909,
  "farthest_population_distance": 454.561289605139,
  "population_within_100m": 65,
  "density_within_100m": 2069.014260194639,
  "population_within_250m": 492,
  "density_within_250m": 2505.7354240388004,
  "population_within_500m": 1201,
  "density_within_500m": 1529.1606932269303,
  "population_gini": 0.2935694613463139,
  "population_entropy": 3.1045309351244046,
  "population_center_distance": 196.3034550706491,
  "populated_cells_count": 26,
  "empty_cells_ratio": 0.0,
  "polygon_weighted_population": 92.72552069855604,
  "polygon_coverage_area": 3.4803353149663087e-06
}