{
  "total_population": 10574,
  "average_population_per_cell": 211.48,
  "max_population_cell": 386,
  "min_population_cell": 6,
  "population_std": 84.25501620142293,
  "population_density_km2": 13463.23494602961,
  "closest_population_distance": 22.005005273006176,
  "average_population_distance": 269.8625841097783,
  "farthest_population_distance": 494.214630041607,
  "population_within_100m": 801,
  "density_within_100m": 25496.62188332163,
  "population_within_250m": 4630,
  "density_within_250m": 23580.396368495214,
  "population_within_500m": 10574,
  "density_within_500m": 13463.23494602961,
  "population_gini": 0.2207717041800643,
  "population_entropy": 3.8185285618662697,
  "population_center_distance": 9.172122844703582,
  "populated_cells_count": 50,
  "empty_cells_ratio": 0.0,
  "polygon_weighted_population": 1.6803441528700374,
  "polygon_coverage_area": 6.257833396903197e-08
}