{
  "total_population": 1678,
  "average_population_per_cell": 54.12903225806452,
  "max_population_cell": 190,
  "min_population_cell": 4,
  "population_std": 53.89541844194419,
  "population_density_km2": 2136.495956065603,
  "closest_population_distance": 23.435894488941514,
  "average_population_distance": 268.06658131467856,
  "farthest_population_distance": 483.03508563623717,
  "population_within_100m": 79,
  "density_within_100m": 2514.6481008519463,
  "population_within_250m": 566,
  "density_within_250m": 2882.6143292804086,
  "population_within_500m": 1678,
  "density_within_500m": 2136.495956065603,
  "population_gini": 0.5073243877119459,
  "population_entropy": 3.006568748767636,
  "population_center_distance": 189.2981320736334,
  "populated_cells_count": 31,
  "empty_cells_ratio": 0.0,
  "polygon_weighted_population": 81.76943384213175,
  "polygon_coverage_area": 3.3895419244700965e-06
}