{
  "total_population": 2445,
  "average_population_per_cell": 84.3103448275862,
  "max_population_cell": 268,
  "min_population_cell": 1,
  "population_std": 70.54790846766869,
  "population_density_km2": 3113.070686877473,
  "closest_population_distance": 102.47937263678797,
  "average_population_distance": 276.45822496912837,
  "farthest_population_distance": 467.3190257529337,
  "population_within_100m": 0,
  "density_within_100m": 0.0,
  "population_within_250m": 804,
  "density_within_250m": 4094.7383758682836,
  "population_within_500m": 2445,
  "density_within_500m": 3113.070686877473,
  "population_gini": 0.45398773006134974,
  "population_entropy": 3.0195393250629636,
  "population_center_distance": 112.24588058597088,
  "populated_cells_count": 29,
  "empty_cells_ratio": 0.0,
  "polygon_weighted_population": 111.15940685984901,
  "polygon_coverage_area": 5.6275568548498134e-06
}