{
  "total_population": 4437,
  "average_population_per_cell": 108.21951219512195,
  "max_population_cell": 252,
  "min_population_cell": 1,
  "population_std": 71.36894009130371,
  "population_density_km2": 5649.363859989917,
  "closest_population_distance": 50.95718266116376,
  "average_population_distance": 259.58373988888945,
  "farthest_population_distance": 490.78544446426866,
  "population_within_100m": 465,
  "density_within_100m": 14801.409707546265,
  "population_within_250m": 1536,
  "density_within_250m": 7822.78376285284,
  "population_within_500m": 4437,
  "density_within_500m": 5649.363859989917,
  "population_gini": 0.37369789519396207,
  "population_entropy": 3.4627721753067866,
  "population_center_distance": 61.16082609347745,
  "populated_cells_count": 41,
  "empty_cells_ratio": 0.0,
  "polygon_weighted_population": 20.51291533357741,
  "polygon_coverage_area": 6.776851776603549e-06
}