{
  "total_population": 4275,
  "average_population_per_cell": 85.5,
  "max_population_cell": 250,
  "min_population_cell": 16,
  "population_std": 60.70344441022524,
  "population_density_km2": 5443.099053742821,
  "closest_population_distance": 68.55423953908624,
  "average_population_distance": 290.5008164729713,
  "farthest_population_distance": 471.64154174305463,
  "population_within_100m": 302,
  "density_within_100m": 9612.958562750478,
  "population_within_250m": 1325,
  "density_within_250m": 6748.169587096362,
  "population_within_500m": 4275,
  "density_within_500m": 5443.099053742821,
  "population_gini": 0.3774456140350877,
  "population_entropy": 3.685230499833079,
  "population_center_distance": 107.78948853070501,
  "populated_cells_count": 50,
  "empty_cells_ratio": 0.0,
  "polygon_weighted_population": 178.9478241105349,
  "polygon_coverage_area": 7.67700054303798e-06
}