{
  "total_population": 7244,
  "average_population_per_cell": 147.83673469387756,
  "max_population_cell": 305,
  "min_population_cell": 8,
  "population_std": 81.45917866708237,
  "population_density_km2": 9223.34726206152,
  "closest_population_distance": 40.66647943005334,
  "average_population_distance": 290.9457626016026,
  "farthest_population_distance": 471.17774664103547,
  "population_within_100m": 633,
  "density_within_100m": 20149.01579543395,
  "population_within_250m": 2253,
  "density_within_250m": 11474.434777153287,
  "population_within_500m": 7244,
  "density_within_500m": 9223.34726206152,
  "population_gini": 0.3135487215316828,
  "population_entropy": 3.722633815761904,
  "population_center_distance": 49.53764161441102,
  "populated_cells_count": 49,
  "empty_cells_ratio": 0.0,
  "polygon_weighted_population": 88.22253395142872,
  "polygon_coverage_area": 3.2116967416066205e-06
}