{
  "total_population": 5404,
  "average_population_per_cell": 112.58333333333333,
  "max_population_cell": 286,
  "min_population_cell": 8,
  "population_std": 67.57339062506318,
  "population_density_km2": 6880.58649974882,
  "closest_population_distance": 56.078852216830526,
  "average_population_distance": 286.2439258571,
  "farthest_population_distance": 487.701067552827,
  "population_within_100m": 109,
  "density_within_100m": 3469.577759403318,
  "population_within_250m": 1691,
  "density_within_250m": 8612.19228058864,
  "population_within_500m": 5404,
  "density_within_500m": 6880.58649974882,
  "population_gini": 0.3376279916111522,
  "population_entropy": 3.679310742586452,
  "population_center_distance": 29.573169383376857,
  "populated_cells_count": 48,
  "empty_cells_ratio": 0.0,
  "polygon_weighted_population": 467.140596131843,
  "polygon_coverage_area": 8.430347841340857e-06
}