{
  "total_population": 2834,
  "average_population_per_cell": 85.87878787878788,
  "max_population_cell": 212,
  "min_population_cell": 1,
  "population_std": 57.486279654234444,
  "population_density_km2": 3608.360869779451,
  "closest_population_distance": 43.57057379938885,
  "average_population_distance": 299.2810088633116,
  "farthest_population_distance": 475.1498395505965,
  "population_within_100m": 172,
  "density_within_100m": 5474.930042361199,
  "population_within_250m": 854,
  "density_within_250m": 4349.386284815316,
  "population_within_500m": 2834,
  "density_within_500m": 3608.360869779451,
  "population_gini": 0.3750561365240265,
  "population_entropy": 3.2531276126670567,
  "population_center_distance": 166.7838257574339,
  "populated_cells_count": 33,
  "empty_cells_ratio": 0.0,
  "polygon_weighted_population": 88.67259082580199,
  "polygon_coverage_area": 3.7037814459949223e-06
}