{
  "total_population": 2639,
  "average_population_per_cell": 85.12903225806451,
  "max_population_cell": 182,
  "min_population_cell": 5,
  "population_std": 58.22298626000094,
  "population_density_km2": 3360.0791585560946,
  "closest_population_distance": 72.53021559319107,
  "average_population_distance": 289.39693165055854,
  "farthest_population_distance": 440.3176733463242,
  "population_within_100m": 30,
  "density_within_100m": 954.929658551372,
  "population_within_250m": 862,
  "density_within_250m": 4390.129950246841,
  "population_within_500m": 2639,
  "density_within_500m": 3360.0791585560946,
  "population_gini": 0.38230512535295635,
  "population_entropy": 3.190131755216309,
  "population_center_distance": 175.5956199607978,
  "populated_cells_count": 31,
  "empty_cells_ratio": 0.0,
  "polygon_weighted_population": 45.44475860768392,
  "polygon_coverage_area": 1.5833379425840726e-06
}