{
  "total_population": 3385,
  "average_population_per_cell": 70.52083333333333,
  "max_population_cell": 165,
  "min_population_cell": 2,
  "population_std": 44.986990830368185,
  "population_density_km2": 4309.915858928526,
  "closest_population_distance": 11.903355195137772,
  "average_population_distance": 252.6513341577102,
  "farthest_population_distance": 479.592264708524,
  "population_within_100m": 435,
  "density_within_100m": 13846.480048994894,
  "population_within_250m": 1613,
  "density_within_250m": 8214.94154263127,
  "population_within_500m": 3385,
  "density_within_500m": 4309.915858928526,
  "population_gini": 0.36158911866075827,
  "population_entropy": 3.639640351252391,
  "population_center_distance": 79.43870227321426,
  "populated_cells_count": 48,
  "empty_cells_ratio": 0.0,
  "polygon_weighted_population": 272.1603352346799,
  "polygon_coverage_area": 1.0167102701791554e-05
}