{
  "total_population": 5154,
  "average_population_per_cell": 114.53333333333333,
  "max_population_cell": 294,
  "min_population_cell": 1,
  "population_std": 66.28197341660852,
  "population_density_km2": 6562.276613565029,
  "closest_population_distance": 33.842675255762,
  "average_population_distance": 304.79701228818357,
  "farthest_population_distance": 458.44490165932604,
  "population_within_100m": 167,
  "density_within_100m": 5315.775099269304,
  "population_within_250m": 1724,
  "density_within_250m": 8780.259900493682,
  "population_within_500m": 5154,
  "density_within_500m": 6562.276613565029,
  "population_gini": 0.3171042987108179,
  "population_entropy": 3.637092583326966,
  "population_center_distance": 64.44190934241428,
  "populated_cells_count": 45,
  "empty_cells_ratio": 0.0,
  "polygon_weighted_population": 32.9806275881531,
  "polygon_coverage_area": 7.687570747176308e-07
}