{
  "total_population": 1802,
  "average_population_per_cell": 45.05,
  "max_population_cell": 190,
  "min_population_cell": 4,
  "population_std": 41.89972767795967,
  "population_density_km2": 2294.377659612763,
  "closest_population_distance": 69.01799774927301,
  "average_population_distance": 281.9337226659535,
  "farthest_population_distance": 450.23200527957613,
  "population_within_100m": 136,
  "density_within_100m": 4329.014452099553,
  "population_within_250m": 634,
  "density_within_250m": 3228.9354854483727,
  "population_within_500m": 1802,
  "density_within_500m": 2294.377659612763,
  "population_gini": 0.4748057713651498,
  "population_entropy": 3.317585059881776,
  "population_center_distance": 94.76016163101762,
  "populated_cells_count": 40,
  "empty_cells_ratio": 0.0,
  "polygon_weighted_population": 77.49094209027245,
  "polygon_coverage_area": 3.5484451669004082e-06
}