{
  "total_population": 2249,
  "average_population_per_cell": 54.853658536585364,
  "max_population_cell": 124,
  "min_population_cell": 4,
  "population_std": 35.762103528462745,
  "population_density_km2": 2863.515736109381,
  "closest_population_distance": 69.8087054366839,
  "average_population_distance": 252.96712916591858,
  "farthest_population_distance": 434.55051463713846,
  "population_within_100m": 118,
  "density_within_100m": 3756.05665696873,
  "population_within_250m": 974,
  "density_within_250m": 4960.541266288194,
  "population_within_500m": 2249,
  "density_within_500m": 2863.515736109381,
  "population_gini": 0.36781659057141924,
  "population_entropy": 3.482014764177085,
  "population_center_distance": 82.94303908686223,
  "populated_cells_count": 41,
  "empty_cells_ratio": 0.0
}