{
  "total_population": 2006,
  "average_population_per_cell": 105.57894736842105,
  "max_population_cell": 319,
  "min_population_cell": 2,
  "population_std": 83.65027448282899,
  "population_density_km2": 2554.1185267387364,
  "closest_population_distance": 92.90548576934204,
  "average_population_distance": 290.88437502943793,
  "farthest_population_distance": 469.2159767483123,
  "population_within_100m": 30,
  "density_within_100m": 954.929658551372,
  "population_within_250m": 707,
  "density_within_250m": 3600.7214325110403,
  "population_within_500m": 2006,
  "density_within_500m": 2554.1185267387364,
  "population_gini": 0.41402109461090414,
  "population_entropy": 2.650070100658009,
  "population_center_distance": 101.54920817658022,
  "populated_cells_count": 19,
  "empty_cells_ratio": 0.0,
  "polygon_weighted_population": 98.14226891470993,
  "polygon_coverage_area": 4.27264331374698e-06
}