{
  "total_population": 6228,
  "average_population_per_cell": 148.28571428571428,
  "max_population_cell": 485,
  "min_population_cell": 2,
  "population_std": 118.08725292399637,
  "population_density_km2": 7929.7358846105935,
  "closest_population_distance": 68.68808734521451,
  "average_population_distance": 281.38783164135737,
  "farthest_population_distance": 435.65466172409555,
  "population_within_100m": 501,
  "density_within_100m": 15947.325297807913,
  "population_within_250m": 2191,
  "density_within_250m": 11158.671370058966,
  "population_within_500m": 6228,
  "density_within_500m": 7929.7358846105935,
  "population_gini": 0.4378230418692846,
  "population_entropy": 3.3828577088388423,
  "population_center_distance": 136.80836633352598,
  "populated_cells_count": 42,
  "empty_cells_ratio": 0.0,
  "polygon_weighted_population": 115.57182617159626,
  "polygon_coverage_area": 1.6025652653310107e-06
}