{
  "total_population": 1123,
  "average_population_per_cell": 43.19230769230769,
  "max_population_cell": 184,
  "min_population_cell": 1,
  "population_std": 50.15577273317139,
  "population_density_km2": 1429.8480087375879,
  "closest_population_distance": 66.0510894871211,
  "average_population_distance": 265.66889582295545,
  "farthest_population_distance": 377.4037190619375,
  "population_within_100m": 125,
  "density_within_100m": 3978.8735772973832,
  "population_within_250m": 420,
  "density_within_250m": 2139.0424351550732,
  "population_within_500m": 1123,
  "density_within_500m": 1429.8480087375879,
  "population_gini": 0.5314405096239468,
  "population_entropy": 2.747980997051923,
  "population_center_distance": 260.8547572586324,
  "populated_cells_count": 26,
  "empty_cells_ratio": 0.0,
  "polygon_weighted_population": 14.527590115997636,
  "polygon_coverage_area": 1.1767347993972913e-06
}