{
  "total_population": 1541,
  "average_population_per_cell": 35.02272727272727,
  "max_population_cell": 157,
  "min_population_cell": 1,
  "population_std": 34.75595223331998,
  "population_density_km2": 1962.0621384368858,
  "closest_population_distance": 12.230074027201004,
  "average_population_distance": 283.0132103342394,
  "farthest_population_distance": 493.0989921813318,
  "population_within_100m": 95,
  "density_within_100m": 3023.943918746011,
  "population_within_250m": 593,
  "density_within_250m": 3020.124200111806,
  "population_within_500m": 1541,
  "density_within_500m": 1962.0621384368858,
  "population_gini": 0.47001651819951623,
  "population_entropy": 3.3987249782745326,
  "population_center_distance": 58.726393594865044,
  "populated_cells_count": 44,
  "empty_cells_ratio": 0.0,
  "polygon_weighted_population": 8.0,
  "polygon_coverage_area": 3.2400000000040826e-06
}