{
  "total_population": 4290,
  "average_population_per_cell": 102.14285714285714,
  "max_population_cell": 516,
  "min_population_cell": 1,
  "population_std": 99.75055997851778,
  "population_density_km2": 5462.197646913848,
  "closest_population_distance": 69.64873680971958,
  "average_population_distance": 293.6854074897004,
  "farthest_population_distance": 412.93817053225865,
  "population_within_100m": 4,
  "density_within_100m": 127.32395447351627,
  "population_within_250m": 1582,
  "density_within_250m": 8057.05983908411,
  "population_within_500m": 4290,
  "density_within_500m": 5462.197646913848,
  "population_gini": 0.4858585858585859,
  "population_entropy": 3.3183721210462966,
  "population_center_distance": 101.00430516098622,
  "populated_cells_count": 42,
  "empty_cells_ratio": 0.0,
  "polygon_weighted_population": 236.0,
  "polygon_coverage_area": 3.2400000000040826e-06
}