{
  "total_population": 1539,
  "average_population_per_cell": 51.3,
  "max_population_cell": 127,
  "min_population_cell": 1,
  "population_std": 36.80156480930931,
  "population_density_km2": 1959.5156593474155,
  "closest_population_distance": 79.03824808055711,
  "average_population_distance": 254.11896682999458,
  "farthest_population_distance": 470.340605585728,
  "population_within_100m": 147,
  "density_within_100m": 4679.155326901722,
  "population_within_250m": 658,
  "density_within_250m": 3351.1664817429482,
  "population_within_500m": 1539,
  "density_within_500m": 1959.5156593474155,
  "population_gini": 0.40244747671648257,
  "population_entropy": 3.1134137276375737,
  "population_center_distance": 121.27971071235527,
  "populated_cells_count": 30,
  "empty_cells_ratio": 0.0,
  "polygon_weighted_population": 69.0,
  "polygon_coverage_area": 6.480000000006567e-06
}