{
  "total_population": 3928,
  "average_population_per_cell": 83.57446808510639,
  "max_population_cell": 256,
  "min_population_cell": 3,
  "population_std": 59.045577340858166,
  "population_density_km2": 5001.28493171972,
  "closest_population_distance": 30.10485577174017,
  "average_population_distance": 269.69128836216714,
  "farthest_population_distance": 488.66190137761066,
  "population_within_100m": 449,
  "density_within_100m": 14292.1138896522,
  "population_within_250m": 1656,
  "density_within_250m": 8433.938744325718,
  "population_within_500m": 3928,
  "density_within_500m": 5001.28493171972,
  "population_gini": 0.3833145556181479,
  "population_entropy": 3.6076616677322324,
  "population_center_distance": 29.099358860673625,
  "populated_cells_count": 47,
  "empty_cells_ratio": 0.0,
  "polygon_weighted_population": 384.7032267416074,
  "polygon_coverage_area": 8.863273541357611e-06
}