{
  "total_population": 3763,
  "average_population_per_cell": 104.52777777777777,
  "max_population_cell": 243,
  "min_population_cell": 4,
  "population_std": 61.05851343991322,
  "population_density_km2": 4791.200406838418,
  "closest_population_distance": 23.95899300222599,
  "average_population_distance": 232.38134956601814,
  "farthest_population_distance": 455.2132651205138,
  "population_within_100m": 685,
  "density_within_100m": 21804.22720358966,
  "population_within_250m": 2036,
  "density_within_250m": 10369.262852323165,
  "population_within_500m": 3763,
  "density_within_500m": 4791.200406838418,
  "population_gini": 0.32560457082115335,
  "population_entropy": 3.401128445067267,
  "population_center_distance": 48.47623745985818,
  "populated_cells_count": 36,
  "empty_cells_ratio": 0.0,
  "polygon_weighted_population": 117.23295523603737,
  "polygon_coverage_area": 4.888426746353452e-06
}