{
  "total_population": 1118,
  "average_population_per_cell": 62.111111111111114,
  "max_population_cell": 235,
  "min_population_cell": 2,
  "population_std": 63.453446472835864,
  "population_density_km2": 1423.481811013912,
  "closest_population_distance": 140.88878025107093,
  "average_population_distance": 304.5804226115884,
  "farthest_population_distance": 489.1447973008471,
  "population_within_100m": 0,
  "density_within_100m": 0.0,
  "population_within_250m": 188,
  "density_within_250m": 957.4761376408424,
  "population_within_500m": 1118,
  "density_within_500m": 1423.481811013912,
  "population_gini": 0.4894653150467104,
  "population_entropy": 2.479698533615771,
  "population_center_distance": 259.5606472589826,
  "populated_cells_count": 18,
  "empty_cells_ratio": 0.0,
  "polygon_weighted_population": 16.229045003157513,
  "polygon_coverage_area": 1.929452582789927e-06
}