{
  "total_population": 3201,
  "average_population_per_cell": 65.3265306122449,
  "max_population_cell": 219,
  "min_population_cell": 5,
  "population_std": 40.84747429722657,
  "population_density_km2": 4075.639782697256,
  "closest_population_distance": 59.601953263101116,
  "average_population_distance": 280.5948059321242,
  "farthest_population_distance": 467.4738289061454,
  "population_within_100m": 89,
  "density_within_100m": 2832.957987035737,
  "population_within_250m": 962,
  "density_within_250m": 4899.425768140906,
  "population_within_500m": 3201,
  "density_within_500m": 4075.639782697256,
  "population_gini": 0.3263520966024648,
  "population_entropy": 3.709670830155866,
  "population_center_distance": 65.88869609956885,
  "populated_cells_count": 49,
  "empty_cells_ratio": 0.0,
  "polygon_weighted_population": 69.60602139065777,
  "polygon_coverage_area": 8.20448442782866e-06
}