{
  "total_population": 2211,
  "average_population_per_cell": 65.02941176470588,
  "max_population_cell": 210,
  "min_population_cell": 2,
  "population_std": 58.21042564858075,
  "population_density_km2": 2815.1326334094447,
  "closest_population_distance": 25.92941352454032,
  "average_population_distance": 265.1035128726154,
  "farthest_population_distance": 420.61634016527785,
  "population_within_100m": 208,
  "density_within_100m": 6620.845632622845,
  "population_within_250m": 766,
  "density_within_250m": 3901.2059650685387,
  "population_within_500m": 2211,
  "density_within_500m": 2815.1326334094447,
  "population_gini": 0.4727831431079895,
  "population_entropy": 3.155456800549178,
  "population_center_distance": 164.11208269167182,
  "populated_cells_count": 34,
  "empty_cells_ratio": 0.0,
  "polygon_weighted_population": 9.068052284928804,
  "polygon_coverage_area": 1.474969332134648e-06
}