{
  "total_population": 2032,
  "average_population_per_cell": 53.473684210526315,
  "max_population_cell": 210,
  "min_population_cell": 1,
  "population_std": 47.62110413496013,
  "population_density_km2": 2587.2227549018507,
  "closest_population_distance": 23.90987444934197,
  "average_population_distance": 235.57433050473077,
  "farthest_population_distance": 455.37290112756494,
  "population_within_100m": 210,
  "density_within_100m": 6684.507609859604,
  "population_within_250m": 1239,
  "density_within_250m": 6310.175183707466,
  "population_within_500m": 2032,
  "density_within_500m": 2587.2227549018507,
  "population_gini": 0.43747409863240777,
  "population_entropy": 3.3097168510325394,
  "population_center_distance": 80.3448355831584,
  "populated_cells_count": 38,
  "empty_cells_ratio": 0.0,
  "polygon_weighted_population": 25.0,
  "polygon_coverage_area": 3.2400000000056814e-06
}