{
  "total_population": 754,
  "average_population_per_cell": 83.77777777777777,
  "max_population_cell": 348,
  "min_population_cell": 2,
  "population_std": 114.35337530849031,
  "population_density_km2": 960.0226167303127,
  "closest_population_distance": 108.25520560224444,
  "average_population_distance": 188.1136845682079,
  "farthest_population_distance": 469.014229407822,
  "population_within_100m": 0,
  "density_within_100m": 0.0,
  "population_within_250m": 614,
  "density_within_250m": 3127.0763218695597,
  "population_within_500m": 754,
  "density_within_500m": 960.0226167303127,
  "population_gini": 0.6177424108458591,
  "population_entropy": 1.5070744568204377,
  "population_center_distance": 29.267372651792808,
  "populated_cells_count": 9,
  "empty_cells_ratio": 0.0,
  "polygon_weighted_population": 0.0014283918638170366,
  "polygon_coverage_area": 1.1569974096932575e-09
}