{
  "total_population": 3117,
  "average_population_per_cell": 72.48837209302326,
  "max_population_cell": 244,
  "min_population_cell": 2,
  "population_std": 46.900793014426306,
  "population_density_km2": 3968.687660939502,
  "closest_population_distance": 65.16457235462428,
  "average_population_distance": 245.0234672868155,
  "farthest_population_distance": 490.05421021007083,
  "population_within_100m": 350,
  "density_within_100m": 11140.846016432673,
  "population_within_250m": 1762,
  "density_within_250m": 8973.792311293428,
  "population_within_500m": 3117,
  "density_within_500m": 3968.687660939502,
  "population_gini": 0.3415926166334654,
  "population_entropy": 3.5578068008630837,
  "population_center_distance": 164.3206085838406,
  "populated_cells_count": 43,
  "empty_cells_ratio": 0.0,
  "polygon_weighted_population": 59.558388119221505,
  "polygon_coverage_area": 3.6003990220166094e-06
}