{
  "total_population": 2332,
  "average_population_per_cell": 63.027027027027025,
  "max_population_cell": 214,
  "min_population_cell": 1,
  "population_std": 54.519867167078786,
  "population_density_km2": 2969.1946183223995,
  "closest_population_distance": 53.00510418813497,
  "average_population_distance": 285.8256799062599,
  "farthest_population_distance": 470.31075958954216,
  "population_within_100m": 164,
  "density_within_100m": 5220.282133414166,
  "population_within_250m": 706,
  "density_within_250m": 3595.6284743320994,
  "population_within_500m": 2332,
  "density_within_500m": 2969.1946183223995,
  "population_gini": 0.4546381716193037,
  "population_entropy": 3.262625033373479,
  "population_center_distance": 76.78343094972197,
  "populated_cells_count": 37,
  "empty_cells_ratio": 0.0,
  "polygon_weighted_population": 145.9674962804603,
  "polygon_coverage_area": 4.703214903412657e-06
}