{
  "total_population": 2032,
  "average_population_per_cell": 67.73333333333333,
  "max_population_cell": 145,
  "min_population_cell": 1,
  "population_std": 36.470993040131674,
  "population_density_km2": 2587.2227549018507,
  "closest_population_distance": 100.54659222887227,
  "average_population_distance": 321.0695242569387,
  "farthest_population_distance": 462.3007582119335,
  "population_within_100m": 0,
  "density_within_100m": 0.0,
  "population_within_250m": 481,
  "density_within_250m": 2449.712884070453,
  "population_within_500m": 2032,
  "density_within_500m": 2587.2227549018507,
  "population_gini": 0.29911417322834644,
  "population_entropy": 3.232105884483812,
  "population_center_distance": 33.55497358076566,
  "populated_cells_count": 30,
  "empty_cells_ratio": 0.0,
  "polygon_weighted_population": 56.487052991094444,
  "polygon_coverage_area": 7.237842033244336e-06
}