{
  "total_population": 4106,
  "average_population_per_cell": 102.65,
  "max_population_cell": 230,
  "min_population_cell": 4,
  "population_std": 62.41899365762611,
  "population_density_km2": 5227.921570682578,
  "closest_population_distance": 29.68550857071939,
  "average_population_distance": 258.4863352726829,
  "farthest_population_distance": 460.38078515838765,
  "population_within_100m": 709,
  "density_within_100m": 22568.17093043076,
  "population_within_250m": 1903,
  "density_within_250m": 9691.89941452406,
  "population_within_500m": 4106,
  "density_within_500m": 5227.921570682578,
  "population_gini": 0.33877252800779345,
  "population_entropy": 3.4999863532599065,
  "population_center_distance": 97.70692415400346,
  "populated_cells_count": 40,
  "empty_cells_ratio": 0.0
}