{
  "total_population": 4100,
  "average_population_per_cell": 93.18181818181819,
  "max_population_cell": 248,
  "min_population_cell": 2,
  "population_std": 60.74279466400999,
  "population_density_km2": 5220.282133414167,
  "closest_population_distance": 57.54738365837249,
  "average_population_distance": 253.23180740022613,
  "farthest_population_distance": 466.5181750491006,
  "population_within_100m": 381,
  "density_within_100m": 12127.606663602424,
  "population_within_250m": 1890,
  "density_within_250m": 9625.69095819783,
  "population_within_500m": 4100,
  "density_within_500m": 5220.282133414167,
  "population_gini": 0.35611973392461194,
  "population_entropy": 3.5764753604264636,
  "population_center_distance": 24.000490245556314,
  "populated_cells_count": 44,
  "empty_cells_ratio": 0.0,
  "polygon_weighted_population": 32.95844159002991,
  "polygon_coverage_area": 2.4269397898143517e-06
}