{
  "total_population": 3963,
  "average_population_per_cell": 86.15217391304348,
  "max_population_cell": 310,
  "min_population_cell": 2,
  "population_std": 69.48795815465019,
  "population_density_km2": 5045.84831578545,
  "closest_population_distance": 19.63504549428395,
  "average_population_distance": 277.73134640204853,
  "farthest_population_distance": 472.26030606679086,
  "population_within_100m": 87,
  "density_within_100m": 2769.2960097989785,
  "population_within_250m": 1608,
  "density_within_250m": 8189.476751736567,
  "population_within_500m": 3963,
  "density_within_500m": 5045.84831578545,
  "population_gini": 0.4337677868106068,
  "population_entropy": 3.51182022148651,
  "population_center_distance": 12.403684945278385,
  "populated_cells_count": 46,
  "empty_cells_ratio": 0.0,
  "polygon_weighted_population": 79.65887602054275,
  "polygon_coverage_area": 6.825339084056839e-06
}