{
  "total_population": 4064,
  "average_population_per_cell": 81.28,
  "max_population_cell": 315,
  "min_population_cell": 5,
  "population_std": 51.907311427118216,
  "population_density_km2": 5174.4455098037015,
  "closest_population_distance": 24.330496711637018,
  "average_population_distance": 278.77893513045217,
  "farthest_population_distance": 460.28144010497886,
  "population_within_100m": 271,
  "density_within_100m": 8626.197915580728,
  "population_within_250m": 1509,
  "density_within_250m": 7685.273892021442,
  "population_within_500m": 4064,
  "density_within_500m": 5174.4455098037015,
  "population_gini": 0.3171259842519685,
  "population_entropy": 3.727577530234815,
  "population_center_distance": 32.00298666571229,
  "populated_cells_count": 50,
  "empty_cells_ratio": 0.0,
  "polygon_weighted_population": 177.00622564591083,
  "polygon_coverage_area": 7.017008102534813e-06
}