{
  "total_population": 4639,
  "average_population_per_cell": 115.975,
  "max_population_cell": 333,
  "min_population_cell": 9,
  "population_std": 80.49478005053878,
  "population_density_km2": 5906.55824802642,
  "closest_population_distance": 23.86583705470485,
  "average_population_distance": 251.69028064002998,
  "farthest_population_distance": 475.1332525324763,
  "population_within_100m": 340,
  "density_within_100m": 10822.536130248882,
  "population_within_250m": 2473,
  "density_within_250m": 12594.88557652023,
  "population_within_500m": 4639,
  "density_within_500m": 5906.55824802642,
  "population_gini": 0.3817687001508946,
  "population_entropy": 3.4522195735537196,
  "population_center_distance": 58.902572270827285,
  "populated_cells_count": 40,
  "empty_cells_ratio": 0.0,
  "polygon_weighted_population": 249.0,
  "polygon_coverage_area": 3.2400000000040826e-06
}