{
  "total_population": 4318,
  "average_population_per_cell": 113.63157894736842,
  "max_population_cell": 461,
  "min_population_cell": 4,
  "population_std": 89.06524212169583,
  "population_density_km2": 5497.848354166433,
  "closest_population_distance": 22.55992456024167,
  "average_population_distance": 290.75209778108234,
  "farthest_population_distance": 487.19000901445884,
  "population_within_100m": 57,
  "density_within_100m": 1814.3663512476066,
  "population_within_250m": 1593,
  "density_within_250m": 8113.082379052457,
  "population_within_500m": 4318,
  "density_within_500m": 5497.848354166433,
  "population_gini": 0.4042929231369299,
  "population_entropy": 3.3524307684178734,
  "population_center_distance": 110.46108163658545,
  "populated_cells_count": 38,
  "empty_cells_ratio": 0.0,
  "polygon_weighted_population": 32.51575769714791,
  "polygon_coverage_area": 1.6207854605983381e-06
}