{
  "total_population": 4714,
  "average_population_per_cell": 87.29629629629629,
  "max_population_cell": 244,
  "min_population_cell": 7,
  "population_std": 47.24789288688094,
  "population_density_km2": 6002.0512138815575,
  "closest_population_distance": 20.698099298829078,
  "average_population_distance": 271.17634153868914,
  "farthest_population_distance": 493.7885027291527,
  "population_within_100m": 415,
  "density_within_100m": 13209.860276627312,
  "population_within_250m": 2061,
  "density_within_250m": 10496.586806796682,
  "population_within_500m": 4714,
  "density_within_500m": 6002.0512138815575,
  "population_gini": 0.2968069894247239,
  "population_entropy": 3.8331922007233628,
  "population_center_distance": 29.667989389394126,
  "populated_cells_count": 54,
  "empty_cells_ratio": 0.0,
  "polygon_weighted_population": 224.27166691410514,
  "polygon_coverage_area": 9.99376034681744e-06
}