{
  "total_population": 5424,
  "average_population_per_cell": 108.48,
  "max_population_cell": 327,
  "min_population_cell": 9,
  "population_std": 78.98520657150209,
  "population_density_km2": 6906.051290643522,
  "closest_population_distance": 64.09470698874567,
  "average_population_distance": 294.4387470422409,
  "farthest_population_distance": 471.7416892678999,
  "population_within_100m": 213,
  "density_within_100m": 6780.000575714741,
  "population_within_250m": 1493,
  "density_within_250m": 7603.786561158392,
  "population_within_500m": 5424,
  "density_within_500m": 6906.051290643522,
  "population_gini": 0.3755088495575221,
  "population_entropy": 3.679682132392263,
  "population_center_distance": 116.04479032598749,
  "populated_cells_count": 50,
  "empty_cells_ratio": 0.0,
  "polygon_weighted_population": 187.75284764514328,
  "polygon_coverage_area": 8.654687574782102e-06
}