{
  "total_population": 3755,
  "average_population_per_cell": 144.42307692307693,
  "max_population_cell": 461,
  "min_population_cell": 5,
  "population_std": 107.03538595321571,
  "population_density_km2": 4781.014490480536,
  "closest_population_distance": 59.72285127896533,
  "average_population_distance": 282.1057679684459,
  "farthest_population_distance": 473.04691962613316,
  "population_within_100m": 338,
  "density_within_100m": 10758.874153012124,
  "population_within_250m": 1200,
  "density_within_250m": 6111.549814728781,
  "population_within_500m": 3755,
  "density_within_500m": 4781.014490480536,
  "population_gini": 0.3823312506401721,
  "population_entropy": 3.0078132924269694,
  "population_center_distance": 184.02395498189014,
  "populated_cells_count": 26,
  "empty_cells_ratio": 0.0,
  "polygon_weighted_population": 71.31708624932386,
  "polygon_coverage_area": 2.6117042426960085e-06
}