{
  "total_population": 1541,
  "average_population_per_cell": 42.80555555555556,
  "max_population_cell": 116,
  "min_population_cell": 1,
  "population_std": 33.36192821118488,
  "population_density_km2": 1962.0621384368858,
  "closest_population_distance": 92.6550708006088,
  "average_population_distance": 314.504476104816,
  "farthest_population_distance": 453.2284493928916,
  "population_within_100m": 1,
  "density_within_100m": 31.830988618379067,
  "population_within_250m": 362,
  "density_within_250m": 1843.6508607765156,
  "population_within_500m": 1541,
  "density_within_500m": 1962.0621384368858,
  "population_gini": 0.435305357271613,
  "population_entropy": 3.254498641043374,
  "population_center_distance": 222.05525006657498,
  "populated_cells_count": 36,
  "empty_cells_ratio": 0.0
}