{
  "total_population": 2958,
  "average_population_per_cell": 62.93617021276596,
  "max_population_cell": 242,
  "min_population_cell": 2,
  "population_std": 47.167326686521115,
  "population_density_km2": 3766.2425733266114,
  "closest_population_distance": 56.8769168504683,
  "average_population_distance": 248.21304034460275,
  "farthest_population_distance": 466.9007750013692,
  "population_within_100m": 264,
  "density_within_100m": 8403.380995252073,
  "population_within_250m": 1341,
  "density_within_250m": 6829.656917959413,
  "population_within_500m": 2958,
  "density_within_500m": 3766.2425733266114,
  "population_gini": 0.35929969933681466,
  "population_entropy": 3.6200250875444344,
  "population_center_distance": 15.8969506966562,
  "populated_cells_count": 47,
  "empty_cells_ratio": 0.0,
  "polygon_weighted_population": 45.0,
  "polygon_coverage_area": 3.240000000002484e-06
}