{
  "total_population": 2028,
  "average_population_per_cell": 92.18181818181819,
  "max_population_cell": 206,
  "min_population_cell": 2,
  "population_std": 61.86593520988703,
  "population_density_km2": 2582.12979672291,
  "closest_population_distance": 61.599202838538744,
  "average_population_distance": 348.2847555477088,
  "farthest_population_distance": 464.23371867102054,
  "population_within_100m": 2,
  "density_within_100m": 63.66197723675813,
  "population_within_250m": 333,
  "density_within_250m": 1695.9550735872367,
  "population_within_500m": 2028,
  "density_within_500m": 2582.12979672291,
  "population_gini": 0.3751120674197597,
  "population_entropy": 2.82160146024494,
  "population_center_distance": 287.46982358129765,
  "populated_cells_count": 22,
  "empty_cells_ratio": 0.0
}