{
  "total_population": 1438,
  "average_population_per_cell": 59.916666666666664,
  "max_population_cell": 240,
  "min_population_cell": 1,
  "population_std": 76.7604498857756,
  "population_density_km2": 1830.918465329164,
  "closest_population_distance": 100.12496347812885,
  "average_population_distance": 328.1541499160265,
  "farthest_population_distance": 492.73105746600214,
  "population_within_100m": 0,
  "density_within_100m": 0.0,
  "population_within_250m": 339,
  "density_within_250m": 1726.5128226608806,
  "population_within_500m": 1438,
  "density_within_500m": 1830.918465329164,
  "population_gini": 0.6340403337969401,
  "population_entropy": 2.4516903328022672,
  "population_center_distance": 349.77973851778864,
  "populated_cells_count": 24,
  "empty_cells_ratio": 0.0,
  "polygon_weighted_population": 8.333173104028992,
  "polygon_coverage_area": 3.176409512598583e-07
}