{
  "total_population": 6241,
  "average_population_per_cell": 130.02083333333334,
  "max_population_cell": 386,
  "min_population_cell": 3,
  "population_std": 90.22772362156256,
  "population_density_km2": 7946.287998692151,
  "closest_population_distance": 36.882306633291236,
  "average_population_distance": 272.1718820488274,
  "farthest_population_distance": 497.4390193501457,
  "population_within_100m": 616,
  "density_within_100m": 19607.888988921506,
  "population_within_250m": 2654,
  "density_within_250m": 13516.711006908488,
  "population_within_500m": 6241,
  "density_within_500m": 7946.287998692151,
  "population_gini": 0.3824006569460023,
  "population_entropy": 3.613693741954751,
  "population_center_distance": 87.28292995021233,
  "populated_cells_count": 48,
  "empty_cells_ratio": 0.0,
  "polygon_weighted_population": 89.11528075308314,
  "polygon_coverage_area": 5.524503213336751e-06
}