{
  "total_population": 1133,
  "average_population_per_cell": 49.26086956521739,
  "max_population_cell": 137,
  "min_population_cell": 2,
  "population_std": 40.88922662211822,
  "population_density_km2": 1442.5804041849394,
  "closest_population_distance": 85.65665560943295,
  "average_population_distance": 302.73601066189684,
  "farthest_population_distance": 495.20256109248237,
  "population_within_100m": 26,
  "density_within_100m": 827.6057040778556,
  "population_within_250m": 450,
  "density_within_250m": 2291.831180523293,
  "population_within_500m": 1133,
  "density_within_500m": 1442.5804041849394,
  "population_gini": 0.4416132622126712,
  "population_entropy": 2.8123011317653837,
  "population_center_distance": 68.50542402411179,
  "populated_cells_count": 23,
  "empty_cells_ratio": 0.0,
  "polygon_weighted_population": 0.048145487885336145,
  "polygon_coverage_area": 6.239655229950506e-09
}