{
  "total_population": 2687,
  "average_population_per_cell": 72.62162162162163,
  "max_population_cell": 231,
  "min_population_cell": 1,
  "population_std": 55.8695660302495,
  "population_density_km2": 3421.1946567033824,
  "closest_population_distance": 47.66462240511796,
  "average_population_distance": 287.06531701725544,
  "farthest_population_distance": 498.23979521629235,
  "population_within_100m": 249,
  "density_within_100m": 7925.916165976388,
  "population_within_250m": 991,
  "density_within_250m": 5047.121555330185,
  "population_within_500m": 2687,
  "density_within_500m": 3421.1946567033824,
  "population_gini": 0.4198794998943864,
  "population_entropy": 3.316822910012132,
  "population_center_distance": 175.62541674530428,
  "populated_cells_count": 37,
  "empty_cells_ratio": 0.0,
  "polygon_weighted_population": 203.43827512116042,
  "polygon_coverage_area": 9.971106517144216e-06
}