{
  "total_population": 856,
  "average_population_per_cell": 71.33333333333333,
  "max_population_cell": 564,
  "min_population_cell": 4,
  "population_std": 156.11437143868906,
  "population_density_km2": 1089.8930502932992,
  "closest_population_distance": 265.885936705729,
  "average_population_distance": 366.02358805054246,
  "farthest_population_distance": 454.0768300047306,
  "population_within_100m": 0,
  "density_within_100m": 0.0,
  "population_within_250m": 0,
  "density_within_250m": 0.0,
  "population_within_500m": 856,
  "density_within_500m": 1089.8930502932992,
  "population_gini": 0.6869158878504673,
  "population_entropy": 1.3861591648179385,
  "population_center_distance": 317.45565420819776,
  "populated_cells_count": 12,
  "empty_cells_ratio": 0.0
}