{
  "total_population": 634,
  "average_population_per_cell": 21.862068965517242,
  "max_population_cell": 91,
  "min_population_cell": 2,
  "population_std": 16.743280396136395,
  "population_density_km2": 807.2338713620932,
  "closest_population_distance": 23.165211492720132,
  "average_population_distance": 196.1657461099151,
  "farthest_population_distance": 403.47531802646273,
  "population_within_100m": 190,
  "density_within_100m": 6047.887837492022,
  "population_within_250m": 400,
  "density_within_250m": 2037.1832715762603,
  "population_within_500m": 634,
  "density_within_500m": 807.2338713620932,
  "population_gini": 0.337104318503209,
  "population_entropy": 3.146512454138002,
  "population_center_distance": 74.37325224493235,
  "populated_cells_count": 29,
  "empty_cells_ratio": 0.0,
  "polygon_weighted_population": 18.56363016702498,
  "polygon_coverage_area": 3.3804739800935617e-06
}