{
  "total_population": 4248,
  "average_population_per_cell": 101.14285714285714,
  "max_population_cell": 192,
  "min_population_cell": 19,
  "population_std": 39.00317149616915,
  "population_density_km2": 5408.721586034972,
  "closest_population_distance": 51.262402398511604,
  "average_population_distance": 271.8947643581958,
  "farthest_population_distance": 462.27209562350106,
  "population_within_100m": 246,
  "density_within_100m": 7830.42320012125,
  "population_within_250m": 1875,
  "density_within_250m": 9549.29658551372,
  "population_within_500m": 4248,
  "density_within_500m": 5408.721586034972,
  "population_gini": 0.21449869966819113,
  "population_entropy": 3.661853483069986,
  "population_center_distance": 112.32793770491189,
  "populated_cells_count": 42,
  "empty_cells_ratio": 0.0,
  "polygon_weighted_population": 107.70727969594509,
  "polygon_coverage_area": 3.839876800675038e-06
}