{
  "total_population": 4708,
  "average_population_per_cell": 96.08163265306122,
  "max_population_cell": 413,
  "min_population_cell": 2,
  "population_std": 84.15507430103217,
  "population_density_km2": 5994.411776613146,
  "closest_population_distance": 18.480820839780968,
  "average_population_distance": 293.9729435938974,
  "farthest_population_distance": 478.1420367149816,
  "population_within_100m": 236,
  "density_within_100m": 7512.11331393746,
  "population_within_250m": 1589,
  "density_within_250m": 8092.710546336694,
  "population_within_500m": 4708,
  "density_within_500m": 5994.411776613146,
  "population_gini": 0.426178627780764,
  "population_entropy": 3.573520999763366,
  "population_center_distance": 84.66580778693894,
  "populated_cells_count": 49,
  "empty_cells_ratio": 0.0,
  "polygon_weighted_population": 405.229358109848,
  "polygon_coverage_area": 1.3013396199639756e-05
}