{
  "total_population": 2803,
  "average_population_per_cell": 75.75675675675676,
  "max_population_cell": 239,
  "min_population_cell": 1,
  "population_std": 75.97126847455974,
  "population_density_km2": 3568.890443892661,
  "closest_population_distance": 120.7089129054291,
  "average_population_distance": 282.8699362368551,
  "farthest_population_distance": 497.7873277891191,
  "population_within_100m": 0,
  "density_within_100m": 0.0,
  "population_within_250m": 967,
  "density_within_250m": 4924.89055903561,
  "population_within_500m": 2803,
  "density_within_500m": 3568.890443892661,
  "population_gini": 0.540521256183047,
  "population_entropy": 3.102837511884163,
  "population_center_distance": 159.3899451152825,
  "populated_cells_count": 37,
  "empty_cells_ratio": 0.0,
  "polygon_weighted_population": 66.85984339274489,
  "polygon_coverage_area": 1.0159037381153713e-05
}