{
  "total_population": 3701,
  "average_population_per_cell": 69.83018867924528,
  "max_population_cell": 315,
  "min_population_cell": 1,
  "population_std": 55.72174546145703,
  "population_density_km2": 4712.2595550648375,
  "closest_population_distance": 40.89025622777599,
  "average_population_distance": 289.73153650127114,
  "farthest_population_distance": 473.9243891190104,
  "population_within_100m": 111,
  "density_within_100m": 3533.2397366400764,
  "population_within_250m": 1309,
  "density_within_250m": 6666.682256233312,
  "population_within_500m": 3701,
  "density_within_500m": 4712.2595550648375,
  "population_gini": 0.3978526966194757,
  "population_entropy": 3.6774229687168285,
  "population_center_distance": 60.05106654689121,
  "populated_cells_count": 53,
  "empty_cells_ratio": 0.0,
  "polygon_weighted_population": 99.87014509274394,
  "polygon_coverage_area": 5.784888648121513e-06
}