{
  "total_population": 1884,
  "average_population_per_cell": 45.951219512195124,
  "max_population_cell": 879,
  "min_population_cell": 1,
  "population_std": 137.70529242180785,
  "population_density_km2": 2398.7833022810464,
  "closest_population_distance": 39.375460319698895,
  "average_population_distance": 314.3825093864889,
  "farthest_population_distance": 460.1540204880676,
  "population_within_100m": 33,
  "density_within_100m": 1050.4226244065092,
  "population_within_250m": 264,
  "density_within_250m": 1344.5409592403319,
  "population_within_500m": 1884,
  "density_within_500m": 2398.7833022810464,
  "population_gini": 0.7491326187147221,
  "population_entropy": 2.3208934567993698,
  "population_center_distance": 108.57178653259574,
  "populated_cells_count": 41,
  "empty_cells_ratio": 0.0,
  "polygon_weighted_population": 24.71707713387508,
  "polygon_coverage_area": 5.795333196557513e-06
}