{
  "total_population": 3512,
  "average_population_per_cell": 68.86274509803921,
  "max_population_cell": 315,
  "min_population_cell": 1,
  "population_std": 55.781007379875504,
  "population_density_km2": 4471.617281109891,
  "closest_population_distance": 43.46488849591501,
  "average_population_distance": 288.9196191521401,
  "farthest_population_distance": 464.8544966149332,
  "population_within_100m": 10,
  "density_within_100m": 318.30988618379064,
  "population_within_250m": 1185,
  "density_within_250m": 6035.155442044671,
  "population_within_500m": 3512,
  "density_within_500m": 4471.617281109891,
  "population_gini": 0.39780695877439815,
  "population_entropy": 3.635553824537137,
  "population_center_distance": 54.92529755463291,
  "populated_cells_count": 51,
  "empty_cells_ratio": 0.0,
  "polygon_weighted_population": 91.65290789724062,
  "polygon_coverage_area": 5.359993399901678e-06
}