{
  "total_population": 1819,
  "average_population_per_cell": 46.64102564102564,
  "max_population_cell": 116,
  "min_population_cell": 4,
  "population_std": 34.29706691424761,
  "population_density_km2": 2316.022731873261,
  "closest_population_distance": 63.93055432393019,
  "average_population_distance": 298.0550255405554,
  "farthest_population_distance": 475.60468656735867,
  "population_within_100m": 5,
  "density_within_100m": 159.15494309189532,
  "population_within_250m": 511,
  "density_within_250m": 2602.501629438673,
  "population_within_500m": 1819,
  "density_within_500m": 2316.022731873261,
  "population_gini": 0.4120889189608266,
  "population_entropy": 3.377765160503297,
  "population_center_distance": 142.29208425206477,
  "populated_cells_count": 39,
  "empty_cells_ratio": 0.0,
  "polygon_weighted_population": 107.88468148200744,
  "polygon_coverage_area": 5.0396520612340435e-06
}