{
  "total_population": 2373,
  "average_population_per_cell": 56.5,
  "max_population_cell": 342,
  "min_population_cell": 1,
  "population_std": 62.044928646358414,
  "population_density_km2": 3021.3974396565413,
  "closest_population_distance": 67.52540857384254,
  "average_population_distance": 319.1185751506006,
  "farthest_population_distance": 485.29927984332414,
  "population_within_100m": 95,
  "density_within_100m": 3023.943918746011,
  "population_within_250m": 716,
  "density_within_250m": 3646.558056121506,
  "population_within_500m": 2373,
  "density_within_500m": 3021.3974396565413,
  "population_gini": 0.5036321313186042,
  "population_entropy": 3.2814803971411237,
  "population_center_distance": 59.81733754185253,
  "populated_cells_count": 42,
  "empty_cells_ratio": 0.0,
  "polygon_weighted_population": 44.941507839741476,
  "polygon_coverage_area": 4.67736785279426e-06
}