{
  "total_population": 3112,
  "average_population_per_cell": 66.2127659574468,
  "max_population_cell": 222,
  "min_population_cell": 2,
  "population_std": 59.90098212529131,
  "population_density_km2": 3962.3214632158265,
  "closest_population_distance": 16.149984835918822,
  "average_population_distance": 287.08085414308187,
  "farthest_population_distance": 490.49778188957436,
  "population_within_100m": 175,
  "density_within_100m": 5570.423008216337,
  "population_within_250m": 1030,
  "density_within_250m": 5245.746924308871,
  "population_within_500m": 3112,
  "density_within_500m": 3962.3214632158265,
  "population_gini": 0.46555543400973587,
  "population_entropy": 3.4928666159936106,
  "population_center_distance": 140.79963533457027,
  "populated_cells_count": 47,
  "empty_cells_ratio": 0.0,
  "polygon_weighted_population": 323.8254476332561,
  "polygon_coverage_area": 9.158003422979905e-06
}