{
  "total_population": 5715,
  "average_population_per_cell": 119.0625,
  "max_population_cell": 323,
  "min_population_cell": 5,
  "population_std": 76.9139907174573,
  "population_density_km2": 7276.563998161455,
  "closest_population_distance": 44.026776477246756,
  "average_population_distance": 270.1899751863127,
  "farthest_population_distance": 483.4232289834329,
  "population_within_100m": 540,
  "density_within_100m": 17188.733853924696,
  "population_within_250m": 2242,
  "density_within_250m": 11418.412237184939,
  "population_within_500m": 5715,
  "density_within_500m": 7276.563998161455,
  "population_gini": 0.3568205016039662,
  "population_entropy": 3.6462496729393745,
  "population_center_distance": 92.25419938348273,
  "populated_cells_count": 48,
  "empty_cells_ratio": 0.0,
  "polygon_weighted_population": 210.9166385410459,
  "polygon_coverage_area": 5.844190608813452e-06
}