{
  "total_population": 1470,
  "average_population_per_cell": 35.853658536585364,
  "max_population_cell": 167,
  "min_population_cell": 1,
  "population_std": 44.58674745684516,
  "population_density_km2": 1871.6621307606893,
  "closest_population_distance": 20.74646788058202,
  "average_population_distance": 303.4581558958747,
  "farthest_population_distance": 473.43358596677734,
  "population_within_100m": 5,
  "density_within_100m": 159.15494309189532,
  "population_within_250m": 396,
  "density_within_250m": 2016.8114388604977,
  "population_within_500m": 1470,
  "density_within_500m": 1871.6621307606893,
  "population_gini": 0.5928322548531608,
  "population_entropy": 3.10238621985504,
  "population_center_distance": 81.27936017372039,
  "populated_cells_count": 41,
  "empty_cells_ratio": 0.0,
  "polygon_weighted_population": 39.545734326309514,
  "polygon_coverage_area": 6.6709146865345964e-06
}