{
  "total_population": 2359,
  "average_population_per_cell": 57.53658536585366,
  "max_population_cell": 136,
  "min_population_cell": 3,
  "population_std": 32.678813902110655,
  "population_density_km2": 3003.572086030249,
  "closest_population_distance": 31.570406266132302,
  "average_population_distance": 270.9307848760426,
  "farthest_population_distance": 466.89856870535215,
  "population_within_100m": 211,
  "density_within_100m": 6716.3385984779825,
  "population_within_250m": 1002,
  "density_within_250m": 5103.144095298532,
  "population_within_500m": 2359,
  "density_within_500m": 3003.572086030249,
  "population_gini": 0.317248937644103,
  "population_entropy": 3.5337772032174946,
  "population_center_distance": 79.08534689339412,
  "populated_cells_count": 41,
  "empty_cells_ratio": 0.0,
  "polygon_weighted_population": 153.17195710286822,
  "polygon_coverage_area": 5.842125431913092e-06
}