{
  "total_population": 2832,
  "average_population_per_cell": 80.91428571428571,
  "max_population_cell": 352,
  "min_population_cell": 1,
  "population_std": 84.12713468266922,
  "population_density_km2": 3605.814390689981,
  "closest_population_distance": 47.60040621987873,
  "average_population_distance": 304.8453908881588,
  "farthest_population_distance": 468.34980561836886,
  "population_within_100m": 65,
  "density_within_100m": 2069.014260194639,
  "population_within_250m": 728,
  "density_within_250m": 3707.673554268794,
  "population_within_500m": 2832,
  "density_within_500m": 3605.814390689981,
  "population_gini": 0.5348668280871671,
  "population_entropy": 3.067608084227412,
  "population_center_distance": 119.11615644132445,
  "populated_cells_count": 35,
  "empty_cells_ratio": 0.0,
  "polygon_weighted_population": 1.5842938691176927,
  "polygon_coverage_area": 4.0418205794864507e-08
}