{
  "total_population": 2865,
  "average_population_per_cell": 92.41935483870968,
  "max_population_cell": 245,
  "min_population_cell": 1,
  "population_std": 84.25824359018664,
  "population_density_km2": 3647.831295666241,
  "closest_population_distance": 77.13554409005415,
  "average_population_distance": 247.86698831428743,
  "farthest_population_distance": 481.0455947323638,
  "population_within_100m": 199,
  "density_within_100m": 6334.366735057434,
  "population_within_250m": 1113,
  "density_within_250m": 5668.462453160944,
  "population_within_500m": 2865,
  "density_within_500m": 3647.831295666241,
  "population_gini": 0.4951866238811012,
  "population_entropy": 3.0031382367102633,
  "population_center_distance": 31.247698803552762,
  "populated_cells_count": 31,
  "empty_cells_ratio": 0.0,
  "polygon_weighted_population": 35.39541934600661,
  "polygon_coverage_area": 2.612865975257995e-06
}