{
  "total_population": 1301,
  "average_population_per_cell": 54.208333333333336,
  "max_population_cell": 155,
  "min_population_cell": 1,
  "population_std": 44.2757949052612,
  "population_density_km2": 1656.4846477004467,
  "closest_population_distance": 156.88935292023203,
  "average_population_distance": 327.3848025403302,
  "farthest_population_distance": 459.06422182058594,
  "population_within_100m": 0,
  "density_within_100m": 0.0,
  "population_within_250m": 228,
  "density_within_250m": 1161.1944647984685,
  "population_within_500m": 1301,
  "density_within_500m": 1656.4846477004467,
  "population_gini": 0.44379323597232895,
  "population_entropy": 2.8424266180836986,
  "population_center_distance": 155.4067590696484,
  "populated_cells_count": 24,
  "empty_cells_ratio": 0.0,
  "polygon_weighted_population": 40.211712584146454,
  "polygon_coverage_area": 2.083518222544458e-06
}