{
  "total_population": 2463,
  "average_population_per_cell": 79.45161290322581,
  "max_population_cell": 451,
  "min_population_cell": 3,
  "population_std": 94.59909749734312,
  "population_density_km2": 3135.9889986827056,
  "closest_population_distance": 8.225956905962608,
  "average_population_distance": 268.0240471112189,
  "farthest_population_distance": 475.9573980534044,
  "population_within_100m": 318,
  "density_within_100m": 10122.254380644543,
  "population_within_250m": 1051,
  "density_within_250m": 5352.699046066624,
  "population_within_500m": 2463,
  "density_within_500m": 3135.9889986827056,
  "population_gini": 0.5659764514819327,
  "population_entropy": 2.8721862390914823,
  "population_center_distance": 159.81904814699473,
  "populated_cells_count": 31,
  "empty_cells_ratio": 0.0,
  "polygon_weighted_population": 6.231896062542458,
  "polygon_coverage_area": 1.774433535472053e-07
}