{
  "total_population": 3655,
  "average_population_per_cell": 101.52777777777777,
  "max_population_cell": 239,
  "min_population_cell": 1,
  "population_std": 72.07951407443275,
  "population_density_km2": 4653.69053600702,
  "closest_population_distance": 78.54597773029799,
  "average_population_distance": 263.09861130362907,
  "farthest_population_distance": 496.6216263767951,
  "population_within_100m": 150,
  "density_within_100m": 4774.6482927568595,
  "population_within_250m": 1534,
  "density_within_250m": 7812.5978464949585,
  "population_within_500m": 3655,
  "density_within_500m": 4653.69053600702,
  "population_gini": 0.4003875968992248,
  "population_entropy": 3.296648373476445,
  "population_center_distance": 237.68255037290731,
  "populated_cells_count": 36,
  "empty_cells_ratio": 0.0,
  "polygon_weighted_population": 79.63769692870176,
  "polygon_coverage_area": 6.349570894340636e-06
}