{
  "total_population": 4527,
  "average_population_per_cell": 100.6,
  "max_population_cell": 204,
  "min_population_cell": 3,
  "population_std": 57.33054080584718,
  "population_density_km2": 5763.955419016082,
  "closest_population_distance": 18.561535615063065,
  "average_population_distance": 273.51826776568066,
  "farthest_population_distance": 479.1594805319637,
  "population_within_100m": 422,
  "density_within_100m": 13432.677196955965,
  "population_within_250m": 1664,
  "density_within_250m": 8474.682409757243,
  "population_within_500m": 4527,
  "density_within_500m": 5763.955419016082,
  "population_gini": 0.32333406965613726,
  "population_entropy": 3.6240275810677156,
  "population_center_distance": 133.19191999683002,
  "populated_cells_count": 45,
  "empty_cells_ratio": 0.0,
  "polygon_weighted_population": 108.76006445091602,
  "polygon_coverage_area": 4.7529211282317205e-06
}