{
  "total_population": 539,
  "average_population_per_cell": 59.888888888888886,
  "max_population_cell": 146,
  "min_population_cell": 2,
  "population_std": 60.57525163885917,
  "population_density_km2": 686.2761146122527,
  "closest_population_distance": 119.67910630631455,
  "average_population_distance": 248.55058824499295,
  "farthest_population_distance": 336.99859266574816,
  "population_within_100m": 0,
  "density_within_100m": 0.0,
  "population_within_250m": 309,
  "density_within_250m": 1573.7240772926611,
  "population_within_500m": 539,
  "density_within_500m": 686.2761146122527,
  "population_gini": 0.5236033807462379,
  "population_entropy": 1.6773332587589858,
  "population_center_distance": 118.36506154419679,
  "populated_cells_count": 9,
  "empty_cells_ratio": 0.0,
  "polygon_weighted_population": 80.06734156698357,
  "polygon_coverage_area": 2.5529941640943548e-06
}