{
  "total_population": 2820,
  "average_population_per_cell": 97.24137931034483,
  "max_population_cell": 2123,
  "min_population_cell": 1,
  "population_std": 391.19374585750927,
  "population_density_km2": 3590.535516153159,
  "closest_population_distance": 62.71484859339326,
  "average_population_distance": 265.1390168894948,
  "farthest_population_distance": 451.7344623373895,
  "population_within_100m": 6,
  "density_within_100m": 190.9859317102744,
  "population_within_250m": 2220,
  "density_within_250m": 11306.367157248245,
  "population_within_500m": 2820,
  "density_within_500m": 3590.535516153159,
  "population_gini": 0.8656150648080214,
  "population_entropy": 1.211606520012904,
  "population_center_distance": 179.13488812373313,
  "populated_cells_count": 29,
  "empty_cells_ratio": 0.0,
  "polygon_weighted_population": 15.188030412785023,
  "polygon_coverage_area": 1.0042697660711322e-06
}