{
  "total_population": 3082,
  "average_population_per_cell": 77.05,
  "max_population_cell": 256,
  "min_population_cell": 3,
  "population_std": 58.29674310294063,
  "population_density_km2": 3924.1242768737716,
  "closest_population_distance": 24.39317251728042,
  "average_population_distance": 277.1383844545872,
  "farthest_population_distance": 475.50203289133174,
  "population_within_100m": 299,
  "density_within_100m": 9517.465596895341,
  "population_within_250m": 1126,
  "density_within_250m": 5734.670909487173,
  "population_within_500m": 3082,
  "density_within_500m": 3924.1242768737716,
  "population_gini": 0.40905256327060346,
  "population_entropy": 3.410512197001811,
  "population_center_distance": 92.60320163288401,
  "populated_cells_count": 40,
  "empty_cells_ratio": 0.0,
  "polygon_weighted_population": 288.4399267051133,
  "polygon_coverage_area": 7.501476687063832e-06
}