{
  "total_population": 7755,
  "average_population_per_cell": 161.5625,
  "max_population_cell": 439,
  "min_population_cell": 37,
  "population_std": 70.16512628655713,
  "population_density_km2": 9873.972669421188,
  "closest_population_distance": 82.22165440756935,
  "average_population_distance": 282.00651240430693,
  "farthest_population_distance": 478.6819572888928,
  "population_within_100m": 278,
  "density_within_100m": 8849.01483590938,
  "population_within_250m": 2319,
  "density_within_250m": 11810.57001696337,
  "population_within_500m": 7755,
  "density_within_500m": 9873.972669421188,
  "population_gini": 0.2216553836234687,
  "population_entropy": 3.784236235000197,
  "population_center_distance": 62.04097544629941,
  "populated_cells_count": 48,
  "empty_cells_ratio": 0.0,
  "polygon_weighted_population": 519.1565314831195,
  "polygon_coverage_area": 6.981912843339727e-06
}