{
  "total_population": 2277,
  "average_population_per_cell": 78.51724137931035,
  "max_population_cell": 487,
  "min_population_cell": 2,
  "population_std": 86.92838624393858,
  "population_density_km2": 2899.166443361966,
  "closest_population_distance": 61.26830852256351,
  "average_population_distance": 297.92584610143615,
  "farthest_population_distance": 474.54664835059043,
  "population_within_100m": 23,
  "density_within_100m": 732.1127382227185,
  "population_within_250m": 580,
  "density_within_250m": 2953.9157437855774,
  "population_within_500m": 2277,
  "density_within_500m": 2899.166443361966,
  "population_gini": 0.43148122908242853,
  "population_entropy": 2.9709893836731807,
  "population_center_distance": 163.40173515011563,
  "populated_cells_count": 29,
  "empty_cells_ratio": 0.0,
  "polygon_weighted_population": 59.50969755897836,
  "polygon_coverage_area": 2.065207414244516e-06
}