{
  "total_population": 1469,
  "average_population_per_cell": 48.96666666666667,
  "max_population_cell": 172,
  "min_population_cell": 1,
  "population_std": 53.89996054846828,
  "population_density_km2": 1870.3888912159541,
  "closest_population_distance": 35.53817303834195,
  "average_population_distance": 295.0301396918553,
  "farthest_population_distance": 442.41707495176087,
  "population_within_100m": 3,
  "density_within_100m": 95.4929658551372,
  "population_within_250m": 393,
  "density_within_250m": 2001.5325643236758,
  "population_within_500m": 1469,
  "density_within_500m": 1870.3888912159541,
  "population_gini": 0.58023598820059,
  "population_entropy": 2.8030750496680046,
  "population_center_distance": 210.94160167143727,
  "populated_cells_count": 30,
  "empty_cells_ratio": 0.0,
  "polygon_weighted_population": 0.003956643796760276,
  "polygon_coverage_area": 1.8055670283830207e-10
}