{
  "total_population": 4446,
  "average_population_per_cell": 94.59574468085107,
  "max_population_cell": 245,
  "min_population_cell": 3,
  "population_std": 67.98742197433289,
  "population_density_km2": 5660.8230158925335,
  "closest_population_distance": 57.453570391061476,
  "average_population_distance": 289.54441212233235,
  "farthest_population_distance": 473.3103096458588,
  "population_within_100m": 164,
  "density_within_100m": 5220.282133414166,
  "population_within_250m": 1419,
  "density_within_250m": 7226.907655916783,
  "population_within_500m": 4446,
  "density_within_500m": 5660.8230158925335,
  "population_gini": 0.40358534087537445,
  "population_entropy": 3.575902808257952,
  "population_center_distance": 46.57736090104121,
  "populated_cells_count": 47,
  "empty_cells_ratio": 0.0,
  "polygon_weighted_population": 75.0,
  "polygon_coverage_area": 3.2400000000040826e-06
}