{
  "total_population": 1707,
  "average_population_per_cell": 55.064516129032256,
  "max_population_cell": 206,
  "min_population_cell": 1,
  "population_std": 48.94754708452097,
  "population_density_km2": 2173.4199028629228,
  "closest_population_distance": 52.64004166815748,
  "average_population_distance": 259.1714863803556,
  "farthest_population_distance": 482.7392751944101,
  "population_within_100m": 290,
  "density_within_100m": 9230.98669932993,
  "population_within_250m": 755,
  "density_within_250m": 3845.1834251001915,
  "population_within_500m": 1707,
  "density_within_500m": 2173.4199028629228,
  "population_gini": 0.46843169491845726,
  "population_entropy": 3.0589157802939706,
  "population_center_distance": 206.4255280433507,
  "populated_cells_count": 31,
  "empty_cells_ratio": 0.0,
  "polygon_weighted_population": 82.34583989425522,
  "polygon_coverage_area": 5.485985901608662e-06
}