{
  "total_population": 5320,
  "average_population_per_cell": 104.31372549019608,
  "max_population_cell": 223,
  "min_population_cell": 22,
  "population_std": 54.65107142447564,
  "population_density_km2": 6773.634377991066,
  "closest_population_distance": 32.20199069614688,
  "average_population_distance": 265.3104978097321,
  "farthest_population_distance": 438.21178688174206,
  "population_within_100m": 421,
  "density_within_100m": 13400.846208337587,
  "population_within_250m": 2435,
  "density_within_250m": 12401.353165720486,
  "population_within_500m": 5320,
  "density_within_500m": 6773.634377991066,
  "population_gini": 0.2963290579389651,
  "population_entropy": 3.7923003938455913,
  "population_center_distance": 72.55866812274107,
  "populated_cells_count": 51,
  "empty_cells_ratio": 0.0,
  "polygon_weighted_population": 208.0,
  "polygon_coverage_area": 6.480000000008165e-06
}