{
  "total_population": 2571,
  "average_population_per_cell": 58.43181818181818,
  "max_population_cell": 248,
  "min_population_cell": 1,
  "population_std": 67.45106675153227,
  "population_density_km2": 3273.4988695141033,
  "closest_population_distance": 29.18174645857174,
  "average_population_distance": 270.95504776075705,
  "farthest_population_distance": 456.14838177833997,
  "population_within_100m": 230,
  "density_within_100m": 7321.127382227185,
  "population_within_250m": 1130,
  "density_within_250m": 5755.042742202935,
  "population_within_500m": 2571,
  "density_within_500m": 3273.4988695141033,
  "population_gini": 0.5980782150560446,
  "population_entropy": 3.1552907178870244,
  "population_center_distance": 175.36251035386067,
  "populated_cells_count": 44,
  "empty_cells_ratio": 0.0,
  "polygon_weighted_population": 73.34495257785309,
  "polygon_coverage_area": 2.6042882417949106e-06
}