{
  "total_population": 1372,
  "average_population_per_cell": 68.6,
  "max_population_cell": 196,
  "min_population_cell": 7,
  "population_std": 43.42252629078235,
  "population_density_km2": 1746.8846553766432,
  "closest_population_distance": 30.791439752752556,
  "average_population_distance": 298.7085387430474,
  "farthest_population_distance": 450.6164176979075,
  "population_within_100m": 124,
  "density_within_100m": 3947.042588679004,
  "population_within_250m": 531,
  "density_within_250m": 2704.360793017486,
  "population_within_500m": 1372,
  "density_within_500m": 1746.8846553766432,
  "population_gini": 0.3290816326530612,
  "population_entropy": 2.8061059744755568,
  "population_center_distance": 230.48724293941927,
  "populated_cells_count": 20,
  "empty_cells_ratio": 0.0,
  "polygon_weighted_population": 91.31222897338583,
  "polygon_coverage_area": 2.876211246299982e-06
}