{
  "total_population": 2215,
  "average_population_per_cell": 54.02439024390244,
  "max_population_cell": 244,
  "min_population_cell": 2,
  "population_std": 47.37324551098334,
  "population_density_km2": 2820.2255915883857,
  "closest_population_distance": 30.694379007599,
  "average_population_distance": 240.427498262716,
  "farthest_population_distance": 499.15731137061726,
  "population_within_100m": 140,
  "density_within_100m": 4456.338406573069,
  "population_within_250m": 1260,
  "density_within_250m": 6417.12730546522,
  "population_within_500m": 2215,
  "density_within_500m": 2820.2255915883857,
  "population_gini": 0.423278092826075,
  "population_entropy": 3.402037346091667,
  "population_center_distance": 138.029600599435,
  "populated_cells_count": 41,
  "empty_cells_ratio": 0.0,
  "polygon_weighted_population": 21.65759185833131,
  "polygon_coverage_area": 3.0508955487426897e-06
}