{
  "total_population": 1805,
  "average_population_per_cell": 53.088235294117645,
  "max_population_cell": 256,
  "min_population_cell": 1,
  "population_std": 61.3244563637265,
  "population_density_km2": 2298.1973782469686,
  "closest_population_distance": 24.401049383481237,
  "average_population_distance": 273.05504601842586,
  "farthest_population_distance": 454.5456616134121,
  "population_within_100m": 49,
  "density_within_100m": 1559.7184423005742,
  "population_within_250m": 612,
  "density_within_250m": 3116.890405511678,
  "population_within_500m": 1805,
  "density_within_500m": 2298.1973782469686,
  "population_gini": 0.5640378034870457,
  "population_entropy": 2.978261543710612,
  "population_center_distance": 103.82250416808432,
  "populated_cells_count": 34,
  "empty_cells_ratio": 0.0,
  "polygon_weighted_population": 187.2464775283182,
  "polygon_coverage_area": 6.639717438358564e-06
}