{
  "total_population": 1616,
  "average_population_per_cell": 52.12903225806452,
  "max_population_cell": 172,
  "min_population_cell": 1,
  "population_std": 52.34166086747336,
  "population_density_km2": 2057.555104292023,
  "closest_population_distance": 120.45411564056495,
  "average_population_distance": 322.4600628160373,
  "farthest_population_distance": 468.1041276331951,
  "population_within_100m": 0,
  "density_within_100m": 0.0,
  "population_within_250m": 278,
  "density_within_250m": 1415.842373745501,
  "population_within_500m": 1616,
  "density_within_500m": 2057.555104292023,
  "population_gini": 0.5414404343660173,
  "population_entropy": 2.9065404028404394,
  "population_center_distance": 310.1027596840755,
  "populated_cells_count": 31,
  "empty_cells_ratio": 0.0,
  "polygon_weighted_population": 55.60493442447677,
  "polygon_coverage_area": 2.537464613176503e-06
}