{
  "total_population": 5383,
  "average_population_per_cell": 125.18604651162791,
  "max_population_cell": 242,
  "min_population_cell": 1,
  "population_std": 71.73637445335575,
  "population_density_km2": 6853.848469309381,
  "closest_population_distance": 56.261048491349136,
  "average_population_distance": 264.4786626561998,
  "farthest_population_distance": 455.32386979114364,
  "population_within_100m": 684,
  "density_within_100m": 21772.396214971282,
  "population_within_250m": 2452,
  "density_within_250m": 12487.933454762477,
  "population_within_500m": 5383,
  "density_within_500m": 6853.848469309381,
  "population_gini": 0.3258492497915487,
  "population_entropy": 3.564874196467019,
  "population_center_distance": 153.90538401506532,
  "populated_cells_count": 43,
  "empty_cells_ratio": 0.0,
  "polygon_weighted_population": 77.75337596487894,
  "polygon_coverage_area": 5.671215347363566e-06
}