{
  "total_population": 2656,
  "average_population_per_cell": 83.0,
  "max_population_cell": 263,
  "min_population_cell": 1,
  "population_std": 76.07848239726505,
  "population_density_km2": 3381.7242308165924,
  "closest_population_distance": 49.90539690130339,
  "average_population_distance": 245.91582160003583,
  "farthest_population_distance": 461.8989188119278,
  "population_within_100m": 148,
  "density_within_100m": 4710.986315520102,
  "population_within_250m": 1481,
  "density_within_250m": 7542.671063011104,
  "population_within_500m": 2656,
  "density_within_500m": 3381.7242308165924,
  "population_gini": 0.48211596385542166,
  "population_entropy": 3.071461922979905,
  "population_center_distance": 153.07482393401142,
  "populated_cells_count": 32,
  "empty_cells_ratio": 0.0,
  "polygon_weighted_population": 369.0,
  "polygon_coverage_area": 6.480000000006567e-06
}