{
  "total_population": 4563,
  "average_population_per_cell": 103.70454545454545,
  "max_population_cell": 256,
  "min_population_cell": 1,
  "population_std": 74.08843852480898,
  "population_density_km2": 5809.792042626547,
  "closest_population_distance": 55.909450619187915,
  "average_population_distance": 294.1779568023529,
  "farthest_population_distance": 473.499178678804,
  "population_within_100m": 256,
  "density_within_100m": 8148.733086305041,
  "population_within_250m": 1241,
  "density_within_250m": 6320.361100065348,
  "population_within_500m": 4563,
  "density_within_500m": 5809.792042626547,
  "population_gini": 0.39565776104237643,
  "population_entropy": 3.524865742611949,
  "population_center_distance": 127.72923879034268,
  "populated_cells_count": 44,
  "empty_cells_ratio": 0.0
}