{
  "total_population": 1938,
  "average_population_per_cell": 51.0,
  "max_population_cell": 154,
  "min_population_cell": 2,
  "population_std": 35.76575441940501,
  "population_density_km2": 2467.5382376967455,
  "closest_population_distance": 33.557343386283726,
  "average_population_distance": 216.71199678580953,
  "farthest_population_distance": 463.29943538949624,
  "population_within_100m": 358,
  "density_within_100m": 11395.493925379706,
  "population_within_250m": 1312,
  "density_within_250m": 6681.961130770134,
  "population_within_500m": 1938,
  "density_within_500m": 2467.5382376967455,
  "population_gini": 0.3814567378197816,
  "population_entropy": 3.3740700415265628,
  "population_center_distance": 64.18612397998653,
  "populated_cells_count": 38,
  "empty_cells_ratio": 0.0,
  "polygon_weighted_population": 57.99053592187598,
  "polygon_coverage_area": 6.472334096724504e-06
}