{
  "total_population": 2568,
  "average_population_per_cell": 71.33333333333333,
  "max_population_cell": 223,
  "min_population_cell": 1,
  "population_std": 57.86190456595773,
  "population_density_km2": 3269.679150879898,
  "closest_population_distance": 95.36955847547912,
  "average_population_distance": 332.40556718685286,
  "farthest_population_distance": 484.04078876390724,
  "population_within_100m": 57,
  "density_within_100m": 1814.3663512476066,
  "population_within_250m": 297,
  "density_within_250m": 1512.6085791453734,
  "population_within_500m": 2568,
  "density_within_500m": 3269.679150879898,
  "population_gini": 0.44026912426445136,
  "population_entropy": 3.263772576658209,
  "population_center_distance": 188.85032956988084,
  "populated_cells_count": 36,
  "empty_cells_ratio": 0.0,
  "polygon_weighted_population": 89.40862022590423,
  "polygon_coverage_area": 3.5287806994726473e-06
}