{
  "total_population": 8926,
  "average_population_per_cell": 171.65384615384616,
  "max_population_cell": 386,
  "min_population_cell": 29,
  "population_std": 87.59485270386132,
  "population_density_km2": 11364.936176306062,
  "closest_population_distance": 27.753174981737725,
  "average_population_distance": 279.5994015464128,
  "farthest_population_distance": 471.187565777214,
  "population_within_100m": 869,
  "density_within_100m": 27661.129109371406,
  "population_within_250m": 3026,
  "density_within_250m": 15411.29144947441,
  "population_within_500m": 8926,
  "density_within_500m": 11364.936176306062,
  "population_gini": 0.2884529205949775,
  "population_entropy": 3.8168614213140017,
  "population_center_distance": 53.46142455250904,
  "populated_cells_count": 52,
  "empty_cells_ratio": 0.0,
  "polygon_weighted_population": 106.08129457115757,
  "polygon_coverage_area": 2.9226576849046433e-06
}