{
  "total_population": 3026,
  "average_population_per_cell": 72.04761904761905,
  "max_population_cell": 189,
  "min_population_cell": 1,
  "population_std": 49.125003509440646,
  "population_density_km2": 3852.8228623686023,
  "closest_population_distance": 65.45341279700084,
  "average_population_distance": 273.87695510315285,
  "farthest_population_distance": 418.2017962603335,
  "population_within_100m": 170,
  "density_within_100m": 5411.268065124441,
  "population_within_250m": 1202,
  "density_within_250m": 6121.735731086663,
  "population_within_500m": 3026,
  "density_within_500m": 3852.8228623686023,
  "population_gini": 0.37852893966575396,
  "population_entropy": 3.5029473697157325,
  "population_center_distance": 101.09309894224859,
  "populated_cells_count": 42,
  "empty_cells_ratio": 0.0,
  "polygon_weighted_population": 134.27459566144677,
  "polygon_coverage_area": 6.484367910960406e-06
}