{
  "total_population": 3472,
  "average_population_per_cell": 69.44,
  "max_population_cell": 342,
  "min_population_cell": 1,
  "population_std": 56.781414033042864,
  "population_density_km2": 4420.687699320485,
  "closest_population_distance": 34.345191164778875,
  "average_population_distance": 244.2880740572781,
  "farthest_population_distance": 492.3958429993169,
  "population_within_100m": 406,
  "density_within_100m": 12923.3813790619,
  "population_within_250m": 1586,
  "density_within_250m": 8077.431671799873,
  "population_within_500m": 3472,
  "density_within_500m": 4420.687699320485,
  "population_gini": 0.3913824884792627,
  "population_entropy": 3.637168685089086,
  "population_center_distance": 61.0143258842371,
  "populated_cells_count": 50,
  "empty_cells_ratio": 0.0,
  "polygon_weighted_population": 114.0,
  "polygon_coverage_area": 3.240000000002484e-06
}