{
  "total_population": 4912,
  "average_population_per_cell": 106.78260869565217,
  "max_population_cell": 248,
  "min_population_cell": 13,
  "population_std": 54.1466785863396,
  "population_density_km2": 6254.152643739119,
  "closest_population_distance": 38.569118523637876,
  "average_population_distance": 263.70423480159354,
  "farthest_population_distance": 485.4172636090821,
  "population_within_100m": 173,
  "density_within_100m": 5506.761030979578,
  "population_within_250m": 2315,
  "density_within_250m": 11790.198184247607,
  "population_within_500m": 4912,
  "density_within_500m": 6254.152643739119,
  "population_gini": 0.2773243874805268,
  "population_entropy": 3.6889506047520073,
  "population_center_distance": 71.75843640740906,
  "populated_cells_count": 46,
  "empty_cells_ratio": 0.0,
  "polygon_weighted_population": 105.69776329266307,
  "polygon_coverage_area": 2.84571740545717e-06
}