{
  "total_population": 6076,
  "average_population_per_cell": 141.30232558139534,
  "max_population_cell": 336,
  "min_population_cell": 17,
  "population_std": 76.25100620217319,
  "population_density_km2": 7736.203473810849,
  "closest_population_distance": 50.03819321747559,
  "average_population_distance": 234.1593967126352,
  "farthest_population_distance": 451.9402546025295,
  "population_within_100m": 649,
  "density_within_100m": 20658.311613328013,
  "population_within_250m": 3314,
  "density_within_250m": 16878.063405009318,
  "population_within_500m": 6076,
  "density_within_500m": 7736.203473810849,
  "population_gini": 0.2984521640614235,
  "population_entropy": 3.6103383955103228,
  "population_center_distance": 64.10300793760558,
  "populated_cells_count": 43,
  "empty_cells_ratio": 0.0,
  "polygon_weighted_population": 201.6871437060445,
  "polygon_coverage_area": 5.98695480471551e-06
}