{
  "total_population": 1845,
  "average_population_per_cell": 37.6530612244898,
  "max_population_cell": 126,
  "min_population_cell": 3,
  "population_std": 32.83452896749102,
  "population_density_km2": 2349.1269600363753,
  "closest_population_distance": 14.81278290816595,
  "average_population_distance": 213.69525061850348,
  "farthest_population_distance": 484.64703837108823,
  "population_within_100m": 411,
  "density_within_100m": 13082.536322153795,
  "population_within_250m": 1162,
  "density_within_250m": 5918.017403929037,
  "population_within_500m": 1845,
  "density_within_500m": 2349.1269600363753,
  "population_gini": 0.43139206902273103,
  "population_entropy": 3.5749435500843223,
  "population_center_distance": 49.66963506071795,
  "populated_cells_count": 49,
  "empty_cells_ratio": 0.0,
  "polygon_weighted_population": 105.8454816968788,
  "polygon_coverage_area": 5.444566207535568e-06
}