{
  "total_population": 943,
  "average_population_per_cell": 33.67857142857143,
  "max_population_cell": 168,
  "min_population_cell": 3,
  "population_std": 30.994687204755504,
  "population_density_km2": 1200.6648906852586,
  "closest_population_distance": 34.08719970058438,
  "average_population_distance": 257.5732212543049,
  "farthest_population_distance": 448.3088042996228,
  "population_within_100m": 171,
  "density_within_100m": 5443.099053742821,
  "population_within_250m": 489,
  "density_within_250m": 2490.4565495019783,
  "population_within_500m": 943,
  "density_within_500m": 1200.6648906852586,
  "population_gini": 0.39641720951371007,
  "population_entropy": 3.0413875976828013,
  "population_center_distance": 144.14285881344676,
  "populated_cells_count": 28,
  "empty_cells_ratio": 0.0,
  "polygon_weighted_population": 24.350336117046652,
  "polygon_coverage_area": 3.1558035607716654e-06
}