{
  "total_population": 8204,
  "average_population_per_cell": 151.92592592592592,
  "max_population_cell": 336,
  "min_population_cell": 27,
  "population_std": 64.78465106240387,
  "population_density_km2": 10445.657225007275,
  "closest_population_distance": 47.30586911529589,
  "average_population_distance": 285.63434733333764,
  "farthest_population_distance": 460.9509541422384,
  "population_within_100m": 454,
  "density_within_100m": 14451.268832744096,
  "population_within_250m": 3314,
  "density_within_250m": 16878.063405009318,
  "population_within_500m": 8204,
  "density_within_500m": 10445.657225007275,
  "population_gini": 0.23179749715585893,
  "population_entropy": 3.901155840870328,
  "population_center_distance": 73.39668299796436,
  "populated_cells_count": 54,
  "empty_cells_ratio": 0.0,
  "polygon_weighted_population": 328.5864073568674,
  "polygon_coverage_area": 7.2159472892541045e-06
}