{
  "total_population": 1455,
  "average_population_per_cell": 58.2,
  "max_population_cell": 160,
  "min_population_cell": 5,
  "population_std": 50.44221115957018,
  "population_density_km2": 1852.5635375896618,
  "closest_population_distance": 73.75665567142238,
  "average_population_distance": 331.9889461692314,
  "farthest_population_distance": 478.3623085774474,
  "population_within_100m": 7,
  "density_within_100m": 222.81692032865345,
  "population_within_250m": 398,
  "density_within_250m": 2026.997355218379,
  "population_within_500m": 1455,
  "density_within_500m": 1852.5635375896618,
  "population_gini": 0.4629553264604811,
  "population_entropy": 2.866882586351731,
  "population_center_distance": 238.0477129966326,
  "populated_cells_count": 25,
  "empty_cells_ratio": 0.0,
  "polygon_weighted_population": 27.0,
  "polygon_coverage_area": 3.2400000000040826e-06
}