{
  "total_population": 1761,
  "average_population_per_cell": 51.794117647058826,
  "max_population_cell": 256,
  "min_population_cell": 1,
  "population_std": 62.11269299439562,
  "population_density_km2": 2242.174838278622,
  "closest_population_distance": 61.63866234681964,
  "average_population_distance": 255.44973703778047,
  "farthest_population_distance": 488.7961500487175,
  "population_within_100m": 185,
  "density_within_100m": 5888.732894400127,
  "population_within_250m": 1014,
  "density_within_250m": 5164.25959344582,
  "population_within_500m": 1761,
  "density_within_500m": 2242.174838278622,
  "population_gini": 0.5880181714934696,
  "population_entropy": 2.927605120391796,
  "population_center_distance": 107.07293718601359,
  "populated_cells_count": 34,
  "empty_cells_ratio": 0.0,
  "polygon_weighted_population": 182.85245033529588,
  "polygon_coverage_area": 7.614024392749394e-06
}