{
  "total_population": 4752,
  "average_population_per_cell": 101.1063829787234,
  "max_population_cell": 247,
  "min_population_cell": 1,
  "population_std": 73.24237133225465,
  "population_density_km2": 6050.4343165814935,
  "closest_population_distance": 39.270231718426814,
  "average_population_distance": 293.46852001652036,
  "farthest_population_distance": 434.46491302169323,
  "population_within_100m": 239,
  "density_within_100m": 7607.606279792597,
  "population_within_250m": 1455,
  "density_within_250m": 7410.254150358647,
  "population_within_500m": 4752,
  "density_within_500m": 6050.4343165814935,
  "population_gini": 0.4049090192707214,
  "population_entropy": 3.5768082644479438,
  "population_center_distance": 113.30789951466262,
  "populated_cells_count": 47,
  "empty_cells_ratio": 0.0,
  "polygon_weighted_population": 279.292948892843,
  "polygon_coverage_area": 7.07342084257027e-06
}