{
  "total_population": 1115,
  "average_population_per_cell": 53.095238095238095,
  "max_population_cell": 150,
  "min_population_cell": 4,
  "population_std": 39.563752048945965,
  "population_density_km2": 1419.6620923797063,
  "closest_population_distance": 18.876718944159883,
  "average_population_distance": 211.00952888879138,
  "farthest_population_distance": 477.93856475074284,
  "population_within_100m": 379,
  "density_within_100m": 12063.944686365667,
  "population_within_250m": 665,
  "density_within_250m": 3386.817188995533,
  "population_within_500m": 1115,
  "density_within_500m": 1419.6620923797063,
  "population_gini": 0.4026478752936152,
  "population_entropy": 2.7753461854256725,
  "population_center_distance": 187.36373951378044,
  "populated_cells_count": 21,
  "empty_cells_ratio": 0.0,
  "polygon_weighted_population": 86.00111180877332,
  "polygon_coverage_area": 3.24090056511047e-06
}