{
  "total_population": 3859,
  "average_population_per_cell": 77.18,
  "max_population_cell": 202,
  "min_population_cell": 1,
  "population_std": 54.4942198769741,
  "population_density_km2": 4913.431403132993,
  "closest_population_distance": 29.550953389957773,
  "average_population_distance": 252.79377240486025,
  "farthest_population_distance": 423.9451379852016,
  "population_within_100m": 231,
  "density_within_100m": 7352.958370845564,
  "population_within_250m": 1940,
  "density_within_250m": 9880.338867144863,
  "population_within_500m": 3859,
  "density_within_500m": 4913.431403132993,
  "population_gini": 0.39611816532780514,
  "population_entropy": 3.6423110422991383,
  "population_center_distance": 26.47639953668858,
  "populated_cells_count": 50,
  "empty_cells_ratio": 0.0,
  "polygon_weighted_population": 121.21726850872193,
  "polygon_coverage_area": 5.10540657870564e-06
}