{
  "total_population": 1700,
  "average_population_per_cell": 50.0,
  "max_population_cell": 152,
  "min_population_cell": 2,
  "population_std": 43.189504897988044,
  "population_density_km2": 2164.507226049777,
  "closest_population_distance": 28.370595795185203,
  "average_population_distance": 253.93472116903382,
  "farthest_population_distance": 498.7382836526461,
  "population_within_100m": 236,
  "density_within_100m": 7512.11331393746,
  "population_within_250m": 683,
  "density_within_250m": 3478.490436216465,
  "population_within_500m": 1700,
  "density_within_500m": 2164.507226049777,
  "population_gini": 0.4755363321799308,
  "population_entropy": 3.1363009567520037,
  "population_center_distance": 40.28559549115139,
  "populated_cells_count": 34,
  "empty_cells_ratio": 0.0,
  "polygon_weighted_population": 4.15928042737255,
  "polygon_coverage_area": 2.691541849867836e-06
}