{
  "total_population": 5465,
  "average_population_per_cell": 103.11320754716981,
  "max_population_cell": 268,
  "min_population_cell": 2,
  "population_std": 64.79217081661312,
  "population_density_km2": 6958.254111977664,
  "closest_population_distance": 30.22111425804718,
  "average_population_distance": 277.45220824275987,
  "farthest_population_distance": 480.40849287120676,
  "population_within_100m": 351,
  "density_within_100m": 11172.677005051051,
  "population_within_250m": 2633,
  "density_within_250m": 13409.758885150733,
  "population_within_500m": 5465,
  "density_within_500m": 6958.254111977664,
  "population_gini": 0.3484748571527214,
  "population_entropy": 3.7714514329554,
  "population_center_distance": 54.28355893156622,
  "populated_cells_count": 53,
  "empty_cells_ratio": 0.0,
  "polygon_weighted_population": 389.93762685850953,
  "polygon_coverage_area": 1.0374597219821639e-05
}