{
  "total_population": 1617,
  "average_population_per_cell": 64.68,
  "max_population_cell": 223,
  "min_population_cell": 1,
  "population_std": 62.635666091027296,
  "population_density_km2": 2058.828343836758,
  "closest_population_distance": 87.29906153810221,
  "average_population_distance": 361.44011331921575,
  "farthest_population_distance": 461.7309707669049,
  "population_within_100m": 9,
  "density_within_100m": 286.4788975654116,
  "population_within_250m": 36,
  "density_within_250m": 183.34649444186343,
  "population_within_500m": 1617,
  "density_within_500m": 2058.828343836758,
  "population_gini": 0.5083982683982684,
  "population_entropy": 2.783747800092134,
  "population_center_distance": 245.75527600714915,
  "populated_cells_count": 25,
  "empty_cells_ratio": 0.0,
  "polygon_weighted_population": 49.27035350559555,
  "polygon_coverage_area": 1.944801899604685e-06
}