{
  "total_population": 2722,
  "average_population_per_cell": 80.05882352941177,
  "max_population_cell": 327,
  "min_population_cell": 2,
  "population_std": 79.0929415601328,
  "population_density_km2": 3465.758040769113,
  "closest_population_distance": 42.769935880670964,
  "average_population_distance": 267.80285569141387,
  "farthest_population_distance": 427.7685503286272,
  "population_within_100m": 208,
  "density_within_100m": 6620.845632622845,
  "population_within_250m": 1123,
  "density_within_250m": 5719.392034950351,
  "population_within_500m": 2722,
  "density_within_500m": 3465.758040769113,
  "population_gini": 0.4830142196481826,
  "population_entropy": 3.1238005544541356,
  "population_center_distance": 123.91714681190132,
  "populated_cells_count": 34,
  "empty_cells_ratio": 0.0,
  "polygon_weighted_population": 214.27629040977422,
  "polygon_coverage_area": 9.330997040675485e-06
}