{
  "total_population": 5251,
  "average_population_per_cell": 102.96078431372548,
  "max_population_cell": 204,
  "min_population_cell": 18,
  "population_std": 52.62089348702233,
  "population_density_km2": 6685.780849404339,
  "closest_population_distance": 30.735809173738797,
  "average_population_distance": 277.38388205791176,
  "farthest_population_distance": 466.10770227725544,
  "population_within_100m": 366,
  "density_within_100m": 11650.141834326738,
  "population_within_250m": 1854,
  "density_within_250m": 9442.344463755966,
  "population_within_500m": 5251,
  "density_within_500m": 6685.780849404339,
  "population_gini": 0.29074574030716843,
  "population_entropy": 3.796267445748049,
  "population_center_distance": 70.69623494153693,
  "populated_cells_count": 51,
  "empty_cells_ratio": 0.0,
  "polygon_weighted_population": 98.67866694222818,
  "polygon_coverage_area": 3.823033880497868e-06
}