{
  "total_population": 2016,
  "average_population_per_cell": 67.2,
  "max_population_cell": 260,
  "min_population_cell": 1,
  "population_std": 67.60248924206962,
  "population_density_km2": 2566.850922186088,
  "closest_population_distance": 31.86655143553886,
  "average_population_distance": 251.9506852010137,
  "farthest_population_distance": 434.65686383913913,
  "population_within_100m": 256,
  "density_within_100m": 8148.733086305041,
  "population_within_250m": 1011,
  "density_within_250m": 5148.980718908998,
  "population_within_500m": 2016,
  "density_within_500m": 2566.850922186088,
  "population_gini": 0.526686507936508,
  "population_entropy": 2.931532191370045,
  "population_center_distance": 140.82930440578545,
  "populated_cells_count": 30,
  "empty_cells_ratio": 0.0,
  "polygon_weighted_population": 109.0,
  "polygon_coverage_area": 3.2400000000040826e-06
}