{
  "total_population": 2693,
  "average_population_per_cell": 79.20588235294117,
  "max_population_cell": 269,
  "min_population_cell": 1,
  "population_std": 70.54110317450848,
  "population_density_km2": 3428.834093971793,
  "closest_population_distance": 43.4929646390327,
  "average_population_distance": 311.0508438640647,
  "farthest_population_distance": 499.1299363887081,
  "population_within_100m": 168,
  "density_within_100m": 5347.606087887683,
  "population_within_250m": 679,
  "density_within_250m": 3458.118603500702,
  "population_within_500m": 2693,
  "density_within_500m": 3428.834093971793,
  "population_gini": 0.48073436578493256,
  "population_entropy": 3.1313995868887106,
  "population_center_distance": 219.43990150970723,
  "populated_cells_count": 34,
  "empty_cells_ratio": 0.0,
  "polygon_weighted_population": 71.0,
  "polygon_coverage_area": 3.2400000000040826e-06
}