{
  "total_population": 1429,
  "average_population_per_cell": 47.63333333333333,
  "max_population_cell": 232,
  "min_population_cell": 1,
  "population_std": 64.38648569560141,
  "population_density_km2": 1819.4593094265476,
  "closest_population_distance": 75.11201091211122,
  "average_population_distance": 321.98357200648985,
  "farthest_population_distance": 455.7880631563108,
  "population_within_100m": 6,
  "density_within_100m": 190.9859317102744,
  "population_within_250m": 244,
  "density_within_250m": 1242.681795661519,
  "population_within_500m": 1429,
  "density_within_500m": 1819.4593094265476,
  "population_gini": 0.6541404245393049,
  "population_entropy": 2.619962766435376,
  "population_center_distance": 128.36566058245404,
  "populated_cells_count": 30,
  "empty_cells_ratio": 0.0,
  "polygon_weighted_population": 42.21393909186504,
  "polygon_coverage_area": 7.173162657651783e-06
}