{
  "total_population": 5537,
  "average_population_per_cell": 123.04444444444445,
  "max_population_cell": 461,
  "min_population_cell": 5,
  "population_std": 95.77054860340928,
  "population_density_km2": 7049.927359198596,
  "closest_population_distance": 56.20927758284349,
  "average_population_distance": 260.1271320361115,
  "farthest_population_distance": 489.82564354843555,
  "population_within_100m": 568,
  "density_within_100m": 18080.00153523931,
  "population_within_250m": 2271,
  "density_within_250m": 11566.108024374218,
  "population_within_500m": 5537,
  "density_within_500m": 7049.927359198596,
  "population_gini": 0.4099131097866875,
  "population_entropy": 3.525449458752439,
  "population_center_distance": 98.08164622680472,
  "populated_cells_count": 45,
  "empty_cells_ratio": 0.0,
  "polygon_weighted_population": 24.732049694620052,
  "polygon_coverage_area": 1.2327975540103068e-06
}