{
  "total_population": 1392,
  "average_population_per_cell": 87.0,
  "max_population_cell": 214,
  "min_population_cell": 1,
  "population_std": 63.94685293272844,
  "population_density_km2": 1772.3494462713466,
  "closest_population_distance": 89.83015193567725,
  "average_population_distance": 301.4079952400058,
  "farthest_population_distance": 493.25645744258384,
  "population_within_100m": 1,
  "density_within_100m": 31.830988618379067,
  "population_within_250m": 442,
  "density_within_250m": 2251.0875150917677,
  "population_within_500m": 1392,
  "density_within_500m": 1772.3494462713466,
  "population_gini": 0.40418462643678166,
  "population_entropy": 2.4712520147741035,
  "population_center_distance": 267.49079544861735,
  "populated_cells_count": 16,
  "empty_cells_ratio": 0.0
}