{
  "total_population": 2203,
  "average_population_per_cell": 66.75757575757575,
  "max_population_cell": 242,
  "min_population_cell": 2,
  "population_std": 51.09490575330767,
  "population_density_km2": 2804.9467170515636,
  "closest_population_distance": 87.06752651272647,
  "average_population_distance": 297.4031594792763,
  "farthest_population_distance": 451.3576965477452,
  "population_within_100m": 60,
  "density_within_100m": 1909.859317102744,
  "population_within_250m": 687,
  "density_within_250m": 3498.8622689322274,
  "population_within_500m": 2203,
  "density_within_500m": 2804.9467170515636,
  "population_gini": 0.40055571603460843,
  "population_entropy": 3.2222469129972606,
  "population_center_distance": 213.96861442967003,
  "populated_cells_count": 33,
  "empty_cells_ratio": 0.0,
  "polygon_weighted_population": 2.0,
  "polygon_coverage_area": 3.2400000000040826e-06
}