{
  "total_population": 2052,
  "average_population_per_cell": 36.0,
  "max_population_cell": 139,
  "min_population_cell": 2,
  "population_std": 26.630406895662926,
  "population_density_km2": 2612.687545796554,
  "closest_population_distance": 37.4779540019008,
  "average_population_distance": 263.760049718128,
  "farthest_population_distance": 470.82701374383686,
  "population_within_100m": 87,
  "density_within_100m": 2769.2960097989785,
  "population_within_250m": 928,
  "density_within_250m": 4726.265190056924,
  "population_within_500m": 2052,
  "density_within_500m": 2612.687545796554,
  "population_gini": 0.3715844191375124,
  "population_entropy": 3.806329779484963,
  "population_center_distance": 29.174342380263376,
  "populated_cells_count": 57,
  "empty_cells_ratio": 0.0,
  "polygon_weighted_population": 15.499753282804422,
  "polygon_coverage_area": 3.919649657060929e-06
}