{
  "total_population": 2774,
  "average_population_per_cell": 69.35,
  "max_population_cell": 180,
  "min_population_cell": 18,
  "population_std": 37.82723886302038,
  "population_density_km2": 3531.9664970953413,
  "closest_population_distance": 36.617033023697225,
  "average_population_distance": 319.7693932654506,
  "farthest_population_distance": 486.0287773780696,
  "population_within_100m": 90,
  "density_within_100m": 2864.788975654116,
  "population_within_250m": 867,
  "density_within_250m": 4415.594741141545,
  "population_within_500m": 2774,
  "density_within_500m": 3531.9664970953413,
  "population_gini": 0.2911860129776496,
  "population_entropy": 3.5542938931986656,
  "population_center_distance": 86.4476552131078,
  "populated_cells_count": 40,
  "empty_cells_ratio": 0.0,
  "polygon_weighted_population": 119.75666085722509,
  "polygon_coverage_area": 5.1741447647241356e-06
}