{
  "total_population": 5037,
  "average_population_per_cell": 102.79591836734694,
  "max_population_cell": 516,
  "min_population_cell": 4,
  "population_std": 91.37513784573203,
  "population_density_km2": 6413.307586831014,
  "closest_population_distance": 70.8939043449743,
  "average_population_distance": 300.5039478930719,
  "farthest_population_distance": 480.1160036363256,
  "population_within_100m": 102,
  "density_within_100m": 3246.7608390746645,
  "population_within_250m": 1817,
  "density_within_250m": 9253.905011135163,
  "population_within_500m": 5037,
  "density_within_500m": 6413.307586831014,
  "population_gini": 0.4470834194309052,
  "population_entropy": 3.541483941735475,
  "population_center_distance": 149.52394276525604,
  "populated_cells_count": 49,
  "empty_cells_ratio": 0.0,
  "polygon_weighted_population": 184.73157667363668,
  "polygon_coverage_area": 5.114614090477875e-06
}