{
  "total_population": 7392,
  "average_population_per_cell": 144.94117647058823,
  "max_population_cell": 329,
  "min_population_cell": 17,
  "population_std": 77.1360905840336,
  "population_density_km2": 9411.786714682323,
  "closest_population_distance": 4.81373507639302,
  "average_population_distance": 242.73486290932345,
  "farthest_population_distance": 469.66956270856866,
  "population_within_100m": 1019,
  "density_within_100m": 32435.777402128268,
  "population_within_250m": 3785,
  "density_within_250m": 19276.846707290362,
  "population_within_500m": 7392,
  "density_within_500m": 9411.786714682323,
  "population_gini": 0.29952359731771494,
  "population_entropy": 3.785186842285488,
  "population_center_distance": 27.59173898156146,
  "populated_cells_count": 51,
  "empty_cells_ratio": 0.0,
  "polygon_weighted_population": 512.0,
  "polygon_coverage_area": 6.480000000008165e-06
}