{
  "total_population": 5247,
  "average_population_per_cell": 107.08163265306122,
  "max_population_cell": 242,
  "min_population_cell": 1,
  "population_std": 78.81646315298332,
  "population_density_km2": 6680.687891225399,
  "closest_population_distance": 19.78637154783438,
  "average_population_distance": 278.13214059408216,
  "farthest_population_distance": 486.1731872853384,
  "population_within_100m": 385,
  "density_within_100m": 12254.93061807594,
  "population_within_250m": 2196,
  "density_within_250m": 11184.136160953669,
  "population_within_500m": 5247,
  "density_within_500m": 6680.687891225399,
  "population_gini": 0.41749804553039055,
  "population_entropy": 3.58022866095371,
  "population_center_distance": 172.00333956276103,
  "populated_cells_count": 49,
  "empty_cells_ratio": 0.0,
  "polygon_weighted_population": 204.2665251298336,
  "polygon_coverage_area": 5.291365739307765e-06
}