{
  "total_population": 5912,
  "average_population_per_cell": 115.92156862745098,
  "max_population_cell": 268,
  "min_population_cell": 3,
  "population_std": 71.57145887496074,
  "population_density_km2": 7527.392188474282,
  "closest_population_distance": 46.445472793647596,
  "average_population_distance": 279.13404274244937,
  "farthest_population_distance": 466.55541018437174,
  "population_within_100m": 278,
  "density_within_100m": 8849.01483590938,
  "population_within_250m": 2122,
  "density_within_250m": 10807.257255712062,
  "population_within_500m": 5912,
  "density_within_500m": 7527.392188474282,
  "population_gini": 0.34773408686884766,
  "population_entropy": 3.7142774843235307,
  "population_center_distance": 23.707036093416725,
  "populated_cells_count": 51,
  "empty_cells_ratio": 0.0,
  "polygon_weighted_population": 425.4260863942517,
  "polygon_coverage_area": 1.0576743386129321e-05
}