{
  "total_population": 4133,
  "average_population_per_cell": 84.34693877551021,
  "max_population_cell": 304,
  "min_population_cell": 2,
  "population_std": 51.12629420546412,
  "population_density_km2": 5262.299038390428,
  "closest_population_distance": 24.019152898530628,
  "average_population_distance": 280.884284917211,
  "farthest_population_distance": 499.5522650284555,
  "population_within_100m": 209,
  "density_within_100m": 6652.676621241225,
  "population_within_250m": 1728,
  "density_within_250m": 8800.631733209444,
  "population_within_500m": 4133,
  "density_within_500m": 5262.299038390428,
  "population_gini": 0.3081815353772769,
  "population_entropy": 3.7211956283171816,
  "population_center_distance": 85.60435903761,
  "populated_cells_count": 49,
  "empty_cells_ratio": 0.0,
  "polygon_weighted_population": 116.3425979794487,
  "polygon_coverage_area": 4.146290604092543e-06
}