{
  "total_population": 3645,
  "average_population_per_cell": 93.46153846153847,
  "max_population_cell": 201,
  "min_population_cell": 13,
  "population_std": 48.33046666541889,
  "population_density_km2": 4640.958140559668,
  "closest_population_distance": 6.803904966708332,
  "average_population_distance": 277.0176035295583,
  "farthest_population_distance": 437.36917078621616,
  "population_within_100m": 306,
  "density_within_100m": 9740.282517223994,
  "population_within_250m": 1391,
  "density_within_250m": 7084.304826906446,
  "population_within_500m": 3645,
  "density_within_500m": 4640.958140559668,
  "population_gini": 0.29078118954662163,
  "population_entropy": 3.519572060575487,
  "population_center_distance": 64.74937010864939,
  "populated_cells_count": 39,
  "empty_cells_ratio": 0.0,
  "polygon_weighted_population": 33.45985223846024,
  "polygon_coverage_area": 3.1885270956690525e-06
}