{
  "total_population": 6388,
  "average_population_per_cell": 163.7948717948718,
  "max_population_cell": 528,
  "min_population_cell": 3,
  "population_std": 108.13348950235915,
  "population_density_km2": 8133.4542117682195,
  "closest_population_distance": 95.6911365922245,
  "average_population_distance": 298.5809433742327,
  "farthest_population_distance": 497.5922699222185,
  "population_within_100m": 175,
  "density_within_100m": 5570.423008216337,
  "population_within_250m": 2433,
  "density_within_250m": 12391.167249362603,
  "population_within_500m": 6388,
  "density_within_500m": 8133.4542117682195,
  "population_gini": 0.353667935070565,
  "population_entropy": 3.433518197541251,
  "population_center_distance": 196.24897341015208,
  "populated_cells_count": 39,
  "empty_cells_ratio": 0.0,
  "polygon_weighted_population": 263.6685947769498,
  "polygon_coverage_area": 4.251166020073618e-06
}