{
  "total_population": 3737,
  "average_population_per_cell": 101.0,
  "max_population_cell": 235,
  "min_population_cell": 2,
  "population_std": 68.71681017043792,
  "population_density_km2": 4758.096178675303,
  "closest_population_distance": 32.54103985210459,
  "average_population_distance": 267.8240481678595,
  "farthest_population_distance": 430.3412596665629,
  "population_within_100m": 204,
  "density_within_100m": 6493.521678149329,
  "population_within_250m": 1575,
  "density_within_250m": 8021.409131831525,
  "population_within_500m": 3737,
  "density_within_500m": 4758.096178675303,
  "population_gini": 0.3825586357028691,
  "population_entropy": 3.3259285281502287,
  "population_center_distance": 192.72439240100377,
  "populated_cells_count": 37,
  "empty_cells_ratio": 0.0,
  "polygon_weighted_population": 126.49317045421286,
  "polygon_coverage_area": 6.330715661067038e-06
}