{
  "total_population": 789,
  "average_population_per_cell": 56.357142857142854,
  "max_population_cell": 153,
  "min_population_cell": 1,
  "population_std": 48.866548480934895,
  "population_density_km2": 1004.5860007960434,
  "closest_population_distance": 98.87570013036766,
  "average_population_distance": 300.15990879638804,
  "farthest_population_distance": 491.878675393259,
  "population_within_100m": 144,
  "density_within_100m": 4583.662361046586,
  "population_within_250m": 208,
  "density_within_250m": 1059.3353012196553,
  "population_within_500m": 789,
  "density_within_500m": 1004.5860007960434,
  "population_gini": 0.455458989679522,
  "population_entropy": 2.282995712156246,
  "population_center_distance": 232.6970575563587,
  "populated_cells_count": 14,
  "empty_cells_ratio": 0.0,
  "polygon_weighted_population": 3.1281048409770795,
  "polygon_coverage_area": 5.541929621658829e-07
}