{
  "total_population": 481,
  "average_population_per_cell": 19.24,
  "max_population_cell": 59,
  "min_population_cell": 2,
  "population_std": 17.79344448572751,
  "population_density_km2": 612.4282210176133,
  "closest_population_distance": 68.22085555633105,
  "average_population_distance": 266.69315138026565,
  "farthest_population_distance": 477.7480527489904,
  "population_within_100m": 13,
  "density_within_100m": 413.8028520389278,
  "population_within_250m": 210,
  "density_within_250m": 1069.5212175775366,
  "population_within_500m": 481,
  "density_within_500m": 612.4282210176133,
  "population_gini": 0.47983367983367986,
  "population_entropy": 2.838694190057674,
  "population_center_distance": 203.60025314952094,
  "populated_cells_count": 25,
  "empty_cells_ratio": 0.0,
  "polygon_weighted_population": 16.2297214452135,
  "polygon_coverage_area": 1.3701671396706472e-06
}