{
  "total_population": 3251,
  "average_population_per_cell": 70.67391304347827,
  "max_population_cell": 188,
  "min_population_cell": 2,
  "population_std": 48.18808259671499,
  "population_density_km2": 4139.301759934014,
  "closest_population_distance": 38.229006836777785,
  "average_population_distance": 284.87691203962635,
  "farthest_population_distance": 465.0251198547743,
  "population_within_100m": 113,
  "density_within_100m": 3596.9017138768345,
  "population_within_250m": 1105,
  "density_within_250m": 5627.718787729419,
  "population_within_500m": 3251,
  "density_within_500m": 4139.301759934014,
  "population_gini": 0.3826180573201557,
  "population_entropy": 3.5812410492243174,
  "population_center_distance": 13.836413992121049,
  "populated_cells_count": 46,
  "empty_cells_ratio": 0.0,
  "polygon_weighted_population": 186.22475000079368,
  "polygon_coverage_area": 1.2164647969836267e-05
}