{
  "total_population": 6544,
  "average_population_per_cell": 114.80701754385964,
  "max_population_cell": 205,
  "min_population_cell": 31,
  "population_std": 41.54362534754934,
  "population_density_km2": 8332.079580746906,
  "closest_population_distance": 59.9403910684144,
  "average_population_distance": 288.80135711534757,
  "farthest_population_distance": 485.3441977547756,
  "population_within_100m": 513,
  "density_within_100m": 16329.29716122846,
  "population_within_250m": 2173,
  "density_within_250m": 11066.998122838035,
  "population_within_500m": 6544,
  "density_within_500m": 8332.079580746906,
  "population_gini": 0.2056202547934629,
  "population_entropy": 3.9763140940609074,
  "population_center_distance": 90.65455129877822,
  "populated_cells_count": 57,
  "empty_cells_ratio": 0.0,
  "polygon_weighted_population": 207.0,
  "polygon_coverage_area": 6.480000000008165e-06
}