{
  "total_population": 2244,
  "average_population_per_cell": 62.333333333333336,
  "max_population_cell": 206,
  "min_population_cell": 3,
  "population_std": 47.59471759404759,
  "population_density_km2": 2857.149538385705,
  "closest_population_distance": 55.06971737995991,
  "average_population_distance": 258.2830574913921,
  "farthest_population_distance": 419.29116093154227,
  "population_within_100m": 140,
  "density_within_100m": 4456.338406573069,
  "population_within_250m": 1163,
  "density_within_250m": 5923.110362107977,
  "population_within_500m": 2244,
  "density_within_500m": 2857.149538385705,
  "population_gini": 0.41389384036442856,
  "population_entropy": 3.2948585775590176,
  "population_center_distance": 148.35880377932452,
  "populated_cells_count": 36,
  "empty_cells_ratio": 0.0,
  "polygon_weighted_population": 178.2783052487532,
  "polygon_coverage_area": 9.844217302231347e-06
}