{
  "total_population": 1633,
  "average_population_per_cell": 74.22727272727273,
  "max_population_cell": 396,
  "min_population_cell": 1,
  "population_std": 105.3768438547066,
  "population_density_km2": 2079.2001765525206,
  "closest_population_distance": 50.41593027253685,
  "average_population_distance": 185.1350320700208,
  "farthest_population_distance": 460.59142184367494,
  "population_within_100m": 587,
  "density_within_100m": 18684.79031898851,
  "population_within_250m": 1100,
  "density_within_250m": 5602.253996834716,
  "population_within_500m": 1633,
  "density_within_500m": 2079.2001765525206,
  "population_gini": 0.6595501864944608,
  "population_entropy": 2.3016862638699633,
  "population_center_distance": 114.1958391319942,
  "populated_cells_count": 22,
  "empty_cells_ratio": 0.0
}