{
  "total_population": 2895,
  "average_population_per_cell": 87.72727272727273,
  "max_population_cell": 2123,
  "min_population_cell": 1,
  "population_std": 366.55475995470925,
  "population_density_km2": 3686.028482008296,
  "closest_population_distance": 115.90322704934441,
  "average_population_distance": 295.5200728396278,
  "farthest_population_distance": 454.2949617338935,
  "population_within_100m": 0,
  "density_within_100m": 0.0,
  "population_within_250m": 84,
  "density_within_250m": 427.8084870310147,
  "population_within_500m": 2895,
  "density_within_500m": 3686.028482008296,
  "population_gini": 0.8591406290888156,
  "population_entropy": 1.3333143392108695,
  "population_center_distance": 264.3815169691708,
  "populated_cells_count": 33,
  "empty_cells_ratio": 0.0,
  "polygon_weighted_population": 35.75982131085581,
  "polygon_coverage_area": 2.2691124317294553e-06
}