{
  "total_population": 5915,
  "average_population_per_cell": 159.86486486486487,
  "max_population_cell": 378,
  "min_population_cell": 1,
  "population_std": 100.71416157791487,
  "population_density_km2": 7531.211907108487,
  "closest_population_distance": 53.52007613356459,
  "average_population_distance": 243.732399615697,
  "farthest_population_distance": 442.71137660143694,
  "population_within_100m": 617,
  "density_within_100m": 19639.719977539884,
  "population_within_250m": 2987,
  "density_within_250m": 15212.666080495725,
  "population_within_500m": 5915,
  "density_within_500m": 7531.211907108487,
  "population_gini": 0.3555961709807864,
  "population_entropy": 3.3925322546012113,
  "population_center_distance": 78.08109455200689,
  "populated_cells_count": 37,
  "empty_cells_ratio": 0.0,
  "polygon_weighted_population": 67.14384767189732,
  "polygon_coverage_area": 4.6889789832335965e-06
}