{
  "total_population": 530,
  "average_population_per_cell": 23.043478260869566,
  "max_population_cell": 73,
  "min_population_cell": 3,
  "population_std": 17.452476408989185,
  "population_density_km2": 674.8169587096362,
  "closest_population_distance": 38.606492529754554,
  "average_population_distance": 220.78782888874105,
  "farthest_population_distance": 408.70138605124265,
  "population_within_100m": 59,
  "density_within_100m": 1878.028328484365,
  "population_within_250m": 351,
  "density_within_250m": 1787.6283208081684,
  "population_within_500m": 530,
  "density_within_500m": 674.8169587096362,
  "population_gini": 0.39770303527481543,
  "population_entropy": 2.8777938772702845,
  "population_center_distance": 29.026042270112093,
  "populated_cells_count": 23,
  "empty_cells_ratio": 0.0,
  "polygon_weighted_population": 73.0,
  "polygon_coverage_area": 3.240000000002484e-06
}