{
  "total_population": 4154,
  "average_population_per_cell": 103.85,
  "max_population_cell": 253,
  "min_population_cell": 1,
  "population_std": 58.04266777165985,
  "population_density_km2": 5289.037068829866,
  "closest_population_distance": 56.22132450856561,
  "average_population_distance": 292.786535155151,
  "farthest_population_distance": 498.0279231638599,
  "population_within_100m": 97,
  "density_within_100m": 3087.605895982769,
  "population_within_250m": 1374,
  "density_within_250m": 6997.724537864455,
  "population_within_500m": 4154,
  "density_within_500m": 5289.037068829866,
  "population_gini": 0.307956186807896,
  "population_entropy": 3.518562600787439,
  "population_center_distance": 60.383469570352645,
  "populated_cells_count": 40,
  "empty_cells_ratio": 0.0,
  "polygon_weighted_population": 14.69229714660987,
  "polygon_coverage_area": 7.125149569312661e-07
}