{
  "total_population": 2194,
  "average_population_per_cell": 56.256410256410255,
  "max_population_cell": 879,
  "min_population_cell": 1,
  "population_std": 143.33173115258074,
  "population_density_km2": 2793.487561148947,
  "closest_population_distance": 41.21447088763918,
  "average_population_distance": 319.2486506987097,
  "farthest_population_distance": 456.1103605762142,
  "population_within_100m": 9,
  "density_within_100m": 286.4788975654116,
  "population_within_250m": 126,
  "density_within_250m": 641.712730546522,
  "population_within_500m": 2194,
  "density_within_500m": 2793.487561148947,
  "population_gini": 0.7527522614122432,
  "population_entropy": 2.4070838586285555,
  "population_center_distance": 57.12418295530563,
  "populated_cells_count": 39,
  "empty_cells_ratio": 0.0,
  "polygon_weighted_population": 89.28869179786324,
  "polygon_coverage_area": 3.013493348181682e-06
}