{
  "total_population": 961,
  "average_population_per_cell": 26.694444444444443,
  "max_population_cell": 80,
  "min_population_cell": 3,
  "population_std": 20.149185654504315,
  "population_density_km2": 1223.5832024904914,
  "closest_population_distance": 49.239630382319646,
  "average_population_distance": 206.15599969654772,
  "farthest_population_distance": 480.3034116536837,
  "population_within_100m": 119,
  "density_within_100m": 3787.8876455871086,
  "population_within_250m": 673,
  "density_within_250m": 3427.560854427058,
  "population_within_500m": 961,
  "density_within_500m": 1223.5832024904914,
  "population_gini": 0.4029656607700312,
  "population_entropy": 3.3206368819677,
  "population_center_distance": 36.90326266531672,
  "populated_cells_count": 36,
  "empty_cells_ratio": 0.0
}