{
  "total_population": 443,
  "average_population_per_cell": 19.26086956521739,
  "max_population_cell": 75,
  "min_population_cell": 1,
  "population_std": 20.084406867256156,
  "population_density_km2": 564.0451183176771,
  "closest_population_distance": 42.25157296474397,
  "average_population_distance": 284.0421695325945,
  "farthest_population_distance": 469.2358022496071,
  "population_within_100m": 63,
  "density_within_100m": 2005.3522829578812,
  "population_within_250m": 142,
  "density_within_250m": 723.2000614095724,
  "population_within_500m": 443,
  "density_within_500m": 564.0451183176771,
  "population_gini": 0.5354794386102659,
  "population_entropy": 2.6437212022329692,
  "population_center_distance": 180.68689015301155,
  "populated_cells_count": 23,
  "empty_cells_ratio": 0.0,
  "polygon_weighted_population": 47.0,
  "polygon_coverage_area": 3.240000000002484e-06
}