{
  "total_population": 3744,
  "average_population_per_cell": 104.0,
  "max_population_cell": 262,
  "min_population_cell": 1,
  "population_std": 67.60431093608496,
  "population_density_km2": 4767.00885548845,
  "closest_population_distance": 35.86485321220864,
  "average_population_distance": 288.11034677519615,
  "farthest_population_distance": 485.2459349366123,
  "population_within_100m": 125,
  "density_within_100m": 3978.8735772973832,
  "population_within_250m": 1338,
  "density_within_250m": 6814.378043422591,
  "population_within_500m": 3744,
  "density_within_500m": 4767.00885548845,
  "population_gini": 0.35918209876543217,
  "population_entropy": 3.359941018293675,
  "population_center_distance": 166.10442327646717,
  "populated_cells_count": 36,
  "empty_cells_ratio": 0.0,
  "polygon_weighted_population": 1.422485827831676,
  "polygon_coverage_area": 4.6088540821804376e-07
}