{
  "total_population": 1761,
  "average_population_per_cell": 58.7,
  "max_population_cell": 117,
  "min_population_cell": 1,
  "population_std": 33.79262314929613,
  "population_density_km2": 2242.174838278622,
  "closest_population_distance": 91.855884111272,
  "average_population_distance": 333.02678137683534,
  "farthest_population_distance": 454.6119012694756,
  "population_within_100m": 10,
  "density_within_100m": 318.30988618379064,
  "population_within_250m": 268,
  "density_within_250m": 1364.9127919560945,
  "population_within_500m": 1761,
  "density_within_500m": 2242.174838278622,
  "population_gini": 0.32581866363808437,
  "population_entropy": 3.2165035739609773,
  "population_center_distance": 109.86714179373539,
  "populated_cells_count": 30,
  "empty_cells_ratio": 0.0,
  "polygon_weighted_population": 76.67266909305116,
  "polygon_coverage_area": 9.687862056419267e-06
}