{
  "total_population": 1510,
  "average_population_per_cell": 41.94444444444444,
  "max_population_cell": 119,
  "min_population_cell": 2,
  "population_std": 36.570827127990924,
  "population_density_km2": 1922.5917125500957,
  "closest_population_distance": 36.43285361239951,
  "average_population_distance": 282.2368724397773,
  "farthest_population_distance": 466.3107665163082,
  "population_within_100m": 204,
  "density_within_100m": 6493.521678149329,
  "population_within_250m": 552,
  "density_within_250m": 2811.3129147752393,
  "population_within_500m": 1510,
  "density_within_500m": 1922.5917125500957,
  "population_gini": 0.4733995584988963,
  "population_entropy": 3.213671117968012,
  "population_center_distance": 74.64608970598377,
  "populated_cells_count": 36,
  "empty_cells_ratio": 0.0,
  "polygon_weighted_population": 65.0,
  "polygon_coverage_area": 9.720000000013846e-06
}