{
  "total_population": 2050,
  "average_population_per_cell": 70.6896551724138,
  "max_population_cell": 402,
  "min_population_cell": 1,
  "population_std": 84.8738995082351,
  "population_density_km2": 2610.1410667070836,
  "closest_population_distance": 168.43532732584404,
  "average_population_distance": 284.21824528587524,
  "farthest_population_distance": 465.85184614358315,
  "population_within_100m": 0,
  "density_within_100m": 0.0,
  "population_within_250m": 964,
  "density_within_250m": 4909.611684498787,
  "population_within_500m": 2050,
  "density_within_500m": 2610.1410667070836,
  "population_gini": 0.5445584524810766,
  "population_entropy": 2.839193671901804,
  "population_center_distance": 124.20746775906906,
  "populated_cells_count": 29,
  "empty_cells_ratio": 0.0,
  "polygon_weighted_population": 235.36419220793235,
  "polygon_coverage_area": 1.1907556797821686e-05
}