{
  "total_population": 1548,
  "average_population_per_cell": 40.73684210526316,
  "max_population_cell": 143,
  "min_population_cell": 2,
  "population_std": 36.225781628876476,
  "population_density_km2": 1970.974815250032,
  "closest_population_distance": 60.83744124832588,
  "average_population_distance": 263.24757305413965,
  "farthest_population_distance": 478.9257379527495,
  "population_within_100m": 68,
  "density_within_100m": 2164.5072260497764,
  "population_within_250m": 755,
  "density_within_250m": 3845.1834251001915,
  "population_within_500m": 1548,
  "density_within_500m": 1970.974815250032,
  "population_gini": 0.46674826601387187,
  "population_entropy": 3.2762203451973413,
  "population_center_distance": 82.54747951957957,
  "populated_cells_count": 38,
  "empty_cells_ratio": 0.0,
  "polygon_weighted_population": 113.0,
  "polygon_coverage_area": 3.2400000000040826e-06
}