{
  "total_population": 2454,
  "average_population_per_cell": 94.38461538461539,
  "max_population_cell": 311,
  "min_population_cell": 2,
  "population_std": 74.57510411555693,
  "population_density_km2": 3124.5298427800894,
  "closest_population_distance": 63.95746031112012,
  "average_population_distance": 317.62471211005004,
  "farthest_population_distance": 429.2132397848008,
  "population_within_100m": 6,
  "density_within_100m": 190.9859317102744,
  "population_within_250m": 591,
  "density_within_250m": 3009.9382837539247,
  "population_within_500m": 2454,
  "density_within_500m": 3124.5298427800894,
  "population_gini": 0.4160867657200175,
  "population_entropy": 2.955771419509171,
  "population_center_distance": 199.7605214803017,
  "populated_cells_count": 26,
  "empty_cells_ratio": 0.0,
  "polygon_weighted_population": 17.60175551961049,
  "polygon_coverage_area": 3.684565251070759e-06
}