{
  "total_population": 3020,
  "average_population_per_cell": 75.5,
  "max_population_cell": 238,
  "min_population_cell": 4,
  "population_std": 54.883092534530576,
  "population_density_km2": 3845.1834251001915,
  "closest_population_distance": 15.248241660346697,
  "average_population_distance": 299.53028358402776,
  "farthest_population_distance": 468.67821729956944,
  "population_within_100m": 259,
  "density_within_100m": 8244.226052160178,
  "population_within_250m": 1026,
  "density_within_250m": 5225.375091593108,
  "population_within_500m": 3020,
  "density_within_500m": 3845.1834251001915,
  "population_gini": 0.3907947019867549,
  "population_entropy": 3.439251111784408,
  "population_center_distance": 144.7822045416318,
  "populated_cells_count": 40,
  "empty_cells_ratio": 0.0,
  "polygon_weighted_population": 325.56186954283544,
  "polygon_coverage_area": 8.48221214817317e-06
}