{
  "total_population": 1126,
  "average_population_per_cell": 34.121212121212125,
  "max_population_cell": 100,
  "min_population_cell": 2,
  "population_std": 22.457957353349137,
  "population_density_km2": 1433.6677273717933,
  "closest_population_distance": 49.933972320988296,
  "average_population_distance": 268.1031774338933,
  "farthest_population_distance": 482.2432178932895,
  "population_within_100m": 129,
  "density_within_100m": 4106.197531770899,
  "population_within_250m": 533,
  "density_within_250m": 2714.546709375367,
  "population_within_500m": 1126,
  "density_within_500m": 1433.6677273717933,
  "population_gini": 0.3588460089348189,
  "population_entropy": 3.26714442560498,
  "population_center_distance": 192.7318012860579,
  "populated_cells_count": 33,
  "empty_cells_ratio": 0.0,
  "polygon_weighted_population": 4.0,
  "polygon_coverage_area": 3.2400000000040826e-06
}