{
  "total_population": 3019,
  "average_population_per_cell": 100.63333333333334,
  "max_population_cell": 325,
  "min_population_cell": 5,
  "population_std": 80.16641455739745,
  "population_density_km2": 3843.9101855554563,
  "closest_population_distance": 65.30799363093695,
  "average_population_distance": 291.37795217396297,
  "farthest_population_distance": 495.0667578897888,
  "population_within_100m": 221,
  "density_within_100m": 7034.648484661773,
  "population_within_250m": 1023,
  "density_within_250m": 5210.096217056286,
  "population_within_500m": 3019,
  "density_within_500m": 3843.9101855554563,
  "population_gini": 0.426443634757646,
  "population_entropy": 3.1000484017186745,
  "population_center_distance": 185.4267508242538,
  "populated_cells_count": 30,
  "empty_cells_ratio": 0.0,
  "polygon_weighted_population": 88.99562808748226,
  "polygon_coverage_area": 6.479570757688242e-06
}