{
  "total_population": 2593,
  "average_population_per_cell": 54.020833333333336,
  "max_population_cell": 219,
  "min_population_cell": 4,
  "population_std": 42.52933384839989,
  "population_density_km2": 3301.510139498277,
  "closest_population_distance": 49.008133728582294,
  "average_population_distance": 245.0464118365188,
  "farthest_population_distance": 417.69362275912243,
  "population_within_100m": 151,
  "density_within_100m": 4806.479281375239,
  "population_within_250m": 1436,
  "density_within_250m": 7313.487944958775,
  "population_within_500m": 2593,
  "density_within_500m": 3301.510139498277,
  "population_gini": 0.4016181385782234,
  "population_entropy": 3.5977385210606405,
  "population_center_distance": 98.37354542801525,
  "populated_cells_count": 48,
  "empty_cells_ratio": 0.0,
  "polygon_weighted_population": 65.12054239473883,
  "polygon_coverage_area": 8.862509289327064e-06
}