{
  "total_population": 3218,
  "average_population_per_cell": 76.61904761904762,
  "max_population_cell": 264,
  "min_population_cell": 2,
  "population_std": 68.7870352152569,
  "population_density_km2": 4097.284854957754,
  "closest_population_distance": 45.443200729037216,
  "average_population_distance": 319.82923690807286,
  "farthest_population_distance": 457.72049666412346,
  "population_within_100m": 39,
  "density_within_100m": 1241.4085561167835,
  "population_within_250m": 744,
  "density_within_250m": 3789.160885131844,
  "population_within_500m": 3218,
  "density_within_500m": 4097.284854957754,
  "population_gini": 0.4812512948000829,
  "population_entropy": 3.3501346867863937,
  "population_center_distance": 42.917852315412944,
  "populated_cells_count": 42,
  "empty_cells_ratio": 0.0,
  "polygon_weighted_population": 99.02817753682474,
  "polygon_coverage_area": 6.533425164392884e-06
}