{
  "total_population": 7487,
  "average_population_per_cell": 136.12727272727273,
  "max_population_cell": 516,
  "min_population_cell": 1,
  "population_std": 103.9483587146102,
  "population_density_km2": 9532.744471432163,
  "closest_population_distance": 3.007743396677573,
  "average_population_distance": 279.4489523497047,
  "farthest_population_distance": 486.28714726221057,
  "population_within_100m": 346,
  "density_within_100m": 11013.522061959156,
  "population_within_250m": 2724,
  "density_within_250m": 13873.218079434333,
  "population_within_500m": 7487,
  "density_within_500m": 9532.744471432163,
  "population_gini": 0.407931323384776,
  "population_entropy": 3.7216567763143593,
  "population_center_distance": 61.26476118663721,
  "populated_cells_count": 55,
  "empty_cells_ratio": 0.0,
  "polygon_weighted_population": 239.67621999847213,
  "polygon_coverage_area": 3.5619176431137814e-06
}