{
  "total_population": 5339,
  "average_population_per_cell": 113.59574468085107,
  "max_population_cell": 234,
  "min_population_cell": 6,
  "population_std": 65.83300994858062,
  "population_density_km2": 6797.825929341034,
  "closest_population_distance": 78.76045352322211,
  "average_population_distance": 273.14772884162124,
  "farthest_population_distance": 409.7570355793177,
  "population_within_100m": 120,
  "density_within_100m": 3819.718634205488,
  "population_within_250m": 1992,
  "density_within_250m": 10145.172692449776,
  "population_within_500m": 5339,
  "density_within_500m": 6797.825929341034,
  "population_gini": 0.330143902954175,
  "population_entropy": 3.660314400488913,
  "population_center_distance": 134.17605432411193,
  "populated_cells_count": 47,
  "empty_cells_ratio": 0.0,
  "polygon_weighted_population": 152.0,
  "polygon_coverage_area": 3.2400000000040826e-06
}