{
  "total_population": 6668,
  "average_population_per_cell": 123.48148148148148,
  "max_population_cell": 516,
  "min_population_cell": 2,
  "population_std": 93.53512925800109,
  "population_density_km2": 8489.961284294066,
  "closest_population_distance": 17.287335759053907,
  "average_population_distance": 305.91597160361925,
  "farthest_population_distance": 498.0782265969637,
  "population_within_100m": 355,
  "density_within_100m": 11300.000959524568,
  "population_within_250m": 1662,
  "density_within_250m": 8464.496493399361,
  "population_within_500m": 6668,
  "density_within_500m": 8489.961284294066,
  "population_gini": 0.3898386989268812,
  "population_entropy": 3.7164069375281508,
  "population_center_distance": 44.327161621454884,
  "populated_cells_count": 54,
  "empty_cells_ratio": 0.0,
  "polygon_weighted_population": 184.61953564595606,
  "polygon_coverage_area": 5.915953201582173e-06
}