{
  "total_population": 3381,
  "average_population_per_cell": 75.13333333333334,
  "max_population_cell": 266,
  "min_population_cell": 3,
  "population_std": 57.60744901328458,
  "population_density_km2": 4304.822900749586,
  "closest_population_distance": 64.44814161618896,
  "average_population_distance": 268.7801138982772,
  "farthest_population_distance": 409.9803890330536,
  "population_within_100m": 114,
  "density_within_100m": 3628.7327024952133,
  "population_within_250m": 1323,
  "density_within_250m": 6737.983670738481,
  "population_within_500m": 3381,
  "density_within_500m": 4304.822900749586,
  "population_gini": 0.4018403496664366,
  "population_entropy": 3.530807194418699,
  "population_center_distance": 113.68621274364278,
  "populated_cells_count": 45,
  "empty_cells_ratio": 0.0,
  "polygon_weighted_population": 202.9718326829123,
  "polygon_coverage_area": 1.1211137543127127e-05
}