{
  "total_population": 5657,
  "average_population_per_cell": 117.85416666666667,
  "max_population_cell": 247,
  "min_population_cell": 1,
  "population_std": 68.64834521981167,
  "population_density_km2": 7202.716104566815,
  "closest_population_distance": 65.47673982955246,
  "average_population_distance": 257.4362291493646,
  "farthest_population_distance": 469.86094596387323,
  "population_within_100m": 488,
  "density_within_100m": 15533.522445768984,
  "population_within_250m": 2243,
  "density_within_250m": 11423.50519536388,
  "population_within_500m": 5657,
  "density_within_500m": 7202.716104566815,
  "population_gini": 0.33134096399740737,
  "population_entropy": 3.6756848808862674,
  "population_center_distance": 20.489409088535936,
  "populated_cells_count": 48,
  "empty_cells_ratio": 0.0,
  "polygon_weighted_population": 191.84171378982427,
  "polygon_coverage_area": 3.7675558803080754e-06
}