{
  "total_population": 2945,
  "average_population_per_cell": 98.16666666666667,
  "max_population_cell": 397,
  "min_population_cell": 1,
  "population_std": 91.22162604049143,
  "population_density_km2": 3749.690459245054,
  "closest_population_distance": 68.93048228659472,
  "average_population_distance": 285.7138147514698,
  "farthest_population_distance": 472.9100149951332,
  "population_within_100m": 184,
  "density_within_100m": 5856.901905781748,
  "population_within_250m": 1381,
  "density_within_250m": 7033.3752451170385,
  "population_within_500m": 2945,
  "density_within_500m": 3749.690459245054,
  "population_gini": 0.4762082625919638,
  "population_entropy": 3.0181083331845397,
  "population_center_distance": 174.9609447992273,
  "populated_cells_count": 30,
  "empty_cells_ratio": 0.0,
  "polygon_weighted_population": 124.76195409266599,
  "polygon_coverage_area": 4.312059431716372e-06
}