{
  "total_population": 1110,
  "average_population_per_cell": 52.857142857142854,
  "max_population_cell": 207,
  "min_population_cell": 1,
  "population_std": 58.70714242260963,
  "population_density_km2": 1413.2958946560307,
  "closest_population_distance": 70.16549457234917,
  "average_population_distance": 338.09126691947296,
  "farthest_population_distance": 482.07705260359836,
  "population_within_100m": 9,
  "density_within_100m": 286.4788975654116,
  "population_within_250m": 165,
  "density_within_250m": 840.3380995252074,
  "population_within_500m": 1110,
  "density_within_500m": 1413.2958946560307,
  "population_gini": 0.572887172887173,
  "population_entropy": 2.4680942200378135,
  "population_center_distance": 255.00864877168752,
  "populated_cells_count": 21,
  "empty_cells_ratio": 0.0,
  "polygon_weighted_population": 252.61770021224555,
  "polygon_coverage_area": 4.35970718703174e-06
}