{
  "total_population": 3422,
  "average_population_per_cell": 83.46341463414635,
  "max_population_cell": 223,
  "min_population_cell": 4,
  "population_std": 58.60806154488289,
  "population_density_km2": 4357.025722083727,
  "closest_population_distance": 70.1013125489965,
  "average_population_distance": 283.83421512489326,
  "farthest_population_distance": 490.99006554818897,
  "population_within_100m": 218,
  "density_within_100m": 6939.155518806636,
  "population_within_250m": 1160,
  "density_within_250m": 5907.831487571155,
  "population_within_500m": 3422,
  "density_within_500m": 4357.025722083727,
  "population_gini": 0.3893315847243803,
  "population_entropy": 3.4670738637013967,
  "population_center_distance": 167.12799768674668,
  "populated_cells_count": 41,
  "empty_cells_ratio": 0.0,
  "polygon_weighted_population": 55.8009044623622,
  "polygon_coverage_area": 2.3593724254270376e-06
}