{
  "total_population": 5951,
  "average_population_per_cell": 170.02857142857144,
  "max_population_cell": 315,
  "min_population_cell": 3,
  "population_std": 89.80779663333497,
  "population_density_km2": 7577.048530718954,
  "closest_population_distance": 54.13661183542506,
  "average_population_distance": 280.6263885469822,
  "farthest_population_distance": 490.5246506433765,
  "population_within_100m": 498,
  "density_within_100m": 15851.832331952775,
  "population_within_250m": 2117,
  "density_within_250m": 10781.792464817358,
  "population_within_500m": 5951,
  "density_within_500m": 7577.048530718954,
  "population_gini": 0.29547014907458524,
  "population_entropy": 3.3879540118907485,
  "population_center_distance": 151.7490180780114,
  "populated_cells_count": 35,
  "empty_cells_ratio": 0.0,
  "polygon_weighted_population": 585.594459489897,
  "polygon_coverage_area": 7.0896149182282465e-06
}