{
  "total_population": 4839,
  "average_population_per_cell": 107.53333333333333,
  "max_population_cell": 439,
  "min_population_cell": 9,
  "population_std": 78.2471608546801,
  "population_density_km2": 6161.206156973452,
  "closest_population_distance": 64.39795186427833,
  "average_population_distance": 263.8875724296777,
  "farthest_population_distance": 462.3267591112196,
  "population_within_100m": 210,
  "density_within_100m": 6684.507609859604,
  "population_within_250m": 1988,
  "density_within_250m": 10124.800859734014,
  "population_within_500m": 4839,
  "density_within_500m": 6161.206156973452,
  "population_gini": 0.3678813345273358,
  "population_entropy": 3.576301496375101,
  "population_center_distance": 116.99477579466712,
  "populated_cells_count": 45,
  "empty_cells_ratio": 0.0,
  "polygon_weighted_population": 731.0854323643684,
  "polygon_coverage_area": 7.777064506195882e-06
}