{
  "total_population": 3441,
  "average_population_per_cell": 107.53125,
  "max_population_cell": 239,
  "min_population_cell": 2,
  "population_std": 70.69424595602051,
  "population_density_km2": 4381.217273433695,
  "closest_population_distance": 10.83980090188668,
  "average_population_distance": 256.3038512315448,
  "farthest_population_distance": 466.4369985559081,
  "population_within_100m": 203,
  "density_within_100m": 6461.69068953095,
  "population_within_250m": 1931,
  "density_within_250m": 9834.502243534396,
  "population_within_500m": 3441,
  "density_within_500m": 4381.217273433695,
  "population_gini": 0.369033347863993,
  "population_entropy": 3.2119436706399758,
  "population_center_distance": 202.98849285908523,
  "populated_cells_count": 32,
  "empty_cells_ratio": 0.0,
  "polygon_weighted_population": 120.47675428345447,
  "polygon_coverage_area": 3.049567842803784e-06
}