{
  "total_population": 4468,
  "average_population_per_cell": 103.90697674418605,
  "max_population_cell": 224,
  "min_population_cell": 2,
  "population_std": 63.24887123159491,
  "population_density_km2": 5688.834285876707,
  "closest_population_distance": 83.40547912617937,
  "average_population_distance": 296.09703500595924,
  "farthest_population_distance": 483.58474742550914,
  "population_within_100m": 134,
  "density_within_100m": 4265.352474862795,
  "population_within_250m": 1624,
  "density_within_250m": 8270.964082599618,
  "population_within_500m": 4468,
  "density_within_500m": 5688.834285876707,
  "population_gini": 0.3374279111407217,
  "population_entropy": 3.5751227295494346,
  "population_center_distance": 104.42517836741052,
  "populated_cells_count": 43,
  "empty_cells_ratio": 0.0,
  "polygon_weighted_population": 43.682307019138165,
  "polygon_coverage_area": 3.216606244140591e-06
}