{
  "total_population": 1736,
  "average_population_per_cell": 39.45454545454545,
  "max_population_cell": 153,
  "min_population_cell": 2,
  "population_std": 30.86388311901036,
  "population_density_km2": 2210.3438496602425,
  "closest_population_distance": 89.61838720772069,
  "average_population_distance": 295.35149191447863,
  "farthest_population_distance": 490.4201050234292,
  "population_within_100m": 37,
  "density_within_100m": 1177.7465788800255,
  "population_within_250m": 465,
  "density_within_250m": 2368.2255532074028,
  "population_within_500m": 1736,
  "density_within_500m": 2210.3438496602425,
  "population_gini": 0.3839809384164223,
  "population_entropy": 3.5290485868308776,
  "population_center_distance": 21.47228129732773,
  "populated_cells_count": 44,
  "empty_cells_ratio": 0.0,
  "polygon_weighted_population": 58.40549149093529,
  "polygon_coverage_area": 6.685220260722387e-06
}