{
  "total_population": 2000,
  "average_population_per_cell": 44.44444444444444,
  "max_population_cell": 879,
  "min_population_cell": 1,
  "population_std": 131.54027305104484,
  "population_density_km2": 2546.4790894703256,
  "closest_population_distance": 44.518532180089124,
  "average_population_distance": 300.21690185808245,
  "farthest_population_distance": 454.9396275492186,
  "population_within_100m": 12,
  "density_within_100m": 381.9718634205488,
  "population_within_250m": 177,
  "density_within_250m": 901.4535976724952,
  "population_within_500m": 2000,
  "density_within_500m": 2546.4790894703256,
  "population_gini": 0.7551555555555556,
  "population_entropy": 2.432446217870251,
  "population_center_distance": 36.13704629723051,
  "populated_cells_count": 45,
  "empty_cells_ratio": 0.0,
  "polygon_weighted_population": 5.0,
  "polygon_coverage_area": 3.2400000000040826e-06
}