{
  "total_population": 5646,
  "average_population_per_cell": 112.92,
  "max_population_cell": 413,
  "min_population_cell": 2,
  "population_std": 83.68084168617165,
  "population_density_km2": 7188.710469574728,
  "closest_population_distance": 80.42988366951262,
  "average_population_distance": 275.2284994371031,
  "farthest_population_distance": 490.53065913606105,
  "population_within_100m": 146,
  "density_within_100m": 4647.324338283343,
  "population_within_250m": 2133,
  "density_within_250m": 10863.279795680408,
  "population_within_500m": 5646,
  "density_within_500m": 7188.710469574728,
  "population_gini": 0.3873184555437478,
  "population_entropy": 3.651737547606593,
  "population_center_distance": 83.48369705676973,
  "populated_cells_count": 50,
  "empty_cells_ratio": 0.0,
  "polygon_weighted_population": 291.28380761274207,
  "polygon_coverage_area": 7.819286884095465e-06
}