{
  "total_population": 2386,
  "average_population_per_cell": 56.80952380952381,
  "max_population_cell": 143,
  "min_population_cell": 2,
  "population_std": 38.009779290584305,
  "population_density_km2": 3037.949553738098,
  "closest_population_distance": 87.10525800262285,
  "average_population_distance": 288.75301784002613,
  "farthest_population_distance": 493.05279848972367,
  "population_within_100m": 63,
  "density_within_100m": 2005.3522829578812,
  "population_within_250m": 736,
  "density_within_250m": 3748.417219700319,
  "population_within_500m": 2386,
  "density_within_500m": 3037.949553738098,
  "population_gini": 0.37241048976170515,
  "population_entropy": 3.5077213685949062,
  "population_center_distance": 119.0126318198045,
  "populated_cells_count": 42,
  "empty_cells_ratio": 0.0,
  "polygon_weighted_population": 0.10293205406007225,
  "polygon_coverage_area": 1.6674992757752716e-07
}