{
  "total_population": 2643,
  "average_population_per_cell": 91.13793103448276,
  "max_population_cell": 246,
  "min_population_cell": 2,
  "population_std": 60.838030949827896,
  "population_density_km2": 3365.172116735035,
  "closest_population_distance": 43.35393984196565,
  "average_population_distance": 295.35815508204035,
  "farthest_population_distance": 460.1434822309079,
  "population_within_100m": 110,
  "density_within_100m": 3501.408748021697,
  "population_within_250m": 854,
  "density_within_250m": 4349.386284815316,
  "population_within_500m": 2643,
  "density_within_500m": 3365.172116735035,
  "population_gini": 0.3447493052565658,
  "population_entropy": 3.1628373977620097,
  "population_center_distance": 126.16517132318825,
  "populated_cells_count": 29,
  "empty_cells_ratio": 0.0,
  "polygon_weighted_population": 104.92537486178,
  "polygon_coverage_area": 4.735428155281799e-06
}