{
  "total_population": 28,
  "average_population_per_cell": 4.666666666666667,
  "max_population_cell": 10,
  "min_population_cell": 2,
  "population_std": 3.2041639575194445,
  "population_density_km2": 35.65070725258456,
  "closest_population_distance": 173.5290597044738,
  "average_population_distance": 301.2518897658973,
  "farthest_population_distance": 446.86089850232355,
  "population_within_100m": 0,
  "density_within_100m": 0.0,
  "population_within_250m": 12,
  "density_within_250m": 61.11549814728781,
  "population_within_500m": 28,
  "density_within_500m": 35.65070725258456,
  "population_gini": 0.3333333333333333,
  "population_entropy": 1.6086036165019424,
  "population_center_distance": 351.7153893317613,
  "populated_cells_count": 6,
  "empty_cells_ratio": 0.0
}