{
  "total_population": 2425,
  "average_population_per_cell": 57.73809523809524,
  "max_population_cell": 490,
  "min_population_cell": 2,
  "population_std": 83.73333384192578,
  "population_density_km2": 3087.6058959827697,
  "closest_population_distance": 33.07183504568923,
  "average_population_distance": 237.90404962690633,
  "farthest_population_distance": 432.8506587708543,
  "population_within_100m": 103,
  "density_within_100m": 3278.591827693044,
  "population_within_250m": 1397,
  "density_within_250m": 7114.86257598009,
  "population_within_500m": 2425,
  "density_within_500m": 3087.6058959827697,
  "population_gini": 0.5307314678448699,
  "population_entropy": 3.170613790034669,
  "population_center_distance": 106.63220234177692,
  "populated_cells_count": 42,
  "empty_cells_ratio": 0.0,
  "polygon_weighted_population": 19.212119064457518,
  "polygon_coverage_area": 2.964155512805752e-06
}