{
  "total_population": 1964,
  "average_population_per_cell": 81.83333333333333,
  "max_population_cell": 428,
  "min_population_cell": 1,
  "population_std": 89.17431228226262,
  "population_density_km2": 2500.64246585986,
  "closest_population_distance": 43.62350452409356,
  "average_population_distance": 277.2673847518732,
  "farthest_population_distance": 417.4711067037034,
  "population_within_100m": 17,
  "density_within_100m": 541.1268065124441,
  "population_within_250m": 812,
  "density_within_250m": 4135.482041299809,
  "population_within_500m": 1964,
  "density_within_500m": 2500.64246585986,
  "population_gini": 0.49724202308214527,
  "population_entropy": 2.721456759168599,
  "population_center_distance": 174.95080499231736,
  "populated_cells_count": 24,
  "empty_cells_ratio": 0.0,
  "polygon_weighted_population": 79.40205099044307,
  "polygon_coverage_area": 1.9198704866370127e-06
}