{
  "total_population": 1490,
  "average_population_per_cell": 34.651162790697676,
  "max_population_cell": 256,
  "min_population_cell": 1,
  "population_std": 52.09372675921108,
  "population_density_km2": 1897.1269216553924,
  "closest_population_distance": 55.949039054126956,
  "average_population_distance": 290.6620763797445,
  "farthest_population_distance": 467.163419292741,
  "population_within_100m": 25,
  "density_within_100m": 795.7747154594766,
  "population_within_250m": 536,
  "density_within_250m": 2729.825583912189,
  "population_within_500m": 1490,
  "density_within_500m": 1897.1269216553924,
  "population_gini": 0.6284376463243327,
  "population_entropy": 3.0311014133133085,
  "population_center_distance": 158.37779782852033,
  "populated_cells_count": 43,
  "empty_cells_ratio": 0.0,
  "polygon_weighted_population": 50.01611994944925,
  "polygon_coverage_area": 5.844686550943982e-06
}