{
  "total_population": 2420,
  "average_population_per_cell": 50.416666666666664,
  "max_population_cell": 461,
  "min_population_cell": 1,
  "population_std": 70.18754006333207,
  "population_density_km2": 3081.239698259094,
  "closest_population_distance": 54.12626035274821,
  "average_population_distance": 295.258477964723,
  "farthest_population_distance": 469.8696385848521,
  "population_within_100m": 180,
  "density_within_100m": 5729.577951308232,
  "population_within_250m": 936,
  "density_within_250m": 4767.00885548845,
  "population_within_500m": 2420,
  "density_within_500m": 3081.239698259094,
  "population_gini": 0.5443870523415978,
  "population_entropy": 3.2963873555601424,
  "population_center_distance": 107.75241192791171,
  "populated_cells_count": 48,
  "empty_cells_ratio": 0.0,
  "polygon_weighted_population": 114.0,
  "polygon_coverage_area": 6.480000000008165e-06
}