{
  "total_population": 5977,
  "average_population_per_cell": 112.77358490566037,
  "max_population_cell": 247,
  "min_population_cell": 1,
  "population_std": 67.65399570593173,
  "population_density_km2": 7610.152758882067,
  "closest_population_distance": 35.184174868504634,
  "average_population_distance": 288.3143936937261,
  "farthest_population_distance": 464.63625211349284,
  "population_within_100m": 285,
  "density_within_100m": 9071.831756238034,
  "population_within_250m": 1929,
  "density_within_250m": 9824.316327176515,
  "population_within_500m": 5977,
  "density_within_500m": 7610.152758882067,
  "population_gini": 0.34014666283647066,
  "population_entropy": 3.773253809694945,
  "population_center_distance": 113.01926836073454,
  "populated_cells_count": 53,
  "empty_cells_ratio": 0.0,
  "polygon_weighted_population": 235.4703042449476,
  "polygon_coverage_area": 5.363209155007828e-06
}