{
  "total_population": 825,
  "average_population_per_cell": 43.421052631578945,
  "max_population_cell": 134,
  "min_population_cell": 4,
  "population_std": 42.27990826947067,
  "population_density_km2": 1050.4226244065092,
  "closest_population_distance": 83.01770060799868,
  "average_population_distance": 377.58323539605425,
  "farthest_population_distance": 492.9583734578997,
  "population_within_100m": 4,
  "density_within_100m": 127.32395447351627,
  "population_within_250m": 45,
  "density_within_250m": 229.1831180523293,
  "population_within_500m": 825,
  "density_within_500m": 1050.4226244065092,
  "population_gini": 0.507177033492823,
  "population_entropy": 2.5089441684210985,
  "population_center_distance": 327.9669600769066,
  "populated_cells_count": 19,
  "empty_cells_ratio": 0.0,
  "polygon_weighted_population": 28.0,
  "polygon_coverage_area": 3.2400000000040826e-06
}