{
  "total_population": 5925,
  "average_population_per_cell": 120.91836734693878,
  "max_population_cell": 286,
  "min_population_cell": 1,
  "population_std": 55.09379756934754,
  "population_density_km2": 7543.944302555839,
  "closest_population_distance": 28.566011174994866,
  "average_population_distance": 263.8668370420116,
  "farthest_population_distance": 481.2929108716057,
  "population_within_100m": 667,
  "density_within_100m": 21231.269408458837,
  "population_within_250m": 2559,
  "density_within_250m": 13032.879979909127,
  "population_within_500m": 5925,
  "density_within_500m": 7543.944302555839,
  "population_gini": 0.2498028071988289,
  "population_entropy": 3.779599080445335,
  "population_center_distance": 95.18464750842405,
  "populated_cells_count": 49,
  "empty_cells_ratio": 0.0,
  "polygon_weighted_population": 280.23796950399554,
  "polygon_coverage_area": 6.677056791078988e-06
}