{
  "total_population": 5099,
  "average_population_per_cell": 110.84782608695652,
  "max_population_cell": 324,
  "min_population_cell": 1,
  "population_std": 82.22650759168017,
  "population_density_km2": 6492.248438604594,
  "closest_population_distance": 60.03565217830558,
  "average_population_distance": 284.3856528148586,
  "farthest_population_distance": 463.4875387935564,
  "population_within_100m": 565,
  "density_within_100m": 17984.508569384172,
  "population_within_250m": 1719,
  "density_within_250m": 8754.79510959898,
  "population_within_500m": 5099,
  "density_within_500m": 6492.248438604594,
  "population_gini": 0.40819171704596807,
  "population_entropy": 3.554898239367815,
  "population_center_distance": 66.56894183779048,
  "populated_cells_count": 46,
  "empty_cells_ratio": 0.0,
  "polygon_weighted_population": 180.29215409214328,
  "polygon_coverage_area": 3.5175878325505383e-06
}