{
  "total_population": 4432,
  "average_population_per_cell": 88.64,
  "max_population_cell": 304,
  "min_population_cell": 3,
  "population_std": 51.10284148815275,
  "population_density_km2": 5642.997662266242,
  "closest_population_distance": 21.221666993349242,
  "average_population_distance": 288.3665547792295,
  "farthest_population_distance": 489.8570165986417,
  "population_within_100m": 390,
  "density_within_100m": 12414.085561167836,
  "population_within_250m": 1572,
  "density_within_250m": 8006.130257294703,
  "population_within_500m": 4432,
  "density_within_500m": 5642.997662266242,
  "population_gini": 0.29802346570397104,
  "population_entropy": 3.7552131720503037,
  "population_center_distance": 24.8151059821845,
  "populated_cells_count": 50,
  "empty_cells_ratio": 0.0,
  "polygon_weighted_population": 225.08412959043903,
  "polygon_coverage_area": 7.163939698852871e-06
}