{
  "total_population": 3984,
  "average_population_per_cell": 75.16981132075472,
  "max_population_cell": 244,
  "min_population_cell": 3,
  "population_std": 49.10613930326235,
  "population_density_km2": 5072.586346224888,
  "closest_population_distance": 58.336102013421474,
  "average_population_distance": 294.437451297408,
  "farthest_population_distance": 478.9125334850598,
  "population_within_100m": 217,
  "density_within_100m": 6907.324530188257,
  "population_within_250m": 1275,
  "density_within_250m": 6493.52167814933,
  "population_within_500m": 3984,
  "density_within_500m": 5072.586346224888,
  "population_gini": 0.35551640524361594,
  "population_entropy": 3.7502938464986513,
  "population_center_distance": 89.60487977281817,
  "populated_cells_count": 53,
  "empty_cells_ratio": 0.0,
  "polygon_weighted_population": 77.17200428404767,
  "polygon_coverage_area": 7.5682623169491285e-06
}