{
  "total_population": 654,
  "average_population_per_cell": 38.470588235294116,
  "max_population_cell": 168,
  "min_population_cell": 3,
  "population_std": 38.53264467801753,
  "population_density_km2": 832.6986622567964,
  "closest_population_distance": 175.22761925284883,
  "average_population_distance": 303.8632449646301,
  "farthest_population_distance": 423.113843799509,
  "population_within_100m": 0,
  "density_within_100m": 0.0,
  "population_within_250m": 230,
  "density_within_250m": 1171.3803811563498,
  "population_within_500m": 654,
  "density_within_500m": 832.6986622567964,
  "population_gini": 0.4516999460334593,
  "population_entropy": 2.4651057080742245,
  "population_center_distance": 73.64550533393788,
  "populated_cells_count": 17,
  "empty_cells_ratio": 0.0,
  "polygon_weighted_population": 0.3621149982876768,
  "polygon_coverage_area": 4.693010377811889e-08
}