{
  "total_population": 2605,
  "average_population_per_cell": 70.4054054054054,
  "max_population_cell": 201,
  "min_population_cell": 1,
  "population_std": 45.603033195574135,
  "population_density_km2": 3316.7890140350987,
  "closest_population_distance": 56.87947531039724,
  "average_population_distance": 270.02005837361753,
  "farthest_population_distance": 461.91668777658435,
  "population_within_100m": 99,
  "density_within_100m": 3151.2678732195277,
  "population_within_250m": 896,
  "density_within_250m": 4563.290528330824,
  "population_within_500m": 2605,
  "density_within_500m": 3316.7890140350987,
  "population_gini": 0.35538724905327596,
  "population_entropy": 3.400858015873565,
  "population_center_distance": 111.62960319033785,
  "populated_cells_count": 37,
  "empty_cells_ratio": 0.0,
  "polygon_weighted_population": 4.426667989802908,
  "polygon_coverage_area": 1.3985354178394925e-06
}