{
  "total_population": 6139,
  "average_population_per_cell": 118.0576923076923,
  "max_population_cell": 268,
  "min_population_cell": 5,
  "population_std": 66.59989208656937,
  "population_density_km2": 7816.417565129164,
  "closest_population_distance": 33.551217800363645,
  "average_population_distance": 270.67015194429894,
  "farthest_population_distance": 493.7998776358047,
  "population_within_100m": 593,
  "density_within_100m": 18875.776250698786,
  "population_within_250m": 2818,
  "density_within_250m": 14351.956148254754,
  "population_within_500m": 6139,
  "density_within_500m": 7816.417565129164,
  "population_gini": 0.3140357362136153,
  "population_entropy": 3.781620643427291,
  "population_center_distance": 44.10133177320399,
  "populated_cells_count": 52,
  "empty_cells_ratio": 0.0,
  "polygon_weighted_population": 198.52557438013486,
  "polygon_coverage_area": 6.3105098771106125e-06
}