{
  "total_population": 3820,
  "average_population_per_cell": 97.94871794871794,
  "max_population_cell": 487,
  "min_population_cell": 14,
  "population_std": 82.88004925253462,
  "population_density_km2": 4863.775060888322,
  "closest_population_distance": 34.228698724362346,
  "average_population_distance": 268.53346604907074,
  "farthest_population_distance": 488.85704274731614,
  "population_within_100m": 199,
  "density_within_100m": 6334.366735057434,
  "population_within_250m": 1673,
  "density_within_250m": 8520.51903336771,
  "population_within_500m": 3820,
  "density_within_500m": 4863.775060888322,
  "population_gini": 0.37881594844945626,
  "population_entropy": 3.406658952207397,
  "population_center_distance": 73.8822558383431,
  "populated_cells_count": 39,
  "empty_cells_ratio": 0.0,
  "polygon_weighted_population": 107.0,
  "polygon_coverage_area": 3.240000000002484e-06
}