{
  "total_population": 6212,
  "average_population_per_cell": 117.20754716981132,
  "max_population_cell": 386,
  "min_population_cell": 1,
  "population_std": 85.38946036803867,
  "population_density_km2": 7909.3640518948305,
  "closest_population_distance": 18.16689903036125,
  "average_population_distance": 297.6672743832732,
  "farthest_population_distance": 491.73122547741684,
  "population_within_100m": 281,
  "density_within_100m": 8944.507801764517,
  "population_within_250m": 2205,
  "density_within_250m": 11229.972784564136,
  "population_within_500m": 6212,
  "density_within_500m": 7909.3640518948305,
  "population_gini": 0.39380869649734535,
  "population_entropy": 3.701846761934552,
  "population_center_distance": 87.67993325358145,
  "populated_cells_count": 53,
  "empty_cells_ratio": 0.0,
  "polygon_weighted_population": 95.32113145021393,
  "polygon_coverage_area": 2.164675537976356e-06
}