{
  "total_population": 5975,
  "average_population_per_cell": 121.93877551020408,
  "max_population_cell": 247,
  "min_population_cell": 1,
  "population_std": 70.14075377507754,
  "population_density_km2": 7607.606279792597,
  "closest_population_distance": 35.82685667296899,
  "average_population_distance": 256.243812924018,
  "farthest_population_distance": 494.15888287783673,
  "population_within_100m": 621,
  "density_within_100m": 19767.0439320134,
  "population_within_250m": 2582,
  "density_within_250m": 13150.01801802476,
  "population_within_500m": 5975,
  "density_within_500m": 7607.606279792597,
  "population_gini": 0.32710443173085135,
  "population_entropy": 3.7062877212003484,
  "population_center_distance": 64.35954854688107,
  "populated_cells_count": 49,
  "empty_cells_ratio": 0.0,
  "polygon_weighted_population": 179.5787879705929,
  "polygon_coverage_area": 3.5295340940103597e-06
}