{
  "total_population": 4037,
  "average_population_per_cell": 103.51282051282051,
  "max_population_cell": 268,
  "min_population_cell": 2,
  "population_std": 71.29732843406798,
  "population_density_km2": 5140.0680420958515,
  "closest_population_distance": 66.99059029132813,
  "average_population_distance": 295.66470585461406,
  "farthest_population_distance": 470.7509543721204,
  "population_within_100m": 383,
  "density_within_100m": 12191.268640839182,
  "population_within_250m": 1232,
  "density_within_250m": 6274.524476454882,
  "population_within_500m": 4037,
  "density_within_500m": 5140.0680420958515,
  "population_gini": 0.37971837426878297,
  "population_entropy": 3.416880887968504,
  "population_center_distance": 219.48126896494603,
  "populated_cells_count": 39,
  "empty_cells_ratio": 0.0,
  "polygon_weighted_population": 189.27919768120233,
  "polygon_coverage_area": 7.043271089910828e-06
}