{
  "total_population": 385,
  "average_population_per_cell": 48.125,
  "max_population_cell": 145,
  "min_population_cell": 1,
  "population_std": 61.301217652786356,
  "population_density_km2": 490.19722472303766,
  "closest_population_distance": 84.12739025403326,
  "average_population_distance": 386.04811522109287,
  "farthest_population_distance": 448.9963610089794,
  "population_within_100m": 4,
  "density_within_100m": 127.32395447351627,
  "population_within_250m": 50,
  "density_within_250m": 254.64790894703253,
  "population_within_500m": 385,
  "density_within_500m": 490.19722472303766,
  "population_gini": 0.599025974025974,
  "population_entropy": 1.3935868880342714,
  "population_center_distance": 318.97347150716007,
  "populated_cells_count": 8,
  "empty_cells_ratio": 0.0,
  "polygon_weighted_population": 4.0,
  "polygon_coverage_area": 3.2400000000040826e-06
}