{
  "total_population": 1567,
  "average_population_per_cell": 50.54838709677419,
  "max_population_cell": 237,
  "min_population_cell": 3,
  "population_std": 52.47084187729246,
  "population_density_km2": 1995.1663666,
  "closest_population_distance": 8.996085905619918,
  "average_population_distance": 250.14261474559453,
  "farthest_population_distance": 490.5691379161646,
  "population_within_100m": 70,
  "density_within_100m": 2228.1692032865344,
  "population_within_250m": 795,
  "density_within_250m": 4048.9017522578174,
  "population_within_500m": 1567,
  "density_within_500m": 1995.1663666,
  "population_gini": 0.5025011836877534,
  "population_entropy": 3.0056729011125882,
  "population_center_distance": 162.02320579862322,
  "populated_cells_count": 31,
  "empty_cells_ratio": 0.0,
  "polygon_weighted_population": 12.945414320112793,
  "polygon_coverage_area": 3.226395569016792e-06
}