{
  "total_population": 3456,
  "average_population_per_cell": 72.0,
  "max_population_cell": 196,
  "min_population_cell": 1,
  "population_std": 52.32752825010902,
  "population_density_km2": 4400.315866604722,
  "closest_population_distance": 33.791332539810725,
  "average_population_distance": 271.5352595983121,
  "farthest_population_distance": 493.4871764101988,
  "population_within_100m": 661,
  "density_within_100m": 21040.283476748562,
  "population_within_250m": 1759,
  "density_within_250m": 8958.513436756604,
  "population_within_500m": 3456,
  "density_within_500m": 4400.315866604722,
  "population_gini": 0.40252459490740744,
  "population_entropy": 3.5951465543507775,
  "population_center_distance": 24.521333903164262,
  "populated_cells_count": 48,
  "empty_cells_ratio": 0.0,
  "polygon_weighted_population": 269.2183748319098,
  "polygon_coverage_area": 6.486317271931278e-06
}