{
  "total_population": 3075,
  "average_population_per_cell": 61.5,
  "max_population_cell": 301,
  "min_population_cell": 2,
  "population_std": 51.00430153928396,
  "population_density_km2": 3915.211600060625,
  "closest_population_distance": 91.92249042566847,
  "average_population_distance": 294.686812780793,
  "farthest_population_distance": 490.8842713316819,
  "population_within_100m": 96,
  "density_within_100m": 3055.7749073643904,
  "population_within_250m": 954,
  "density_within_250m": 4858.682102709381,
  "population_within_500m": 3075,
  "density_within_500m": 3915.211600060625,
  "population_gini": 0.40072195121951215,
  "population_entropy": 3.6261295895427055,
  "population_center_distance": 136.20584557693928,
  "populated_cells_count": 50,
  "empty_cells_ratio": 0.0,
  "polygon_weighted_population": 25.0,
  "polygon_coverage_area": 3.2400000000040826e-06
}