{
  "total_population": 1863,
  "average_population_per_cell": 49.026315789473685,
  "max_population_cell": 99,
  "min_population_cell": 3,
  "population_std": 29.183933790103577,
  "population_density_km2": 2372.045271841608,
  "closest_population_distance": 71.72280989935652,
  "average_population_distance": 240.1235726228567,
  "farthest_population_distance": 479.6183891385033,
  "population_within_100m": 245,
  "density_within_100m": 7798.592211502871,
  "population_within_250m": 895,
  "density_within_250m": 4558.197570151882,
  "population_within_500m": 1863,
  "density_within_500m": 2372.045271841608,
  "population_gini": 0.3357487922705314,
  "population_entropy": 3.434083741774201,
  "population_center_distance": 166.3639052608886,
  "populated_cells_count": 38,
  "empty_cells_ratio": 0.0,
  "polygon_weighted_population": 106.32296446332828,
  "polygon_coverage_area": 4.724700043409379e-06
}