{
  "total_population": 5120,
  "average_population_per_cell": 116.36363636363636,
  "max_population_cell": 268,
  "min_population_cell": 5,
  "population_std": 67.24584915316194,
  "population_density_km2": 6518.986469044034,
  "closest_population_distance": 34.96242069315455,
  "average_population_distance": 262.4250235658856,
  "farthest_population_distance": 437.13042925565435,
  "population_within_100m": 342,
  "density_within_100m": 10886.198107485641,
  "population_within_250m": 2098,
  "density_within_250m": 10685.026259417486,
  "population_within_500m": 5120,
  "density_within_500m": 6518.986469044034,
  "population_gini": 0.3191317471590909,
  "population_entropy": 3.6027508919778604,
  "population_center_distance": 68.48527908638751,
  "populated_cells_count": 44,
  "empty_cells_ratio": 0.0,
  "polygon_weighted_population": 217.9036845960157,
  "polygon_coverage_area": 7.913747107583234e-06
}