{
  "total_population": 2711,
  "average_population_per_cell": 55.326530612244895,
  "max_population_cell": 171,
  "min_population_cell": 4,
  "population_std": 37.10985255242312,
  "population_density_km2": 3451.752405777026,
  "closest_population_distance": 31.612104418742142,
  "average_population_distance": 262.16052876119693,
  "farthest_population_distance": 467.31315992137354,
  "population_within_100m": 161,
  "density_within_100m": 5124.78916755903,
  "population_within_250m": 1156,
  "density_within_250m": 5887.459654855393,
  "population_within_500m": 2711,
  "density_within_500m": 3451.752405777026,
  "population_gini": 0.36784378081738045,
  "population_entropy": 3.665455054937026,
  "population_center_distance": 77.73934680812904,
  "populated_cells_count": 49,
  "empty_cells_ratio": 0.0,
  "polygon_weighted_population": 123.29565404364851,
  "polygon_coverage_area": 5.057879910597376e-06
}