{
  "total_population": 2866,
  "average_population_per_cell": 62.30434782608695,
  "max_population_cell": 238,
  "min_population_cell": 5,
  "population_std": 53.292846951836644,
  "population_density_km2": 3649.1045352109763,
  "closest_population_distance": 50.03164000368813,
  "average_population_distance": 255.73781090904208,
  "farthest_population_distance": 436.0251645338183,
  "population_within_100m": 124,
  "density_within_100m": 3947.042588679004,
  "population_within_250m": 1470,
  "density_within_250m": 7486.648523042757,
  "population_within_500m": 2866,
  "density_within_500m": 3649.1045352109763,
  "population_gini": 0.4491489426256865,
  "population_entropy": 3.5011433927514974,
  "population_center_distance": 28.87279078410684,
  "populated_cells_count": 46,
  "empty_cells_ratio": 0.0,
  "polygon_weighted_population": 156.0,
  "polygon_coverage_area": 3.2400000000040826e-06
}