{
  "total_population": 4527,
  "average_population_per_cell": 88.76470588235294,
  "max_population_cell": 204,
  "min_population_cell": 3,
  "population_std": 49.17706304174503,
  "population_density_km2": 5763.955419016082,
  "closest_population_distance": 37.40173035479566,
  "average_population_distance": 260.51623845028274,
  "farthest_population_distance": 435.4232550302184,
  "population_within_100m": 212,
  "density_within_100m": 6748.169587096362,
  "population_within_250m": 1854,
  "density_within_250m": 9442.344463755966,
  "population_within_500m": 4527,
  "density_within_500m": 5763.955419016082,
  "population_gini": 0.31178506304222603,
  "population_entropy": 3.770101537209993,
  "population_center_distance": 100.88525266385626,
  "populated_cells_count": 51,
  "empty_cells_ratio": 0.0,
  "polygon_weighted_population": 207.38400889627766,
  "polygon_coverage_area": 6.447809497168441e-06
}