{
  "total_population": 3497,
  "average_population_per_cell": 81.32558139534883,
  "max_population_cell": 223,
  "min_population_cell": 1,
  "population_std": 56.12559085710095,
  "population_density_km2": 4452.518687938864,
  "closest_population_distance": 23.29223557678869,
  "average_population_distance": 267.4829182708525,
  "farthest_population_distance": 455.4108232920838,
  "population_within_100m": 470,
  "density_within_100m": 14960.56465063816,
  "population_within_250m": 1392,
  "density_within_250m": 7089.397785085386,
  "population_within_500m": 3497,
  "density_within_500m": 4452.518687938864,
  "population_gini": 0.3844757300277314,
  "population_entropy": 3.5080729760303004,
  "population_center_distance": 96.39645977982265,
  "populated_cells_count": 43,
  "empty_cells_ratio": 0.0,
  "polygon_weighted_population": 114.58521907537511,
  "polygon_coverage_area": 4.4069596561988085e-06
}