{
  "total_population": 5181,
  "average_population_per_cell": 107.9375,
  "max_population_cell": 223,
  "min_population_cell": 1,
  "population_std": 53.905120054454066,
  "population_density_km2": 6596.654081272878,
  "closest_population_distance": 62.56850114558556,
  "average_population_distance": 254.36407471628337,
  "farthest_population_distance": 483.8501731926195,
  "population_within_100m": 569,
  "density_within_100m": 18111.832523857687,
  "population_within_250m": 2473,
  "density_within_250m": 12594.88557652023,
  "population_within_500m": 5181,
  "density_within_500m": 6596.654081272878,
  "population_gini": 0.28025879817281085,
  "population_entropy": 3.7202487181275266,
  "population_center_distance": 170.10237555176343,
  "populated_cells_count": 48,
  "empty_cells_ratio": 0.0
}