{
  "total_population": 4791,
  "average_population_per_cell": 97.77551020408163,
  "max_population_cell": 305,
  "min_population_cell": 1,
  "population_std": 64.0651573615105,
  "population_density_km2": 6100.090658826165,
  "closest_population_distance": 46.78874350422803,
  "average_population_distance": 279.18623005922416,
  "farthest_population_distance": 497.2185570285214,
  "population_within_100m": 303,
  "density_within_100m": 9644.789551368856,
  "population_within_250m": 2210,
  "density_within_250m": 11255.437575458838,
  "population_within_500m": 4791,
  "density_within_500m": 6100.090658826165,
  "population_gini": 0.36042068674683403,
  "population_entropy": 3.671081853378266,
  "population_center_distance": 119.45072331132401,
  "populated_cells_count": 49,
  "empty_cells_ratio": 0.0,
  "polygon_weighted_population": 67.39620830078698,
  "polygon_coverage_area": 3.7755140212877892e-06
}