{
  "total_population": 5176,
  "average_population_per_cell": 115.02222222222223,
  "max_population_cell": 597,
  "min_population_cell": 1,
  "population_std": 100.66065605174487,
  "population_density_km2": 6590.287883549202,
  "closest_population_distance": 71.6068095552506,
  "average_population_distance": 299.77393779117506,
  "farthest_population_distance": 407.73236108587656,
  "population_within_100m": 32,
  "density_within_100m": 1018.5916357881301,
  "population_within_250m": 1535,
  "density_within_250m": 7817.690804673899,
  "population_within_500m": 5176,
  "density_within_500m": 6590.287883549202,
  "population_gini": 0.4204705478275803,
  "population_entropy": 3.4816366690955114,
  "population_center_distance": 54.75518396419295,
  "populated_cells_count": 45,
  "empty_cells_ratio": 0.0,
  "polygon_weighted_population": 55.46905017695176,
  "polygon_coverage_area": 2.9462249602221337e-06
}