{
  "total_population": 2796,
  "average_population_per_cell": 75.56756756756756,
  "max_population_cell": 232,
  "min_population_cell": 2,
  "population_std": 68.09982074562008,
  "population_density_km2": 3559.977767079515,
  "closest_population_distance": 86.46915456689622,
  "average_population_distance": 337.17955796473257,
  "farthest_population_distance": 419.5720662463491,
  "population_within_100m": 8,
  "density_within_100m": 254.64790894703253,
  "population_within_250m": 305,
  "density_within_250m": 1553.3522445768986,
  "population_within_500m": 2796,
  "density_within_500m": 3559.977767079515,
  "population_gini": 0.49472219000116,
  "population_entropy": 3.1772189707215657,
  "population_center_distance": 162.36218116656576,
  "populated_cells_count": 37,
  "empty_cells_ratio": 0.0,
  "polygon_weighted_population": 41.3471234444188,
  "polygon_coverage_area": 5.951169989986723e-06
}