{
  "total_population": 5519,
  "average_population_per_cell": 112.63265306122449,
  "max_population_cell": 292,
  "min_population_cell": 16,
  "population_std": 64.66184277891116,
  "population_density_km2": 7027.009047393363,
  "closest_population_distance": 51.02461445556603,
  "average_population_distance": 280.241474918007,
  "farthest_population_distance": 477.8693165632435,
  "population_within_100m": 235,
  "density_within_100m": 7480.28232531908,
  "population_within_250m": 2049,
  "density_within_250m": 10435.471308649394,
  "population_within_500m": 5519,
  "density_within_500m": 7027.009047393363,
  "population_gini": 0.31660571458153836,
  "population_entropy": 3.729948715385443,
  "population_center_distance": 84.11840735513928,
  "populated_cells_count": 49,
  "empty_cells_ratio": 0.0,
  "polygon_weighted_population": 437.61557081358904,
  "polygon_coverage_area": 8.564996853930956e-06
}