{
  "total_population": 669,
  "average_population_per_cell": 26.76,
  "max_population_cell": 90,
  "min_population_cell": 1,
  "population_std": 29.489094029262183,
  "population_density_km2": 851.7972554278239,
  "closest_population_distance": 36.20147930424559,
  "average_population_distance": 215.6547740075057,
  "farthest_population_distance": 421.41373033605237,
  "population_within_100m": 63,
  "density_within_100m": 2005.3522829578812,
  "population_within_250m": 387,
  "density_within_250m": 1970.974815250032,
  "population_within_500m": 669,
  "density_within_500m": 851.7972554278239,
  "population_gini": 0.5769805680119581,
  "population_entropy": 2.6303530339058296,
  "population_center_distance": 66.62585640265591,
  "populated_cells_count": 25,
  "empty_cells_ratio": 0.0,
  "polygon_weighted_population": 8.0,
  "polygon_coverage_area": 6.4800000000097635e-06
}