{
  "total_population": 2552,
  "average_population_per_cell": 72.91428571428571,
  "max_population_cell": 204,
  "min_population_cell": 3,
  "population_std": 51.47550612759856,
  "population_density_km2": 3249.3073181641353,
  "closest_population_distance": 36.88523865330041,
  "average_population_distance": 234.19424250322538,
  "farthest_population_distance": 452.6322320787888,
  "population_within_100m": 240,
  "density_within_100m": 7639.437268410976,
  "population_within_250m": 1310,
  "density_within_250m": 6671.775214412252,
  "population_within_500m": 2552,
  "density_within_500m": 3249.3073181641353,
  "population_gini": 0.3879310344827586,
  "population_entropy": 3.3096501635645534,
  "population_center_distance": 51.8832718848209,
  "populated_cells_count": 35,
  "empty_cells_ratio": 0.0,
  "polygon_weighted_population": 1.250237082695876,
  "polygon_coverage_area": 3.553305392931352e-08
}