{
  "total_population": 4567,
  "average_population_per_cell": 123.43243243243244,
  "max_population_cell": 291,
  "min_population_cell": 3,
  "population_std": 80.1760356758595,
  "population_density_km2": 5814.885000805488,
  "closest_population_distance": 63.043423752516595,
  "average_population_distance": 300.20948384572597,
  "farthest_population_distance": 482.05552729573435,
  "population_within_100m": 156,
  "density_within_100m": 4965.634224467134,
  "population_within_250m": 1723,
  "density_within_250m": 8775.166942314741,
  "population_within_500m": 4567,
  "density_within_500m": 5814.885000805488,
  "population_gini": 0.36608099231265423,
  "population_entropy": 3.3829621996127206,
  "population_center_distance": 62.32816593337662,
  "populated_cells_count": 37,
  "empty_cells_ratio": 0.0,
  "polygon_weighted_population": 239.0,
  "polygon_coverage_area": 3.2400000000040826e-06
}