{
  "total_population": 5191,
  "average_population_per_cell": 129.775,
  "max_population_cell": 268,
  "min_population_cell": 48,
  "population_std": 61.023109325851884,
  "population_density_km2": 6609.386476720229,
  "closest_population_distance": 7.536687807199196,
  "average_population_distance": 306.36226928188967,
  "farthest_population_distance": 470.45968345508334,
  "population_within_100m": 141,
  "density_within_100m": 4488.1693951914485,
  "population_within_250m": 1250,
  "density_within_250m": 6366.197723675814,
  "population_within_500m": 5191,
  "density_within_500m": 6609.386476720229,
  "population_gini": 0.26490560585628975,
  "population_entropy": 3.578268795137923,
  "population_center_distance": 27.950305842263376,
  "populated_cells_count": 40,
  "empty_cells_ratio": 0.0,
  "polygon_weighted_population": 40.17145380839498,
  "polygon_coverage_area": 1.2600147424458382e-06
}