{
  "total_population": 3716,
  "average_population_per_cell": 92.9,
  "max_population_cell": 235,
  "min_population_cell": 1,
  "population_std": 68.01425190016032,
  "population_density_km2": 4731.358148235865,
  "closest_population_distance": 83.188049750965,
  "average_population_distance": 230.3533992446972,
  "farthest_population_distance": 447.6990104361586,
  "population_within_100m": 351,
  "density_within_100m": 11172.677005051051,
  "population_within_250m": 2183,
  "density_within_250m": 11117.92770462744,
  "population_within_500m": 3716,
  "density_within_500m": 4731.358148235865,
  "population_gini": 0.4118675995694295,
  "population_entropy": 3.398265208671134,
  "population_center_distance": 140.62139732154327,
  "populated_cells_count": 40,
  "empty_cells_ratio": 0.0,
  "polygon_weighted_population": 3.8966805401931315,
  "polygon_coverage_area": 1.2625244950241654e-06
}