{
  "total_population": 3234,
  "average_population_per_cell": 77.0,
  "max_population_cell": 185,
  "min_population_cell": 12,
  "population_std": 47.773346993138645,
  "population_density_km2": 4117.656687673516,
  "closest_population_distance": 15.342126158343287,
  "average_population_distance": 263.6999219620469,
  "farthest_population_distance": 470.930253838181,
  "population_within_100m": 195,
  "density_within_100m": 6207.042780583918,
  "population_within_250m": 1602,
  "density_within_250m": 8158.919002662923,
  "population_within_500m": 3234,
  "density_within_500m": 4117.656687673516,
  "population_gini": 0.3446564773095385,
  "population_entropy": 3.546259572905471,
  "population_center_distance": 33.91632784600222,
  "populated_cells_count": 42,
  "empty_cells_ratio": 0.0,
  "polygon_weighted_population": 422.76311703162764,
  "polygon_coverage_area": 1.050773753953675e-05
}