{
  "total_population": 5564,
  "average_population_per_cell": 126.45454545454545,
  "max_population_cell": 326,
  "min_population_cell": 2,
  "population_std": 90.55910431429403,
  "population_density_km2": 7084.304826906446,
  "closest_population_distance": 46.50030052716139,
  "average_population_distance": 276.45296743256966,
  "farthest_population_distance": 466.51055745816495,
  "population_within_100m": 163,
  "density_within_100m": 5188.4511447957875,
  "population_within_250m": 2158,
  "density_within_250m": 10990.603750153925,
  "population_within_500m": 5564,
  "density_within_500m": 7084.304826906446,
  "population_gini": 0.3983399777792301,
  "population_entropy": 3.50338304475911,
  "population_center_distance": 83.20628004407264,
  "populated_cells_count": 44,
  "empty_cells_ratio": 0.0,
  "polygon_weighted_population": 67.37760270199551,
  "polygon_coverage_area": 2.26468922123233e-06
}