{
  "total_population": 2490,
  "average_population_per_cell": 146.47058823529412,
  "max_population_cell": 292,
  "min_population_cell": 2,
  "population_std": 94.47097282172102,
  "population_density_km2": 3170.366466390555,
  "closest_population_distance": 94.97247614678733,
  "average_population_distance": 312.5893769775881,
  "farthest_population_distance": 477.7300680271507,
  "population_within_100m": 5,
  "density_within_100m": 159.15494309189532,
  "population_within_250m": 522,
  "density_within_250m": 2658.5241694070196,
  "population_within_500m": 2490,
  "density_within_500m": 3170.366466390555,
  "population_gini": 0.355256319395228,
  "population_entropy": 2.5821974283296036,
  "population_center_distance": 195.49875424631654,
  "populated_cells_count": 17,
  "empty_cells_ratio": 0.0,
  "polygon_weighted_population": 174.03679411147704,
  "polygon_coverage_area": 3.27973764039933e-06
}