{
  "total_population": 807,
  "average_population_per_cell": 26.9,
  "max_population_cell": 124,
  "min_population_cell": 2,
  "population_std": 28.482723135988582,
  "population_density_km2": 1027.5043126012763,
  "closest_population_distance": 46.55686508470695,
  "average_population_distance": 329.76436077736236,
  "farthest_population_distance": 460.5732523533986,
  "population_within_100m": 3,
  "density_within_100m": 95.4929658551372,
  "population_within_250m": 154,
  "density_within_250m": 784.3155595568602,
  "population_within_500m": 807,
  "density_within_500m": 1027.5043126012763,
  "population_gini": 0.5213961173068979,
  "population_entropy": 2.9393772165620025,
  "population_center_distance": 186.12833756808993,
  "populated_cells_count": 30,
  "empty_cells_ratio": 0.0,
  "polygon_weighted_population": 45.0,
  "polygon_coverage_area": 3.2400000000040826e-06
}