{
  "total_population": 1160,
  "average_population_per_cell": 41.42857142857143,
  "max_population_cell": 212,
  "min_population_cell": 1,
  "population_std": 46.917917742489436,
  "population_density_km2": 1476.9578718927887,
  "closest_population_distance": 58.27761091606363,
  "average_population_distance": 261.69288391499697,
  "farthest_population_distance": 477.8326514663909,
  "population_within_100m": 114,
  "density_within_100m": 3628.7327024952133,
  "population_within_250m": 421,
  "density_within_250m": 2144.135393334014,
  "population_within_500m": 1160,
  "density_within_500m": 1476.9578718927887,
  "population_gini": 0.5442118226600986,
  "population_entropy": 2.8175967954710806,
  "population_center_distance": 91.78610534396401,
  "populated_cells_count": 28,
  "empty_cells_ratio": 0.0,
  "polygon_weighted_population": 15.776774998701226,
  "polygon_coverage_area": 2.0446700398342554e-06
}