{
  "total_population": 2531,
  "average_population_per_cell": 57.52272727272727,
  "max_population_cell": 879,
  "min_population_cell": 1,
  "population_std": 136.1935163290214,
  "population_density_km2": 3222.569287724697,
  "closest_population_distance": 100.8769382514793,
  "average_population_distance": 319.61075815548793,
  "farthest_population_distance": 475.8283517038704,
  "population_within_100m": 0,
  "density_within_100m": 0.0,
  "population_within_250m": 237,
  "density_within_250m": 1207.0310884089342,
  "population_within_500m": 2531,
  "density_within_500m": 3222.569287724697,
  "population_gini": 0.7279282353363744,
  "population_entropy": 2.642043022324744,
  "population_center_distance": 215.77266403317748,
  "populated_cells_count": 44,
  "empty_cells_ratio": 0.0,
  "polygon_weighted_population": 96.0,
  "polygon_coverage_area": 3.2400000000040826e-06
}