{
  "total_population": 844,
  "average_population_per_cell": 29.103448275862068,
  "max_population_cell": 137,
  "min_population_cell": 1,
  "population_std": 40.57386987035076,
  "population_density_km2": 1074.6141757564774,
  "closest_population_distance": 33.52916374983848,
  "average_population_distance": 354.7248603461224,
  "farthest_population_distance": 442.55167590119373,
  "population_within_100m": 4,
  "density_within_100m": 127.32395447351627,
  "population_within_250m": 66,
  "density_within_250m": 336.13523981008296,
  "population_within_500m": 844,
  "density_within_500m": 1074.6141757564774,
  "population_gini": 0.6309037424415753,
  "population_entropy": 2.6499353247474757,
  "population_center_distance": 235.29599012610458,
  "populated_cells_count": 29,
  "empty_cells_ratio": 0.0,
  "polygon_weighted_population": 17.917990219225423,
  "polygon_coverage_area": 3.0554888584401855e-06
}