{
  "total_population": 4780,
  "average_population_per_cell": 106.22222222222223,
  "max_population_cell": 439,
  "min_population_cell": 2,
  "population_std": 82.90654346609168,
  "population_density_km2": 6086.085023834078,
  "closest_population_distance": 22.245211662249258,
  "average_population_distance": 254.7040894927679,
  "farthest_population_distance": 474.04587563210504,
  "population_within_100m": 604,
  "density_within_100m": 19225.917125500957,
  "population_within_250m": 1963,
  "density_within_250m": 9997.476905260497,
  "population_within_500m": 4780,
  "density_within_500m": 6086.085023834078,
  "population_gini": 0.40540213854021384,
  "population_entropy": 3.525080117269662,
  "population_center_distance": 116.43635395992499,
  "populated_cells_count": 45,
  "empty_cells_ratio": 0.0,
  "polygon_weighted_population": 681.8736385250875,
  "polygon_coverage_area": 1.3302633004733294e-05
}