{
  "total_population": 2777,
  "average_population_per_cell": 66.11904761904762,
  "max_population_cell": 180,
  "min_population_cell": 1,
  "population_std": 53.37543162832384,
  "population_density_km2": 3535.7862157295467,
  "closest_population_distance": 59.90271905030282,
  "average_population_distance": 287.6925793098991,
  "farthest_population_distance": 467.0106922334691,
  "population_within_100m": 2,
  "density_within_100m": 63.66197723675813,
  "population_within_250m": 1045,
  "density_within_250m": 5322.141296992981,
  "population_within_500m": 2777,
  "density_within_500m": 3535.7862157295467,
  "population_gini": 0.44619064766706107,
  "population_entropy": 3.401813559391343,
  "population_center_distance": 147.88983323657217,
  "populated_cells_count": 42,
  "empty_cells_ratio": 0.0,
  "polygon_weighted_population": 166.2168982566547,
  "polygon_coverage_area": 5.677320316169249e-06
}