{
  "total_population": 7403,
  "average_population_per_cell": 180.5609756097561,
  "max_population_cell": 393,
  "min_population_cell": 3,
  "population_std": 96.30707367075583,
  "population_density_km2": 9425.79234967441,
  "closest_population_distance": 49.442362477760796,
  "average_population_distance": 259.16747544978375,
  "farthest_population_distance": 455.3224832943604,
  "population_within_100m": 419,
  "density_within_100m": 13337.184231100828,
  "population_within_250m": 3299,
  "density_within_250m": 16801.669032325208,
  "population_within_500m": 7403,
  "density_within_500m": 9425.79234967441,
  "population_gini": 0.2991338382923205,
  "population_entropy": 3.5623683826952663,
  "population_center_distance": 28.57173204745166,
  "populated_cells_count": 41,
  "empty_cells_ratio": 0.0,
  "polygon_weighted_population": 664.2085855446988,
  "polygon_coverage_area": 9.405899179861598e-06
}