{
  "total_population": 2773,
  "average_population_per_cell": 92.43333333333334,
  "max_population_cell": 445,
  "min_population_cell": 2,
  "population_std": 112.655006878135,
  "population_density_km2": 3530.693257550606,
  "closest_population_distance": 68.51226794157634,
  "average_population_distance": 269.63855335830846,
  "farthest_population_distance": 453.40706548039094,
  "population_within_100m": 142,
  "density_within_100m": 4520.000383809827,
  "population_within_250m": 1095,
  "density_within_250m": 5576.789205940013,
  "population_within_500m": 2773,
  "density_within_500m": 3530.693257550606,
  "population_gini": 0.589554032936651,
  "population_entropy": 2.7855631251477027,
  "population_center_distance": 127.4109602491878,
  "populated_cells_count": 30,
  "empty_cells_ratio": 0.0,
  "polygon_weighted_population": 162.0,
  "polygon_coverage_area": 6.480000000008165e-06
}