{
  "total_population": 4590,
  "average_population_per_cell": 111.95121951219512,
  "max_population_cell": 247,
  "min_population_cell": 1,
  "population_std": 69.7484592014448,
  "population_density_km2": 5844.169510334397,
  "closest_population_distance": 66.89687348083183,
  "average_population_distance": 252.1113874080412,
  "farthest_population_distance": 452.95772079086777,
  "population_within_100m": 577,
  "density_within_100m": 18366.48043280472,
  "population_within_250m": 2094,
  "density_within_250m": 10664.654426701723,
  "population_within_500m": 4590,
  "density_within_500m": 5844.169510334397,
  "population_gini": 0.35205908921834317,
  "population_entropy": 3.484361981023782,
  "population_center_distance": 180.09789301904576,
  "populated_cells_count": 41,
  "empty_cells_ratio": 0.0,
  "polygon_weighted_population": 146.7225091145449,
  "polygon_coverage_area": 3.181681526762649e-06
}