{
  "total_population": 2945,
  "average_population_per_cell": 79.5945945945946,
  "max_population_cell": 239,
  "min_population_cell": 1,
  "population_std": 78.73000961777164,
  "population_density_km2": 3749.690459245054,
  "closest_population_distance": 140.623751516923,
  "average_population_distance": 282.188917213303,
  "farthest_population_distance": 446.809663665699,
  "population_within_100m": 0,
  "density_within_100m": 0.0,
  "population_within_250m": 912,
  "density_within_250m": 4644.777859193874,
  "population_within_500m": 2945,
  "density_within_500m": 3749.690459245054,
  "population_gini": 0.5376772358096636,
  "population_entropy": 3.1026902737629847,
  "population_center_distance": 205.1110021808455,
  "populated_cells_count": 37,
  "empty_cells_ratio": 0.0,
  "polygon_weighted_population": 36.42339168571073,
  "polygon_coverage_area": 8.644477758860118e-06
}