{
  "total_population": 5786,
  "average_population_per_cell": 148.35897435897436,
  "max_population_cell": 393,
  "min_population_cell": 2,
  "population_std": 107.91211999134129,
  "population_density_km2": 7366.964005837652,
  "closest_population_distance": 62.11673586488119,
  "average_population_distance": 287.8040121193577,
  "farthest_population_distance": 476.72606422906364,
  "population_within_100m": 118,
  "density_within_100m": 3756.05665696873,
  "population_within_250m": 1641,
  "density_within_250m": 8357.544371641608,
  "population_within_500m": 5786,
  "density_within_500m": 7366.964005837652,
  "population_gini": 0.40560326872113944,
  "population_entropy": 3.385141166892074,
  "population_center_distance": 147.65144096425493,
  "populated_cells_count": 39,
  "empty_cells_ratio": 0.0,
  "polygon_weighted_population": 52.0,
  "polygon_coverage_area": 3.2400000000040826e-06
}