{
  "total_population": 3747,
  "average_population_per_cell": 78.0625,
  "max_population_cell": 303,
  "min_population_cell": 1,
  "population_std": 68.09736654076451,
  "population_density_km2": 4770.828574122655,
  "closest_population_distance": 75.27214532252624,
  "average_population_distance": 254.95621900246698,
  "farthest_population_distance": 476.54357782838747,
  "population_within_100m": 477,
  "density_within_100m": 15183.381570966814,
  "population_within_250m": 1640,
  "density_within_250m": 8352.451413462668,
  "population_within_500m": 3747,
  "density_within_500m": 4770.828574122655,
  "population_gini": 0.4591284138421849,
  "population_entropy": 3.514710677536449,
  "population_center_distance": 62.09364044990713,
  "populated_cells_count": 48,
  "empty_cells_ratio": 0.0,
  "polygon_weighted_population": 35.76842686628431,
  "polygon_coverage_area": 2.2723471185668076e-06
}