{
  "total_population": 1728,
  "average_population_per_cell": 46.7027027027027,
  "max_population_cell": 879,
  "min_population_cell": 1,
  "population_std": 144.84778693988173,
  "population_density_km2": 2200.157933302361,
  "closest_population_distance": 46.58387852971897,
  "average_population_distance": 306.98052203723086,
  "farthest_population_distance": 401.96344196778796,
  "population_within_100m": 44,
  "density_within_100m": 1400.5634992086789,
  "population_within_250m": 250,
  "density_within_250m": 1273.2395447351628,
  "population_within_500m": 1728,
  "density_within_500m": 2200.157933302361,
  "population_gini": 0.7676113613613613,
  "population_entropy": 2.1208292438577527,
  "population_center_distance": 151.61663666403192,
  "populated_cells_count": 37,
  "empty_cells_ratio": 0.0,
  "polygon_weighted_population": 13.581264716350187,
  "polygon_coverage_area": 4.229308524265293e-06
}