{
  "total_population": 2286,
  "average_population_per_cell": 54.42857142857143,
  "max_population_cell": 201,
  "min_population_cell": 1,
  "population_std": 52.72253318294258,
  "population_density_km2": 2910.625599264582,
  "closest_population_distance": 28.13509686180865,
  "average_population_distance": 294.9373111607409,
  "farthest_population_distance": 452.3517418145446,
  "population_within_100m": 216,
  "density_within_100m": 6875.493541569878,
  "population_within_250m": 662,
  "density_within_250m": 3371.538314458711,
  "population_within_500m": 2286,
  "density_within_500m": 2910.625599264582,
  "population_gini": 0.5031871016122985,
  "population_entropy": 3.316729818224437,
  "population_center_distance": 35.06233053580452,
  "populated_cells_count": 42,
  "empty_cells_ratio": 0.0,
  "polygon_weighted_population": 28.37351741001886,
  "polygon_coverage_area": 3.823629376558358e-06
}