{
  "total_population": 10759,
  "average_population_per_cell": 203.0,
  "max_population_cell": 323,
  "min_population_cell": 31,
  "population_std": 78.94813292477342,
  "population_density_km2": 13698.784261805617,
  "closest_population_distance": 45.32445253849382,
  "average_population_distance": 279.6829864705421,
  "farthest_population_distance": 473.8748835590123,
  "population_within_100m": 450,
  "density_within_100m": 14323.94487827058,
  "population_within_250m": 4409,
  "density_within_250m": 22454.85261094933,
  "population_within_500m": 10759,
  "density_within_500m": 13698.784261805617,
  "population_gini": 0.21960377183121813,
  "population_entropy": 3.8868768132078677,
  "population_center_distance": 62.2165605949233,
  "populated_cells_count": 53,
  "empty_cells_ratio": 0.0,
  "polygon_weighted_population": 464.0201753712521,
  "polygon_coverage_area": 6.279425123533233e-06
}