{
  "total_population": 2928,
  "average_population_per_cell": 71.41463414634147,
  "max_population_cell": 222,
  "min_population_cell": 3,
  "population_std": 63.181870663092944,
  "population_density_km2": 3728.0453869845564,
  "closest_population_distance": 11.813930803875815,
  "average_population_distance": 243.57374369050598,
  "farthest_population_distance": 449.0596339184126,
  "population_within_100m": 219,
  "density_within_100m": 6970.986507425016,
  "population_within_250m": 1515,
  "density_within_250m": 7715.8316410950865,
  "population_within_500m": 2928,
  "density_within_500m": 3728.0453869845564,
  "population_gini": 0.47382713581234176,
  "population_entropy": 3.3441626514191767,
  "population_center_distance": 104.15011198956213,
  "populated_cells_count": 41,
  "empty_cells_ratio": 0.0,
  "polygon_weighted_population": 459.23482427086935,
  "polygon_coverage_area": 1.2829517401995993e-05
}