{
  "total_population": 3016,
  "average_population_per_cell": 71.80952380952381,
  "max_population_cell": 225,
  "min_population_cell": 2,
  "population_std": 58.04339759736468,
  "population_density_km2": 3840.090466921251,
  "closest_population_distance": 60.89201385297941,
  "average_population_distance": 298.6021632849802,
  "farthest_population_distance": 491.9071617140292,
  "population_within_100m": 196,
  "density_within_100m": 6238.873769202297,
  "population_within_250m": 1067,
  "density_within_250m": 5434.186376929674,
  "population_within_500m": 3016,
  "density_within_500m": 3840.090466921251,
  "population_gini": 0.4203454591385626,
  "population_entropy": 3.4298890926517682,
  "population_center_distance": 211.95943620249457,
  "populated_cells_count": 42,
  "empty_cells_ratio": 0.0,
  "polygon_weighted_population": 291.1417467803325,
  "polygon_coverage_area": 4.688790329508492e-06
}