{
  "total_population": 2405,
  "average_population_per_cell": 55.93023255813954,
  "max_population_cell": 145,
  "min_population_cell": 3,
  "population_std": 34.36456878879564,
  "population_density_km2": 3062.1411050880665,
  "closest_population_distance": 40.317860406700675,
  "average_population_distance": 292.9480480636708,
  "farthest_population_distance": 486.88863212683157,
  "population_within_100m": 64,
  "density_within_100m": 2037.1832715762603,
  "population_within_250m": 672,
  "density_within_250m": 3422.4678962481175,
  "population_within_500m": 2405,
  "density_within_500m": 3062.1411050880665,
  "population_gini": 0.3435478412222598,
  "population_entropy": 3.5550978818537566,
  "population_center_distance": 150.60626066389185,
  "populated_cells_count": 43,
  "empty_cells_ratio": 0.0,
  "polygon_weighted_population": 58.01736207079091,
  "polygon_coverage_area": 3.6310501243790767e-06
}