{
  "total_population": 4167,
  "average_population_per_cell": 119.05714285714286,
  "max_population_cell": 272,
  "min_population_cell": 2,
  "population_std": 75.23255821202713,
  "population_density_km2": 5305.589182911423,
  "closest_population_distance": 62.71299566956892,
  "average_population_distance": 302.2251796118962,
  "farthest_population_distance": 473.97360843013314,
  "population_within_100m": 260,
  "density_within_100m": 8276.057040778556,
  "population_within_250m": 1189,
  "density_within_250m": 6055.527274760434,
  "population_within_500m": 4167,
  "density_within_500m": 5305.589182911423,
  "population_gini": 0.3555966951215331,
  "population_entropy": 3.3394386367587265,
  "population_center_distance": 111.7431247715291,
  "populated_cells_count": 35,
  "empty_cells_ratio": 0.0,
  "polygon_weighted_population": 146.11484507607497,
  "polygon_coverage_area": 4.64371200984631e-06
}