{
  "total_population": 5115,
  "average_population_per_cell": 113.66666666666667,
  "max_population_cell": 461,
  "min_population_cell": 2,
  "population_std": 96.11475149291837,
  "population_density_km2": 6512.6202713203575,
  "closest_population_distance": 61.765773494678484,
  "average_population_distance": 276.3099594792393,
  "farthest_population_distance": 430.5141920854089,
  "population_within_100m": 252,
  "density_within_100m": 8021.409131831525,
  "population_within_250m": 1711,
  "density_within_250m": 8714.051444167453,
  "population_within_500m": 5115,
  "density_within_500m": 6512.6202713203575,
  "population_gini": 0.4299511241446725,
  "population_entropy": 3.4967397705332415,
  "population_center_distance": 112.2751400831865,
  "populated_cells_count": 45,
  "empty_cells_ratio": 0.0,
  "polygon_weighted_population": 100.96155531813642,
  "polygon_coverage_area": 6.261231982913712e-06
}