{
  "total_population": 2330,
  "average_population_per_cell": 55.476190476190474,
  "max_population_cell": 180,
  "min_population_cell": 1,
  "population_std": 57.269256254668036,
  "population_density_km2": 2966.648139232929,
  "closest_population_distance": 86.1879773273772,
  "average_population_distance": 257.67414011575994,
  "farthest_population_distance": 493.56022554186376,
  "population_within_100m": 338,
  "density_within_100m": 10758.874153012124,
  "population_within_250m": 951,
  "density_within_250m": 4843.4032281725595,
  "population_within_500m": 2330,
  "density_within_500m": 2966.648139232929,
  "population_gini": 0.549662783568363,
  "population_entropy": 3.218246918715347,
  "population_center_distance": 53.50016765315586,
  "populated_cells_count": 42,
  "empty_cells_ratio": 0.0,
  "polygon_weighted_population": 140.73916655478962,
  "polygon_coverage_area": 4.816655121649677e-06
}