{
  "total_population": 3531,
  "average_population_per_cell": 84.07142857142857,
  "max_population_cell": 256,
  "min_population_cell": 3,
  "population_std": 58.191606492707265,
  "population_density_km2": 4495.808832459859,
  "closest_population_distance": 50.10892639537354,
  "average_population_distance": 244.18953231402958,
  "farthest_population_distance": 460.738481069848,
  "population_within_100m": 176,
  "density_within_100m": 5602.2539968347155,
  "population_within_250m": 1804,
  "density_within_250m": 9187.696554808934,
  "population_within_500m": 3531,
  "density_within_500m": 4495.808832459859,
  "population_gini": 0.3800151043141697,
  "population_entropy": 3.497397076379662,
  "population_center_distance": 27.612622870765605,
  "populated_cells_count": 42,
  "empty_cells_ratio": 0.0,
  "polygon_weighted_population": 446.28997532415,
  "polygon_coverage_area": 1.0162317143318573e-05
}