{
  "total_population": 8035,
  "average_population_per_cell": 151.60377358490567,
  "max_population_cell": 327,
  "min_population_cell": 16,
  "population_std": 59.47667274546237,
  "population_density_km2": 10230.479741947032,
  "closest_population_distance": 9.841091878179247,
  "average_population_distance": 281.8024989635919,
  "farthest_population_distance": 485.60254612174253,
  "population_within_100m": 551,
  "density_within_100m": 17538.874728726863,
  "population_within_250m": 3169,
  "density_within_250m": 16139.584469062924,
  "population_within_500m": 8035,
  "density_within_500m": 10230.479741947032,
  "population_gini": 0.21355156097732797,
  "population_entropy": 3.890078082651463,
  "population_center_distance": 46.15342009182289,
  "populated_cells_count": 53,
  "empty_cells_ratio": 0.0,
  "polygon_weighted_population": 152.0,
  "polygon_coverage_area": 3.2400000000040826e-06
}