{
  "total_population": 2532,
  "average_population_per_cell": 51.673469387755105,
  "max_population_cell": 180,
  "min_population_cell": 1,
  "population_std": 48.73499245712384,
  "population_density_km2": 3223.842527269432,
  "closest_population_distance": 32.31516116203425,
  "average_population_distance": 324.6046219509228,
  "farthest_population_distance": 460.18054684759977,
  "population_within_100m": 39,
  "density_within_100m": 1241.4085561167835,
  "population_within_250m": 461,
  "density_within_250m": 2347.85372049164,
  "population_within_500m": 2532,
  "density_within_500m": 3223.842527269432,
  "population_gini": 0.508543701840926,
  "population_entropy": 3.453515393640826,
  "population_center_distance": 75.86784789704764,
  "populated_cells_count": 49,
  "empty_cells_ratio": 0.0
}