{
  "total_population": 1586,
  "average_population_per_cell": 49.5625,
  "max_population_cell": 202,
  "min_population_cell": 2,
  "population_std": 58.773451050513415,
  "population_density_km2": 2019.3579179499682,
  "closest_population_distance": 48.88982051727642,
  "average_population_distance": 239.6555640267859,
  "farthest_population_distance": 412.1117822450912,
  "population_within_100m": 80,
  "density_within_100m": 2546.479089470325,
  "population_within_250m": 900,
  "density_within_250m": 4583.662361046586,
  "population_within_500m": 1586,
  "density_within_500m": 2019.3579179499682,
  "population_gini": 0.5545791298865069,
  "population_entropy": 2.925975674876641,
  "population_center_distance": 158.7370758430791,
  "populated_cells_count": 32,
  "empty_cells_ratio": 0.0,
  "polygon_weighted_population": 105.50818444133255,
  "polygon_coverage_area": 4.059157789054951e-06
}