{
  "total_population": 5021,
  "average_population_per_cell": 152.15151515151516,
  "max_population_cell": 294,
  "min_population_cell": 7,
  "population_std": 85.37568492116228,
  "population_density_km2": 6392.935754115252,
  "closest_population_distance": 62.201855241224294,
  "average_population_distance": 256.14547565254884,
  "farthest_population_distance": 489.08759336463845,
  "population_within_100m": 566,
  "density_within_100m": 18016.33955800255,
  "population_within_250m": 2344,
  "density_within_250m": 11937.893971436886,
  "population_within_500m": 5021,
  "density_within_500m": 6392.935754115252,
  "population_gini": 0.31642857573947,
  "population_entropy": 3.3126120320299215,
  "population_center_distance": 162.71534228786217,
  "populated_cells_count": 33,
  "empty_cells_ratio": 0.0,
  "polygon_weighted_population": 63.501661020864354,
  "polygon_coverage_area": 3.807269085384823e-06
}