{
  "total_population": 1703,
  "average_population_per_cell": 39.604651162790695,
  "max_population_cell": 124,
  "min_population_cell": 2,
  "population_std": 28.661521854124615,
  "population_density_km2": 2168.326944683982,
  "closest_population_distance": 85.26317343365761,
  "average_population_distance": 272.42959765864384,
  "farthest_population_distance": 477.29885934358276,
  "population_within_100m": 153,
  "density_within_100m": 4870.141258611997,
  "population_within_250m": 708,
  "density_within_250m": 3605.814390689981,
  "population_within_500m": 1703,
  "density_within_500m": 2168.326944683982,
  "population_gini": 0.38943587922817463,
  "population_entropy": 3.5031575926285665,
  "population_center_distance": 63.28663252534719,
  "populated_cells_count": 43,
  "empty_cells_ratio": 0.0,
  "polygon_weighted_population": 52.073088624495185,
  "polygon_coverage_area": 7.485668533791673e-06
}