{
  "total_population": 2620,
  "average_population_per_cell": 67.17948717948718,
  "max_population_cell": 222,
  "min_population_cell": 2,
  "population_std": 61.17785624281826,
  "population_density_km2": 3335.887607206126,
  "closest_population_distance": 41.18706814720035,
  "average_population_distance": 262.4488241035802,
  "farthest_population_distance": 434.97497199617146,
  "population_within_100m": 94,
  "density_within_100m": 2992.1129301276324,
  "population_within_250m": 1195,
  "density_within_250m": 6086.085023834078,
  "population_within_500m": 2620,
  "density_within_500m": 3335.887607206126,
  "population_gini": 0.48189469563515364,
  "population_entropy": 3.2783834163152843,
  "population_center_distance": 221.1748636125538,
  "populated_cells_count": 39,
  "empty_cells_ratio": 0.0,
  "polygon_weighted_population": 459.9890590291544,
  "polygon_coverage_area": 1.2958134276566872e-05
}