{
  "total_population": 2016,
  "average_population_per_cell": 44.8,
  "max_population_cell": 113,
  "min_population_cell": 1,
  "population_std": 29.844749804766177,
  "population_density_km2": 2566.850922186088,
  "closest_population_distance": 25.113841272768493,
  "average_population_distance": 282.50469483093025,
  "farthest_population_distance": 454.2309120207216,
  "population_within_100m": 129,
  "density_within_100m": 4106.197531770899,
  "population_within_250m": 692,
  "density_within_250m": 3524.3270598269305,
  "population_within_500m": 2016,
  "density_within_500m": 2566.850922186088,
  "population_gini": 0.3759920634920635,
  "population_entropy": 3.560281842433113,
  "population_center_distance": 100.59752365294236,
  "populated_cells_count": 45,
  "empty_cells_ratio": 0.0,
  "polygon_weighted_population": 14.096918946583658,
  "polygon_coverage_area": 1.3840611329390487e-06
}