{
  "total_population": 4018,
  "average_population_per_cell": 91.31818181818181,
  "max_population_cell": 279,
  "min_population_cell": 1,
  "population_std": 63.029624901485704,
  "population_density_km2": 5115.8764907458835,
  "closest_population_distance": 24.812522814691302,
  "average_population_distance": 245.50624527739907,
  "farthest_population_distance": 477.90884467836156,
  "population_within_100m": 263,
  "density_within_100m": 8371.550006633694,
  "population_within_250m": 1867,
  "density_within_250m": 9508.552920082195,
  "population_within_500m": 4018,
  "density_within_500m": 5115.8764907458835,
  "population_gini": 0.37810534413321867,
  "population_entropy": 3.5235150333631564,
  "population_center_distance": 57.806760371943824,
  "populated_cells_count": 44,
  "empty_cells_ratio": 0.0
}