{
  "total_population": 7977,
  "average_population_per_cell": 166.1875,
  "max_population_cell": 372,
  "min_population_cell": 17,
  "population_std": 81.68691039442754,
  "population_density_km2": 10156.631848352394,
  "closest_population_distance": 61.27166696618295,
  "average_population_distance": 297.27768589387716,
  "farthest_population_distance": 495.95152543417447,
  "population_within_100m": 91,
  "density_within_100m": 2896.619964272495,
  "population_within_250m": 2131,
  "density_within_250m": 10853.093879322527,
  "population_within_500m": 7977,
  "density_within_500m": 10156.631848352394,
  "population_gini": 0.272280201412394,
  "population_entropy": 3.7474891206222,
  "population_center_distance": 10.395879130212752,
  "populated_cells_count": 48,
  "empty_cells_ratio": 0.0,
  "polygon_weighted_population": 278.458822680923,
  "polygon_coverage_area": 7.797604422430424e-06
}