{
  "total_population": 8305,
  "average_population_per_cell": 162.84313725490196,
  "max_population_cell": 393,
  "min_population_cell": 3,
  "population_std": 97.07303900651708,
  "population_density_km2": 10574.254419025527,
  "closest_population_distance": 47.17072512477301,
  "average_population_distance": 276.65925408458963,
  "farthest_population_distance": 499.2551404218916,
  "population_within_100m": 676,
  "density_within_100m": 21517.74830602425,
  "population_within_250m": 3144,
  "density_within_250m": 16012.260514589407,
  "population_within_500m": 8305,
  "density_within_500m": 10574.254419025527,
  "population_gini": 0.33128165173354107,
  "population_entropy": 3.7400147233423815,
  "population_center_distance": 33.32372334741009,
  "populated_cells_count": 51,
  "empty_cells_ratio": 0.0,
  "polygon_weighted_population": 101.0,
  "polygon_coverage_area": 3.2400000000040826e-06
}