{
  "total_population": 1181,
  "average_population_per_cell": 90.84615384615384,
  "max_population_cell": 192,
  "min_population_cell": 1,
  "population_std": 71.80859530010567,
  "population_density_km2": 1503.6959023322272,
  "closest_population_distance": 152.51458718528005,
  "average_population_distance": 321.3387682947901,
  "farthest_population_distance": 486.96969491627715,
  "population_within_100m": 0,
  "density_within_100m": 0.0,
  "population_within_250m": 145,
  "density_within_250m": 738.4789359463944,
  "population_within_500m": 1181,
  "density_within_500m": 1503.6959023322272,
  "population_gini": 0.428450465707028,
  "population_entropy": 2.18810042897272,
  "population_center_distance": 308.61192825068645,
  "populated_cells_count": 13,
  "empty_cells_ratio": 0.0
}