{
  "total_population": 3516,
  "average_population_per_cell": 73.25,
  "max_population_cell": 181,
  "min_population_cell": 2,
  "population_std": 47.01991429623763,
  "population_density_km2": 4476.710239288832,
  "closest_population_distance": 48.43688295447727,
  "average_population_distance": 288.15954633443204,
  "farthest_population_distance": 470.3641319816488,
  "population_within_100m": 114,
  "density_within_100m": 3628.7327024952133,
  "population_within_250m": 1435,
  "density_within_250m": 7308.394986779834,
  "population_within_500m": 3516,
  "density_within_500m": 4476.710239288832,
  "population_gini": 0.35851583238528634,
  "population_entropy": 3.6526331533078213,
  "population_center_distance": 90.76932305626931,
  "populated_cells_count": 48,
  "empty_cells_ratio": 0.0,
  "polygon_weighted_population": 202.03158953656134,
  "polygon_coverage_area": 7.601705422164384e-06
}