{
  "total_population": 2861,
  "average_population_per_cell": 81.74285714285715,
  "max_population_cell": 304,
  "min_population_cell": 7,
  "population_std": 54.5965646716859,
  "population_density_km2": 3642.7383374873007,
  "closest_population_distance": 63.668567734595364,
  "average_population_distance": 278.3430170806189,
  "farthest_population_distance": 465.2350320059644,
  "population_within_100m": 141,
  "density_within_100m": 4488.1693951914485,
  "population_within_250m": 1536,
  "density_within_250m": 7822.78376285284,
  "population_within_500m": 2861,
  "density_within_500m": 3642.7383374873007,
  "population_gini": 0.3323912717830928,
  "population_entropy": 3.3544332735150992,
  "population_center_distance": 134.69915786056936,
  "populated_cells_count": 35,
  "empty_cells_ratio": 0.0,
  "polygon_weighted_population": 21.507568980871895,
  "polygon_coverage_area": 7.038840757385126e-07
}