{
  "total_population": 5685,
  "average_population_per_cell": 113.7,
  "max_population_cell": 268,
  "min_population_cell": 4,
  "population_std": 66.8709540069223,
  "population_density_km2": 7238.3668118194,
  "closest_population_distance": 76.82305332789902,
  "average_population_distance": 274.1308742536218,
  "farthest_population_distance": 485.52107388528566,
  "population_within_100m": 226,
  "density_within_100m": 7193.803427753669,
  "population_within_250m": 1962,
  "density_within_250m": 9992.383947081556,
  "population_within_500m": 5685,
  "density_within_500m": 7238.3668118194,
  "population_gini": 0.3265751978891821,
  "population_entropy": 3.7211688336194135,
  "population_center_distance": 102.6512801837534,
  "populated_cells_count": 50,
  "empty_cells_ratio": 0.0,
  "polygon_weighted_population": 371.651858481565,
  "polygon_coverage_area": 1.235372143279162e-05
}