{
  "total_population": 2190,
  "average_population_per_cell": 87.6,
  "max_population_cell": 261,
  "min_population_cell": 1,
  "population_std": 79.23751216017153,
  "population_density_km2": 2788.3946029700064,
  "closest_population_distance": 40.31256607634357,
  "average_population_distance": 266.84366738654666,
  "farthest_population_distance": 432.9320113476217,
  "population_within_100m": 194,
  "density_within_100m": 6175.211791965538,
  "population_within_250m": 860,
  "density_within_250m": 4379.94403388896,
  "population_within_500m": 2190,
  "density_within_500m": 2788.3946029700064,
  "population_gini": 0.4781369863013698,
  "population_entropy": 2.8278168088918987,
  "population_center_distance": 191.31416677720463,
  "populated_cells_count": 25,
  "empty_cells_ratio": 0.0,
  "polygon_weighted_population": 213.88187208733814,
  "polygon_coverage_area": 2.7830412271640512e-06
}