{
  "total_population": 10188,
  "average_population_per_cell": 203.76,
  "max_population_cell": 323,
  "min_population_cell": 3,
  "population_std": 88.23728676421439,
  "population_density_km2": 12971.764481761838,
  "closest_population_distance": 46.75681683119109,
  "average_population_distance": 281.5349948307722,
  "farthest_population_distance": 452.36760558803974,
  "population_within_100m": 562,
  "density_within_100m": 17889.015603529035,
  "population_within_250m": 4087,
  "density_within_250m": 20814.92007733044,
  "population_within_500m": 10188,
  "density_within_500m": 12971.764481761838,
  "population_gini": 0.2380722418531606,
  "population_entropy": 3.793258717262462,
  "population_center_distance": 44.521155102901915,
  "populated_cells_count": 50,
  "empty_cells_ratio": 0.0,
  "polygon_weighted_population": 8.0,
  "polygon_coverage_area": 3.2400000000040826e-06
}