{
  "total_population": 1675,
  "average_population_per_cell": 67.0,
  "max_population_cell": 270,
  "min_population_cell": 1,
  "population_std": 73.70549504616328,
  "population_density_km2": 2132.6762374313976,
  "closest_population_distance": 56.51319226218177,
  "average_population_distance": 274.4324312821093,
  "farthest_population_distance": 457.81044017909124,
  "population_within_100m": 141,
  "density_within_100m": 4488.1693951914485,
  "population_within_250m": 459,
  "density_within_250m": 2337.6678041337586,
  "population_within_500m": 1675,
  "density_within_500m": 2132.6762374313976,
  "population_gini": 0.5380298507462686,
  "population_entropy": 2.7157764148191106,
  "population_center_distance": 133.27009840365727,
  "populated_cells_count": 25,
  "empty_cells_ratio": 0.0,
  "polygon_weighted_population": 5.952878608827787,
  "polygon_coverage_area": 3.2142373465973613e-06
}