{
  "total_population": 3546,
  "average_population_per_cell": 75.44680851063829,
  "max_population_cell": 242,
  "min_population_cell": 2,
  "population_std": 58.2389412942168,
  "population_density_km2": 4514.907425630887,
  "closest_population_distance": 13.503084849849568,
  "average_population_distance": 244.40547989243225,
  "farthest_population_distance": 491.68110202811187,
  "population_within_100m": 369,
  "density_within_100m": 11745.634800181875,
  "population_within_250m": 1814,
  "density_within_250m": 9238.626136598341,
  "population_within_500m": 3546,
  "density_within_500m": 4514.907425630887,
  "population_gini": 0.41471961214914016,
  "population_entropy": 3.5636532869667454,
  "population_center_distance": 67.03255367456505,
  "populated_cells_count": 47,
  "empty_cells_ratio": 0.0,
  "polygon_weighted_population": 97.0,
  "polygon_coverage_area": 3.2400000000040826e-06
}