{
  "total_population": 6943,
  "average_population_per_cell": 133.51923076923077,
  "max_population_cell": 247,
  "min_population_cell": 1,
  "population_std": 68.53351559770589,
  "population_density_km2": 8840.102159096235,
  "closest_population_distance": 35.622686664747036,
  "average_population_distance": 251.06703079848543,
  "farthest_population_distance": 461.2172491453342,
  "population_within_100m": 802,
  "density_within_100m": 25528.45287194001,
  "population_within_250m": 3599,
  "density_within_250m": 18329.5564860074,
  "population_within_500m": 6943,
  "density_within_500m": 8840.102159096235,
  "population_gini": 0.29147508835683983,
  "population_entropy": 3.794691578408467,
  "population_center_distance": 58.43560206705524,
  "populated_cells_count": 52,
  "empty_cells_ratio": 0.0,
  "polygon_weighted_population": 203.40727688716973,
  "polygon_coverage_area": 4.3383677553566355e-06
}