{
  "total_population": 530,
  "average_population_per_cell": 18.928571428571427,
  "max_population_cell": 100,
  "min_population_cell": 2,
  "population_std": 21.418110321301683,
  "population_density_km2": 674.8169587096362,
  "closest_population_distance": 29.414888217797426,
  "average_population_distance": 159.26580816092073,
  "farthest_population_distance": 415.8083522231022,
  "population_within_100m": 176,
  "density_within_100m": 5602.2539968347155,
  "population_within_250m": 436,
  "density_within_250m": 2220.5297660181236,
  "population_within_500m": 530,
  "density_within_500m": 674.8169587096362,
  "population_gini": 0.5233153638814015,
  "population_entropy": 2.8555103706513147,
  "population_center_distance": 25.76526803117914,
  "populated_cells_count": 28,
  "empty_cells_ratio": 0.0,
  "polygon_weighted_population": 34.0,
  "polygon_coverage_area": 3.2400000000040826e-06
}