{
  "total_population": 1656,
  "average_population_per_cell": 69.0,
  "max_population_cell": 232,
  "min_population_cell": 4,
  "population_std": 56.83002880443616,
  "population_density_km2": 2108.4846860814296,
  "closest_population_distance": 136.23857921079772,
  "average_population_distance": 301.04157056841353,
  "farthest_population_distance": 441.5134191007053,
  "population_within_100m": 0,
  "density_within_100m": 0.0,
  "population_within_250m": 510,
  "density_within_250m": 2597.408671259732,
  "population_within_500m": 1656,
  "density_within_500m": 2108.4846860814296,
  "population_gini": 0.407055152979066,
  "population_entropy": 2.888429612273526,
  "population_center_distance": 116.34750695076994,
  "populated_cells_count": 24,
  "empty_cells_ratio": 0.0,
  "polygon_weighted_population": 8.0,
  "polygon_coverage_area": 3.2400000000056814e-06
}