{
  "total_population": 2016,
  "average_population_per_cell": 67.2,
  "max_population_cell": 206,
  "min_population_cell": 3,
  "population_std": 43.89438735623622,
  "population_density_km2": 2566.850922186088,
  "closest_population_distance": 54.009418778297785,
  "average_population_distance": 285.965467729197,
  "farthest_population_distance": 444.7606679079657,
  "population_within_100m": 13,
  "density_within_100m": 413.8028520389278,
  "population_within_250m": 739,
  "density_within_250m": 3763.696094237141,
  "population_within_500m": 2016,
  "density_within_500m": 2566.850922186088,
  "population_gini": 0.3450396825396825,
  "population_entropy": 3.1878335184290636,
  "population_center_distance": 76.22197360883607,
  "populated_cells_count": 30,
  "empty_cells_ratio": 0.0,
  "polygon_weighted_population": 20.338850217651622,
  "polygon_coverage_area": 1.3448545858219243e-06
}