{
  "total_population": 4493,
  "average_population_per_cell": 99.84444444444445,
  "max_population_cell": 214,
  "min_population_cell": 2,
  "population_std": 52.160136100088906,
  "population_density_km2": 5720.665274495086,
  "closest_population_distance": 60.50967640243101,
  "average_population_distance": 296.6419854180923,
  "farthest_population_distance": 483.860675715201,
  "population_within_100m": 250,
  "density_within_100m": 7957.7471545947665,
  "population_within_250m": 1493,
  "density_within_250m": 7603.786561158392,
  "population_within_500m": 4493,
  "density_within_500m": 5720.665274495086,
  "population_gini": 0.2948883448327027,
  "population_entropy": 3.651594343310571,
  "population_center_distance": 63.08011507562825,
  "populated_cells_count": 45,
  "empty_cells_ratio": 0.0,
  "polygon_weighted_population": 165.5573171019709,
  "polygon_coverage_area": 3.1178314213621286e-06
}