{
  "total_population": 4022,
  "average_population_per_cell": 98.09756097560975,
  "max_population_cell": 241,
  "min_population_cell": 2,
  "population_std": 60.51314108441603,
  "population_density_km2": 5120.969448924825,
  "closest_population_distance": 58.55898866356087,
  "average_population_distance": 280.0398436276263,
  "farthest_population_distance": 487.7813911819474,
  "population_within_100m": 360,
  "density_within_100m": 11459.155902616463,
  "population_within_250m": 1500,
  "density_within_250m": 7639.437268410977,
  "population_within_500m": 4022,
  "density_within_500m": 5120.969448924825,
  "population_gini": 0.3485585377982074,
  "population_entropy": 3.4995348214326816,
  "population_center_distance": 110.57680997953517,
  "populated_cells_count": 41,
  "empty_cells_ratio": 0.0,
  "polygon_weighted_population": 106.31086468670757,
  "polygon_coverage_area": 9.448475237399052e-06
}