{
  "total_population": 4695,
  "average_population_per_cell": 97.8125,
  "max_population_cell": 263,
  "min_population_cell": 2,
  "population_std": 73.25608136835336,
  "population_density_km2": 5977.8596625315895,
  "closest_population_distance": 51.383911227339674,
  "average_population_distance": 246.14205544765238,
  "farthest_population_distance": 461.58560759632235,
  "population_within_100m": 265,
  "density_within_100m": 8435.211983870453,
  "population_within_250m": 2379,
  "density_within_250m": 12116.147507699809,
  "population_within_500m": 4695,
  "density_within_500m": 5977.8596625315895,
  "population_gini": 0.4121183883564075,
  "population_entropy": 3.588747412120048,
  "population_center_distance": 32.68238502066495,
  "populated_cells_count": 48,
  "empty_cells_ratio": 0.0,
  "polygon_weighted_population": 97.28799889865515,
  "polygon_coverage_area": 2.2042875274967823e-06
}