{
  "total_population": 3331,
  "average_population_per_cell": 62.84905660377358,
  "max_population_cell": 180,
  "min_population_cell": 1,
  "population_std": 39.01202784271256,
  "population_density_km2": 4241.160923512827,
  "closest_population_distance": 27.398155399697753,
  "average_population_distance": 273.23418705053336,
  "farthest_population_distance": 466.19978526846495,
  "population_within_100m": 198,
  "density_within_100m": 6302.535746439055,
  "population_within_250m": 1325,
  "density_within_250m": 6748.169587096362,
  "population_within_500m": 3331,
  "density_within_500m": 4241.160923512827,
  "population_gini": 0.3261868213409765,
  "population_entropy": 3.792479721715287,
  "population_center_distance": 55.027693897158464,
  "populated_cells_count": 53,
  "empty_cells_ratio": 0.0,
  "polygon_weighted_population": 67.85275436691421,
  "polygon_coverage_area": 3.123066024181033e-06
}