{
  "total_population": 5347,
  "average_population_per_cell": 100.88679245283019,
  "max_population_cell": 261,
  "min_population_cell": 11,
  "population_std": 66.28425395375658,
  "population_density_km2": 6808.011845698915,
  "closest_population_distance": 36.31927004810662,
  "average_population_distance": 281.759591934712,
  "farthest_population_distance": 465.26524225449265,
  "population_within_100m": 555,
  "density_within_100m": 17666.198683200382,
  "population_within_250m": 1903,
  "density_within_250m": 9691.89941452406,
  "population_within_500m": 5347,
  "density_within_500m": 6808.011845698915,
  "population_gini": 0.3684450106037242,
  "population_entropy": 3.7509928474645715,
  "population_center_distance": 68.12064259284095,
  "populated_cells_count": 53,
  "empty_cells_ratio": 0.0
}