{
  "total_population": 2896,
  "average_population_per_cell": 67.34883720930233,
  "max_population_cell": 242,
  "min_population_cell": 1,
  "population_std": 68.40665649903984,
  "population_density_km2": 3687.3017215530313,
  "closest_population_distance": 41.34714397508335,
  "average_population_distance": 305.1465711298323,
  "farthest_population_distance": 460.63865782469094,
  "population_within_100m": 50,
  "density_within_100m": 1591.5494309189532,
  "population_within_250m": 658,
  "density_within_250m": 3351.1664817429482,
  "population_within_500m": 2896,
  "density_within_500m": 3687.3017215530313,
  "population_gini": 0.5379994860593602,
  "population_entropy": 3.2673453161151147,
  "population_center_distance": 200.53185212464882,
  "populated_cells_count": 43,
  "empty_cells_ratio": 0.0,
  "polygon_weighted_population": 165.0764473350805,
  "polygon_coverage_area": 4.548816896880295e-06
}