{
  "total_population": 1966,
  "average_population_per_cell": 63.41935483870968,
  "max_population_cell": 173,
  "min_population_cell": 3,
  "population_std": 46.70244404278959,
  "population_density_km2": 2503.18894494933,
  "closest_population_distance": 18.8569045985939,
  "average_population_distance": 277.92806784216623,
  "farthest_population_distance": 475.70664674068547,
  "population_within_100m": 341,
  "density_within_100m": 10854.367118867262,
  "population_within_250m": 619,
  "density_within_250m": 3152.541112764263,
  "population_within_500m": 1966,
  "density_within_500m": 2503.18894494933,
  "population_gini": 0.4048501952548158,
  "population_entropy": 3.162040240505947,
  "population_center_distance": 154.03259396472868,
  "populated_cells_count": 31,
  "empty_cells_ratio": 0.0,
  "polygon_weighted_population": 51.073094629907494,
  "polygon_coverage_area": 2.859791853517693e-06
}