{
  "total_population": 5519,
  "average_population_per_cell": 108.2156862745098,
  "max_population_cell": 248,
  "min_population_cell": 13,
  "population_std": 56.233197926310474,
  "population_density_km2": 7027.009047393363,
  "closest_population_distance": 32.09669995721306,
  "average_population_distance": 265.984152854718,
  "farthest_population_distance": 470.32998022307635,
  "population_within_100m": 454,
  "density_within_100m": 14451.268832744096,
  "population_within_250m": 2256,
  "density_within_250m": 11489.713651690108,
  "population_within_500m": 5519,
  "density_within_500m": 7027.009047393363,
  "population_gini": 0.28959494651275985,
  "population_entropy": 3.788188876817712,
  "population_center_distance": 67.57316168543905,
  "populated_cells_count": 51,
  "empty_cells_ratio": 0.0,
  "polygon_weighted_population": 175.99859224408084,
  "polygon_coverage_area": 6.4798245719628525e-06
}