{
  "total_population": 5546,
  "average_population_per_cell": 102.70370370370371,
  "max_population_cell": 204,
  "min_population_cell": 1,
  "population_std": 54.84786149479359,
  "population_density_km2": 7061.386515101212,
  "closest_population_distance": 38.138867553501285,
  "average_population_distance": 288.8964246468127,
  "farthest_population_distance": 486.53596625505713,
  "population_within_100m": 383,
  "density_within_100m": 12191.268640839182,
  "population_within_250m": 1952,
  "density_within_250m": 9941.454365292151,
  "population_within_500m": 5546,
  "density_within_500m": 7061.386515101212,
  "population_gini": 0.3045838842809632,
  "population_entropy": 3.830974358460568,
  "population_center_distance": 15.911855769714887,
  "populated_cells_count": 54,
  "empty_cells_ratio": 0.0,
  "polygon_weighted_population": 120.0,
  "polygon_coverage_area": 6.480000000008165e-06
}