{
  "total_population": 2005,
  "average_population_per_cell": 87.17391304347827,
  "max_population_cell": 234,
  "min_population_cell": 1,
  "population_std": 65.6593496588906,
  "population_density_km2": 2552.8452871940012,
  "closest_population_distance": 43.25566883593439,
  "average_population_distance": 234.9395645806931,
  "farthest_population_distance": 457.3776088591503,
  "population_within_100m": 156,
  "density_within_100m": 4965.634224467134,
  "population_within_250m": 1135,
  "density_within_250m": 5780.507533097639,
  "population_within_500m": 2005,
  "density_within_500m": 2552.8452871940012,
  "population_gini": 0.41275073186598726,
  "population_entropy": 2.8468360324272015,
  "population_center_distance": 141.61588525730232,
  "populated_cells_count": 23,
  "empty_cells_ratio": 0.0
}