{
  "total_population": 4862,
  "average_population_per_cell": 108.04444444444445,
  "max_population_cell": 286,
  "min_population_cell": 7,
  "population_std": 72.74393306647502,
  "population_density_km2": 6190.490666502361,
  "closest_population_distance": 38.12930251949171,
  "average_population_distance": 300.4368285163077,
  "farthest_population_distance": 468.33684956098307,
  "population_within_100m": 322,
  "density_within_100m": 10249.57833511806,
  "population_within_250m": 1823,
  "density_within_250m": 9284.462760208806,
  "population_within_500m": 4862,
  "density_within_500m": 6190.490666502361,
  "population_gini": 0.37265871383518445,
  "population_entropy": 3.5833357038756914,
  "population_center_distance": 18.542468902093262,
  "populated_cells_count": 45,
  "empty_cells_ratio": 0.0,
  "polygon_weighted_population": 541.2064444677002,
  "polygon_coverage_area": 1.2980902502370998e-05
}