{
  "total_population": 4437,
  "average_population_per_cell": 96.45652173913044,
  "max_population_cell": 247,
  "min_population_cell": 1,
  "population_std": 75.07676264900526,
  "population_density_km2": 5649.363859989917,
  "closest_population_distance": 58.67563563317457,
  "average_population_distance": 274.7598180545709,
  "farthest_population_distance": 408.291649347815,
  "population_within_100m": 85,
  "density_within_100m": 2705.6340325622205,
  "population_within_250m": 1709,
  "density_within_250m": 8703.865527809572,
  "population_within_500m": 4437,
  "density_within_500m": 5649.363859989917,
  "population_gini": 0.4330628803245436,
  "population_entropy": 3.5153771696414378,
  "population_center_distance": 119.9743005537012,
  "populated_cells_count": 46,
  "empty_cells_ratio": 0.0,
  "polygon_weighted_population": 266.0580027890349,
  "polygon_coverage_area": 6.462151631798794e-06
}