{
  "total_population": 1377,
  "average_population_per_cell": 36.23684210526316,
  "max_population_cell": 118,
  "min_population_cell": 4,
  "population_std": 29.902936862479287,
  "population_density_km2": 1753.250853100319,
  "closest_population_distance": 57.42153087951519,
  "average_population_distance": 230.68406648358288,
  "farthest_population_distance": 428.28596510809837,
  "population_within_100m": 115,
  "density_within_100m": 3660.5636911135925,
  "population_within_250m": 813,
  "density_within_250m": 4140.574999478749,
  "population_within_500m": 1377,
  "density_within_500m": 1753.250853100319,
  "population_gini": 0.4348698543744984,
  "population_entropy": 3.3316478185714793,
  "population_center_distance": 99.48077877370591,
  "populated_cells_count": 38,
  "empty_cells_ratio": 0.0,
  "polygon_weighted_population": 16.240198762602315,
  "polygon_coverage_area": 2.9232357772721003e-06
}