{
  "total_population": 2885,
  "average_population_per_cell": 77.97297297297297,
  "max_population_cell": 165,
  "min_population_cell": 9,
  "population_std": 48.42375822218222,
  "population_density_km2": 3673.2960865609443,
  "closest_population_distance": 19.110175524096267,
  "average_population_distance": 252.61407869058235,
  "farthest_population_distance": 486.5480460811604,
  "population_within_100m": 342,
  "density_within_100m": 10886.198107485641,
  "population_within_250m": 1489,
  "density_within_250m": 7583.414728442629,
  "population_within_500m": 2885,
  "density_within_500m": 3673.2960865609443,
  "population_gini": 0.350049182631505,
  "population_entropy": 3.4109724764536864,
  "population_center_distance": 79.8656280932016,
  "populated_cells_count": 37,
  "empty_cells_ratio": 0.0
}