{
  "total_population": 363,
  "average_population_per_cell": 15.125,
  "max_population_cell": 51,
  "min_population_cell": 1,
  "population_std": 13.436849074224144,
  "population_density_km2": 462.1859547388641,
  "closest_population_distance": 45.29193937523066,
  "average_population_distance": 257.13318095385995,
  "farthest_population_distance": 468.12852752103464,
  "population_within_100m": 28,
  "density_within_100m": 891.2676813146138,
  "population_within_250m": 213,
  "density_within_250m": 1084.8000921143587,
  "population_within_500m": 363,
  "density_within_500m": 462.1859547388641,
  "population_gini": 0.4514462809917355,
  "population_entropy": 2.841386804687941,
  "population_center_distance": 98.88024009103911,
  "populated_cells_count": 24,
  "empty_cells_ratio": 0.0,
  "polygon_weighted_population": 20.779419595080885,
  "polygon_coverage_area": 6.42502457601287e-06
}