{
  "total_population": 1342,
  "average_population_per_cell": 47.92857142857143,
  "max_population_cell": 150,
  "min_population_cell": 1,
  "population_std": 49.369302631575046,
  "population_density_km2": 1708.6874690345885,
  "closest_population_distance": 73.2396691463601,
  "average_population_distance": 315.3736467557148,
  "farthest_population_distance": 474.4540328398572,
  "population_within_100m": 15,
  "density_within_100m": 477.464829275686,
  "population_within_250m": 586,
  "density_within_250m": 2984.4734928592216,
  "population_within_500m": 1342,
  "density_within_500m": 1708.6874690345885,
  "population_gini": 0.5458803491590377,
  "population_entropy": 2.8145552422041695,
  "population_center_distance": 167.92448896350385,
  "populated_cells_count": 28,
  "empty_cells_ratio": 0.0,
  "polygon_weighted_population": 138.14034934345423,
  "polygon_coverage_area": 5.8297390679788345e-06
}