{
  "total_population": 5409,
  "average_population_per_cell": 102.05660377358491,
  "max_population_cell": 231,
  "min_population_cell": 3,
  "population_std": 56.42367720897224,
  "population_density_km2": 6886.952697472495,
  "closest_population_distance": 56.6880916641294,
  "average_population_distance": 277.82380941027895,
  "farthest_population_distance": 484.61559033924624,
  "population_within_100m": 490,
  "density_within_100m": 15597.184423005741,
  "population_within_250m": 2224,
  "density_within_250m": 11326.738989964007,
  "population_within_500m": 5409,
  "density_within_500m": 6886.952697472495,
  "population_gini": 0.3134049819134427,
  "population_entropy": 3.797385489285689,
  "population_center_distance": 36.62695889869044,
  "populated_cells_count": 53,
  "empty_cells_ratio": 0.0,
  "polygon_weighted_population": 179.0,
  "polygon_coverage_area": 9.720000000012248e-06
}