{
  "total_population": 2857,
  "average_population_per_cell": 62.108695652173914,
  "max_population_cell": 207,
  "min_population_cell": 1,
  "population_std": 50.3053910346571,
  "population_density_km2": 3637.64537930836,
  "closest_population_distance": 22.129033913954366,
  "average_population_distance": 239.7844953699096,
  "farthest_population_distance": 486.68492205780075,
  "population_within_100m": 495,
  "density_within_100m": 15756.339366097638,
  "population_within_250m": 1460,
  "density_within_250m": 7435.718941253351,
  "population_within_500m": 2857,
  "density_within_500m": 3637.64537930836,
  "population_gini": 0.4460212141041835,
  "population_entropy": 3.4934860823966734,
  "population_center_distance": 83.34761417782798,
  "populated_cells_count": 46,
  "empty_cells_ratio": 0.0,
  "polygon_weighted_population": 405.16904728807486,
  "polygon_coverage_area": 9.55998019354795e-06
}