{
  "total_population": 2711,
  "average_population_per_cell": 112.95833333333333,
  "max_population_cell": 299,
  "min_population_cell": 5,
  "population_std": 71.36646342259981,
  "population_density_km2": 3451.752405777026,
  "closest_population_distance": 3.2036545413687745,
  "average_population_distance": 272.7971904113726,
  "farthest_population_distance": 436.20839367614354,
  "population_within_100m": 239,
  "density_within_100m": 7607.606279792597,
  "population_within_250m": 1088,
  "density_within_250m": 5541.138498687428,
  "population_within_500m": 2711,
  "density_within_500m": 3451.752405777026,
  "population_gini": 0.33808250338128615,
  "population_entropy": 2.9617877865342566,
  "population_center_distance": 215.19287883770704,
  "populated_cells_count": 24,
  "empty_cells_ratio": 0.0,
  "polygon_weighted_population": 123.0,
  "polygon_coverage_area": 3.2400000000040826e-06
}