{
  "total_population": 3606,
  "average_population_per_cell": 97.45945945945945,
  "max_population_cell": 327,
  "min_population_cell": 11,
  "population_std": 77.51472784595862,
  "population_density_km2": 4591.301798314997,
  "closest_population_distance": 50.31343797795971,
  "average_population_distance": 288.68898311227076,
  "farthest_population_distance": 411.82769362339593,
  "population_within_100m": 26,
  "density_within_100m": 827.6057040778556,
  "population_within_250m": 1271,
  "density_within_250m": 6473.149845433567,
  "population_within_500m": 3606,
  "density_within_500m": 4591.301798314997,
  "population_gini": 0.3982851403816462,
  "population_entropy": 3.345090007283078,
  "population_center_distance": 189.01347297667007,
  "populated_cells_count": 37,
  "empty_cells_ratio": 0.0,
  "polygon_weighted_population": 112.32524307530768,
  "polygon_coverage_area": 4.208144722191493e-06
}