{
  "total_population": 5050,
  "average_population_per_cell": 117.44186046511628,
  "max_population_cell": 238,
  "min_population_cell": 2,
  "population_std": 60.14755757443973,
  "population_density_km2": 6429.8597009125715,
  "closest_population_distance": 36.555684112412955,
  "average_population_distance": 274.79147624193024,
  "farthest_population_distance": 444.57694577856677,
  "population_within_100m": 440,
  "density_within_100m": 14005.634992086789,
  "population_within_250m": 2027,
  "density_within_250m": 10323.4262287127,
  "population_within_500m": 5050,
  "density_within_500m": 6429.8597009125715,
  "population_gini": 0.2882339396730371,
  "population_entropy": 3.6072922009886565,
  "population_center_distance": 88.58698813833587,
  "populated_cells_count": 43,
  "empty_cells_ratio": 0.0,
  "polygon_weighted_population": 192.89268580189082,
  "polygon_coverage_area": 5.3047151459425024e-06
}