{
  "total_population": 3936,
  "average_population_per_cell": 100.92307692307692,
  "max_population_cell": 231,
  "min_population_cell": 3,
  "population_std": 56.69975615624937,
  "population_density_km2": 5011.470848077601,
  "closest_population_distance": 56.590014250506734,
  "average_population_distance": 290.65334307482243,
  "farthest_population_distance": 492.2041284081045,
  "population_within_100m": 59,
  "density_within_100m": 1878.028328484365,
  "population_within_250m": 1075,
  "density_within_250m": 5474.930042361199,
  "population_within_500m": 3936,
  "density_within_500m": 5011.470848077601,
  "population_gini": 0.3160178236397749,
  "population_entropy": 3.484074590758344,
  "population_center_distance": 105.29666019218809,
  "populated_cells_count": 39,
  "empty_cells_ratio": 0.0,
  "polygon_weighted_population": 170.6611261642593,
  "polygon_coverage_area": 7.390747239997399e-06
}