{
  "total_population": 2603,
  "average_population_per_cell": 53.12244897959184,
  "max_population_cell": 147,
  "min_population_cell": 3,
  "population_std": 35.80714119479825,
  "population_density_km2": 3314.2425349456284,
  "closest_population_distance": 58.92915967446469,
  "average_population_distance": 307.4182186440547,
  "farthest_population_distance": 473.14418963882594,
  "population_within_100m": 96,
  "density_within_100m": 3055.7749073643904,
  "population_within_250m": 624,
  "density_within_250m": 3178.005903658966,
  "population_within_500m": 2603,
  "density_within_500m": 3314.2425349456284,
  "population_gini": 0.3763475424745388,
  "population_entropy": 3.656817591516205,
  "population_center_distance": 73.89857116058803,
  "populated_cells_count": 49,
  "empty_cells_ratio": 0.0,
  "polygon_weighted_population": 104.67684971575213,
  "polygon_coverage_area": 5.863530471008142e-06
}