{
  "total_population": 7075,
  "average_population_per_cell": 147.39583333333334,
  "max_population_cell": 313,
  "min_population_cell": 3,
  "population_std": 87.38828481378404,
  "population_density_km2": 9008.169779001277,
  "closest_population_distance": 45.684379741071865,
  "average_population_distance": 274.0478784352162,
  "farthest_population_distance": 460.71689723226416,
  "population_within_100m": 605,
  "density_within_100m": 19257.748114119335,
  "population_within_250m": 2955,
  "density_within_250m": 15049.691418769624,
  "population_within_500m": 7075,
  "density_within_500m": 9008.169779001277,
  "population_gini": 0.3372703180212014,
  "population_entropy": 3.6778401394574027,
  "population_center_distance": 34.9925765928926,
  "populated_cells_count": 48,
  "empty_cells_ratio": 0.0,
  "polygon_weighted_population": 0.5745997824109331,
  "polygon_coverage_area": 2.3271291187672113e-07
}