{
  "total_population": 5367,
  "average_population_per_cell": 95.83928571428571,
  "max_population_cell": 285,
  "min_population_cell": 1,
  "population_std": 64.11063641314678,
  "population_density_km2": 6833.476636593618,
  "closest_population_distance": 37.21590056036662,
  "average_population_distance": 283.78428229297094,
  "farthest_population_distance": 455.41302744933506,
  "population_within_100m": 262,
  "density_within_100m": 8339.719018015316,
  "population_within_250m": 2029,
  "density_within_250m": 10333.612145070581,
  "population_within_500m": 5367,
  "density_within_500m": 6833.476636593618,
  "population_gini": 0.372624371157071,
  "population_entropy": 3.7822813446376173,
  "population_center_distance": 67.94053455152317,
  "populated_cells_count": 56,
  "empty_cells_ratio": 0.0,
  "polygon_weighted_population": 203.0,
  "polygon_coverage_area": 3.2400000000040826e-06
}