{
  "total_population": 2019,
  "average_population_per_cell": 74.77777777777777,
  "max_population_cell": 264,
  "min_population_cell": 2,
  "population_std": 66.97779961319752,
  "population_density_km2": 2570.6706408202936,
  "closest_population_distance": 55.20025318144339,
  "average_population_distance": 315.1333956513711,
  "farthest_population_distance": 434.04205279117264,
  "population_within_100m": 58,
  "density_within_100m": 1846.197339865986,
  "population_within_250m": 484,
  "density_within_250m": 2464.991758607275,
  "population_within_500m": 2019,
  "density_within_500m": 2570.6706408202936,
  "population_gini": 0.45658833672701926,
  "population_entropy": 2.9355911319502854,
  "population_center_distance": 206.0522723390446,
  "populated_cells_count": 27,
  "empty_cells_ratio": 0.0,
  "polygon_weighted_population": 68.5095797553093,
  "polygon_coverage_area": 6.801093533829824e-06
}