{
  "total_population": 4434,
  "average_population_per_cell": 96.3913043478261,
  "max_population_cell": 327,
  "min_population_cell": 2,
  "population_std": 87.83810316229373,
  "population_density_km2": 5645.544141355712,
  "closest_population_distance": 11.003045942509797,
  "average_population_distance": 224.71810682360626,
  "farthest_population_distance": 487.6522562074253,
  "population_within_100m": 505,
  "density_within_100m": 16074.649252281428,
  "population_within_250m": 3040,
  "density_within_250m": 15482.592863979578,
  "population_within_500m": 4434,
  "density_within_500m": 5645.544141355712,
  "population_gini": 0.4827028299111608,
  "population_entropy": 3.4355671393876714,
  "population_center_distance": 53.530079886685094,
  "populated_cells_count": 46,
  "empty_cells_ratio": 0.0,
  "polygon_weighted_population": 70.24382872394537,
  "polygon_coverage_area": 3.485698313574607e-06
}