{
  "total_population": 4217,
  "average_population_per_cell": 87.85416666666667,
  "max_population_cell": 244,
  "min_population_cell": 4,
  "population_std": 64.48057255940469,
  "population_density_km2": 5369.251160148181,
  "closest_population_distance": 18.005601698022613,
  "average_population_distance": 267.79164995036933,
  "farthest_population_distance": 480.5209098079121,
  "population_within_100m": 329,
  "density_within_100m": 10472.395255446712,
  "population_within_250m": 2081,
  "density_within_250m": 10598.445970375495,
  "population_within_500m": 4217,
  "density_within_500m": 5369.251160148181,
  "population_gini": 0.40216682475693616,
  "population_entropy": 3.603301646761758,
  "population_center_distance": 42.286461572088456,
  "populated_cells_count": 48,
  "empty_cells_ratio": 0.0,
  "polygon_weighted_population": 170.2970097246103,
  "polygon_coverage_area": 3.5675996215199988e-06
}