{
  "total_population": 7513,
  "average_population_per_cell": 153.3265306122449,
  "max_population_cell": 393,
  "min_population_cell": 3,
  "population_std": 90.33949573578501,
  "population_density_km2": 9565.848699595277,
  "closest_population_distance": 33.81144024148925,
  "average_population_distance": 296.7455191954102,
  "farthest_population_distance": 460.1579770742848,
  "population_within_100m": 376,
  "density_within_100m": 11968.45172051053,
  "population_within_250m": 2513,
  "density_within_250m": 12798.603903677857,
  "population_within_500m": 7513,
  "density_within_500m": 9565.848699595277,
  "population_gini": 0.3227765750250586,
  "population_entropy": 3.713987680886346,
  "population_center_distance": 34.13445123150452,
  "populated_cells_count": 49,
  "empty_cells_ratio": 0.0,
  "polygon_weighted_population": 100.97724282643269,
  "polygon_coverage_area": 3.2392699679015264e-06
}