{
  "total_population": 39,
  "average_population_per_cell": 4.875,
  "max_population_cell": 12,
  "min_population_cell": 1,
  "population_std": 3.6030740843261686,
  "population_density_km2": 49.65634224467134,
  "closest_population_distance": 160.16988056042118,
  "average_population_distance": 319.54482602402004,
  "farthest_population_distance": 469.77407201468185,
  "population_within_100m": 0,
  "density_within_100m": 0.0,
  "population_within_250m": 10,
  "density_within_250m": 50.92958178940651,
  "population_within_500m": 39,
  "density_within_500m": 49.65634224467134,
  "population_gini": 0.3685897435897436,
  "population_entropy": 1.855183200499794,
  "population_center_distance": 253.24865045880523,
  "populated_cells_count": 8,
  "empty_cells_ratio": 0.0,
  "polygon_weighted_population": 2.3781121103856346,
  "polygon_coverage_area": 2.5683610792209894e-06
}