{
  "total_population": 1832,
  "average_population_per_cell": 52.34285714285714,
  "max_population_cell": 145,
  "min_population_cell": 2,
  "population_std": 47.95092028629399,
  "population_density_km2": 2332.574845954818,
  "closest_population_distance": 26.043003761512498,
  "average_population_distance": 281.97759386753927,
  "farthest_population_distance": 461.59742958073923,
  "population_within_100m": 90,
  "density_within_100m": 2864.788975654116,
  "population_within_250m": 654,
  "density_within_250m": 3330.7946490271856,
  "population_within_500m": 1832,
  "density_within_500m": 2332.574845954818,
  "population_gini": 0.4985339987523394,
  "population_entropy": 3.133754406555732,
  "population_center_distance": 195.44116368664996,
  "populated_cells_count": 35,
  "empty_cells_ratio": 0.0,
  "polygon_weighted_population": 6.982414643914855,
  "polygon_coverage_area": 6.451511723150195e-06
}