{
  "total_population": 4070,
  "average_population_per_cell": 86.59574468085107,
  "max_population_cell": 175,
  "min_population_cell": 2,
  "population_std": 45.27196059683323,
  "population_density_km2": 5182.084947072112,
  "closest_population_distance": 68.63034589313445,
  "average_population_distance": 274.9037889846839,
  "farthest_population_distance": 482.9870831047283,
  "population_within_100m": 178,
  "density_within_100m": 5665.915974071474,
  "population_within_250m": 1681,
  "density_within_250m": 8561.262698799233,
  "population_within_500m": 4070,
  "density_within_500m": 5182.084947072112,
  "population_gini": 0.29222646243922834,
  "population_entropy": 3.686813952264403,
  "population_center_distance": 19.9777316107642,
  "populated_cells_count": 47,
  "empty_cells_ratio": 0.0,
  "polygon_weighted_population": 158.47231257621928,
  "polygon_coverage_area": 1.0885179943797784e-05
}