{
  "total_population": 4482,
  "average_population_per_cell": 95.36170212765957,
  "max_population_cell": 241,
  "min_population_cell": 2,
  "population_std": 45.28001072165091,
  "population_density_km2": 5706.659639502999,
  "closest_population_distance": 1.807735400905152,
  "average_population_distance": 277.1537154778933,
  "farthest_population_distance": 480.0553807219358,
  "population_within_100m": 277,
  "density_within_100m": 8817.183847291,
  "population_within_250m": 2027,
  "density_within_250m": 10323.4262287127,
  "population_within_500m": 4482,
  "density_within_500m": 5706.659639502999,
  "population_gini": 0.25549953952927557,
  "population_entropy": 3.731662198134933,
  "population_center_distance": 42.1669310920916,
  "populated_cells_count": 47,
  "empty_cells_ratio": 0.0,
  "polygon_weighted_population": 252.36824705598247,
  "polygon_coverage_area": 9.220534650957052e-06
}