{
  "total_population": 5062,
  "average_population_per_cell": 110.04347826086956,
  "max_population_cell": 285,
  "min_population_cell": 13,
  "population_std": 68.70774063515992,
  "population_density_km2": 6445.138575449394,
  "closest_population_distance": 28.011764348109402,
  "average_population_distance": 246.39421035164452,
  "farthest_population_distance": 475.46950526663335,
  "population_within_100m": 574,
  "density_within_100m": 18270.987466949584,
  "population_within_250m": 2352,
  "density_within_250m": 11978.63763686841,
  "population_within_500m": 5062,
  "density_within_500m": 6445.138575449394,
  "population_gini": 0.3460739010186728,
  "population_entropy": 3.6301102814276525,
  "population_center_distance": 60.86251472203875,
  "populated_cells_count": 46,
  "empty_cells_ratio": 0.0,
  "polygon_weighted_population": 159.0,
  "polygon_coverage_area": 3.2400000000040826e-06
}