{
  "total_population": 2545,
  "average_population_per_cell": 72.71428571428571,
  "max_population_cell": 256,
  "min_population_cell": 3,
  "population_std": 61.32247041787586,
  "population_density_km2": 3240.3946413509893,
  "closest_population_distance": 18.78548366390173,
  "average_population_distance": 219.2804315001749,
  "farthest_population_distance": 492.69334957279335,
  "population_within_100m": 650,
  "density_within_100m": 20690.142601946394,
  "population_within_250m": 1385,
  "density_within_250m": 7053.747077832802,
  "population_within_500m": 2545,
  "density_within_500m": 3240.3946413509893,
  "population_gini": 0.45074375526241933,
  "population_entropy": 3.2186127963478706,
  "population_center_distance": 82.62812110028537,
  "populated_cells_count": 35,
  "empty_cells_ratio": 0.0,
  "polygon_weighted_population": 186.91248579958534,
  "polygon_coverage_area": 6.46865815963441e-06
}