{
  "total_population": 780,
  "average_population_per_cell": 30.0,
  "max_population_cell": 168,
  "min_population_cell": 5,
  "population_std": 32.239106687375816,
  "population_density_km2": 993.1268448934269,
  "closest_population_distance": 110.36560899758526,
  "average_population_distance": 354.55574038800535,
  "farthest_population_distance": 486.59358711996487,
  "population_within_100m": 0,
  "density_within_100m": 0.0,
  "population_within_250m": 88,
  "density_within_250m": 448.1803197467773,
  "population_within_500m": 780,
  "density_within_500m": 993.1268448934269,
  "population_gini": 0.44447731755424064,
  "population_entropy": 2.889757290057553,
  "population_center_distance": 202.26660722640503,
  "populated_cells_count": 26,
  "empty_cells_ratio": 0.0,
  "polygon_weighted_population": 6.569792326442216,
  "polygon_coverage_area": 1.4988598989006715e-06
}