{
  "total_population": 8391,
  "average_population_per_cell": 155.38888888888889,
  "max_population_cell": 393,
  "min_population_cell": 3,
  "population_std": 92.836926750908,
  "population_density_km2": 10683.75301987275,
  "closest_population_distance": 32.918023000056095,
  "average_population_distance": 295.14347899900116,
  "farthest_population_distance": 491.54553356804456,
  "population_within_100m": 188,
  "density_within_100m": 5984.225860255265,
  "population_within_250m": 2958,
  "density_within_250m": 15064.970293306445,
  "population_within_500m": 8391,
  "density_within_500m": 10683.75301987275,
  "population_gini": 0.32793734027198457,
  "population_entropy": 3.7973614716461563,
  "population_center_distance": 55.9781047573127,
  "populated_cells_count": 54,
  "empty_cells_ratio": 0.0,
  "polygon_weighted_population": 118.67199414775786,
  "polygon_coverage_area": 4.070027058037387e-06
}