{
  "total_population": 4464,
  "average_population_per_cell": 131.2941176470588,
  "max_population_cell": 445,
  "min_population_cell": 1,
  "population_std": 117.95184672639746,
  "population_density_km2": 5683.741327697767,
  "closest_population_distance": 40.79801132768348,
  "average_population_distance": 259.7806797579463,
  "farthest_population_distance": 464.286316595037,
  "population_within_100m": 27,
  "density_within_100m": 859.4366926962348,
  "population_within_250m": 2413,
  "density_within_250m": 12289.30808578379,
  "population_within_500m": 4464,
  "density_within_500m": 5683.741327697767,
  "population_gini": 0.47530571368332275,
  "population_entropy": 3.1420036282172936,
  "population_center_distance": 74.76512818574986,
  "populated_cells_count": 34,
  "empty_cells_ratio": 0.0,
  "polygon_weighted_population": 159.9210156209371,
  "polygon_coverage_area": 6.4229160221423e-06
}