{
  "total_population": 4840,
  "average_population_per_cell": 98.77551020408163,
  "max_population_cell": 248,
  "min_population_cell": 2,
  "population_std": 56.16614687177472,
  "population_density_km2": 6162.479396518188,
  "closest_population_distance": 47.00917343582844,
  "average_population_distance": 254.96000233696253,
  "farthest_population_distance": 465.76733873990895,
  "population_within_100m": 224,
  "density_within_100m": 7130.1414505169105,
  "population_within_250m": 2436,
  "density_within_250m": 12406.446123899426,
  "population_within_500m": 4840,
  "density_within_500m": 6162.479396518188,
  "population_gini": 0.3147242368021589,
  "population_entropy": 3.7096945729021997,
  "population_center_distance": 62.91399293003182,
  "populated_cells_count": 49,
  "empty_cells_ratio": 0.0,
  "polygon_weighted_population": 34.71936496587907,
  "polygon_coverage_area": 2.6557135150650714e-06
}