{
  "total_population": 3530,
  "average_population_per_cell": 72.04081632653062,
  "max_population_cell": 204,
  "min_population_cell": 7,
  "population_std": 47.65980101356971,
  "population_density_km2": 4494.535592915125,
  "closest_population_distance": 60.75480815724339,
  "average_population_distance": 312.4840535107091,
  "farthest_population_distance": 475.81944443317724,
  "population_within_100m": 43,
  "density_within_100m": 1368.7325105902999,
  "population_within_250m": 1016,
  "density_within_250m": 5174.4455098037015,
  "population_within_500m": 3530,
  "density_within_500m": 4494.535592915125,
  "population_gini": 0.357958027403596,
  "population_entropy": 3.688122049024013,
  "population_center_distance": 56.96818233558162,
  "populated_cells_count": 49,
  "empty_cells_ratio": 0.0,
  "polygon_weighted_population": 114.0,
  "polygon_coverage_area": 3.240000000002484e-06
}