{
  "total_population": 6639,
  "average_population_per_cell": 132.78,
  "max_population_cell": 255,
  "min_population_cell": 1,
  "population_std": 70.50641597668648,
  "population_density_km2": 8453.037337496746,
  "closest_population_distance": 57.074870040416236,
  "average_population_distance": 275.189074845614,
  "farthest_population_distance": 495.09531391557607,
  "population_within_100m": 293,
  "density_within_100m": 9326.479665185067,
  "population_within_250m": 2374,
  "density_within_250m": 12090.682716805106,
  "population_within_500m": 6639,
  "density_within_500m": 8453.037337496746,
  "population_gini": 0.2996324747702967,
  "population_entropy": 3.744262977115803,
  "population_center_distance": 58.1298538209623,
  "populated_cells_count": 50,
  "empty_cells_ratio": 0.0,
  "polygon_weighted_population": 95.87375377304281,
  "polygon_coverage_area": 6.234634960612489e-06
}