{
  "total_population": 6029,
  "average_population_per_cell": 143.54761904761904,
  "max_population_cell": 342,
  "min_population_cell": 3,
  "population_std": 86.83238756810827,
  "population_density_km2": 7676.361215208296,
  "closest_population_distance": 68.01143620072477,
  "average_population_distance": 260.98942514282544,
  "farthest_population_distance": 468.55925580523495,
  "population_within_100m": 914,
  "density_within_100m": 29093.523597198466,
  "population_within_250m": 3044,
  "density_within_250m": 15502.964696695342,
  "population_within_500m": 6029,
  "density_within_500m": 7676.361215208296,
  "population_gini": 0.3385896737198777,
  "population_entropy": 3.547112199890257,
  "population_center_distance": 37.18920406363727,
  "populated_cells_count": 42,
  "empty_cells_ratio": 0.0,
  "polygon_weighted_population": 163.0,
  "polygon_coverage_area": 3.2400000000040826e-06
}