{
  "total_population": 2726,
  "average_population_per_cell": 97.35714285714286,
  "max_population_cell": 248,
  "min_population_cell": 1,
  "population_std": 57.543036574385425,
  "population_density_km2": 3470.8509989480535,
  "closest_population_distance": 40.91548075751497,
  "average_population_distance": 304.4645241801674,
  "farthest_population_distance": 446.1107811118269,
  "population_within_100m": 54,
  "density_within_100m": 1718.8733853924696,
  "population_within_250m": 743,
  "density_within_250m": 3784.0679269529037,
  "population_within_500m": 2726,
  "density_within_500m": 3470.8509989480535,
  "population_gini": 0.32376061209516827,
  "population_entropy": 3.1414003941937305,
  "population_center_distance": 174.63358809312092,
  "populated_cells_count": 28,
  "empty_cells_ratio": 0.0,
  "polygon_weighted_population": 17.71344955430438,
  "polygon_coverage_area": 4.863692928476144e-07
}