{
  "total_population": 6924,
  "average_population_per_cell": 144.25,
  "max_population_cell": 327,
  "min_population_cell": 11,
  "population_std": 67.2804546244159,
  "population_density_km2": 8815.910607746267,
  "closest_population_distance": 36.40388068257167,
  "average_population_distance": 267.73504879956744,
  "farthest_population_distance": 470.3534886931173,
  "population_within_100m": 550,
  "density_within_100m": 17507.043740108486,
  "population_within_250m": 3295,
  "density_within_250m": 16781.297199609446,
  "population_within_500m": 6924,
  "density_within_500m": 8815.910607746267,
  "population_gini": 0.2577869247063355,
  "population_entropy": 3.75608373618382,
  "population_center_distance": 120.43964575873436,
  "populated_cells_count": 48,
  "empty_cells_ratio": 0.0,
  "polygon_weighted_population": 252.43496197245312,
  "polygon_coverage_area": 6.4990293393532676e-06
}