{
  "total_population": 2283,
  "average_population_per_cell": 63.416666666666664,
  "max_population_cell": 157,
  "min_population_cell": 1,
  "population_std": 43.24242295312721,
  "population_density_km2": 2906.8058806303766,
  "closest_population_distance": 17.602675382543246,
  "average_population_distance": 256.181886103993,
  "farthest_population_distance": 487.0565061365585,
  "population_within_100m": 346,
  "density_within_100m": 11013.522061959156,
  "population_within_250m": 1079,
  "density_within_250m": 5495.3018750769625,
  "population_within_500m": 2283,
  "density_within_500m": 2906.8058806303766,
  "population_gini": 0.3809923589818465,
  "population_entropy": 3.3249942737093656,
  "population_center_distance": 134.55789805506996,
  "populated_cells_count": 36,
  "empty_cells_ratio": 0.0,
  "polygon_weighted_population": 197.93259734317468,
  "polygon_coverage_area": 6.091902232377083e-06
}