{
  "total_population": 4431,
  "average_population_per_cell": 88.62,
  "max_population_cell": 516,
  "min_population_cell": 1,
  "population_std": 85.15121962768139,
  "population_density_km2": 5641.724422721506,
  "closest_population_distance": 4.654450531382635,
  "average_population_distance": 284.45836674038907,
  "farthest_population_distance": 489.65926697817054,
  "population_within_100m": 567,
  "density_within_100m": 18048.17054662093,
  "population_within_250m": 1510,
  "density_within_250m": 7690.366850200383,
  "population_within_500m": 4431,
  "density_within_500m": 5641.724422721506,
  "population_gini": 0.4579778830963665,
  "population_entropy": 3.53271156197388,
  "population_center_distance": 35.51160620042888,
  "populated_cells_count": 50,
  "empty_cells_ratio": 0.0,
  "polygon_weighted_population": 125.51781785549099,
  "polygon_coverage_area": 3.643471468658565e-06
}