{
  "total_population": 3541,
  "average_population_per_cell": 80.47727272727273,
  "max_population_cell": 304,
  "min_population_cell": 3,
  "population_std": 53.40171961187472,
  "population_density_km2": 4508.541227907212,
  "closest_population_distance": 76.51275972989667,
  "average_population_distance": 282.23177473524066,
  "farthest_population_distance": 484.44836048998417,
  "population_within_100m": 175,
  "density_within_100m": 5570.423008216337,
  "population_within_250m": 1477,
  "density_within_250m": 7522.299230295342,
  "population_within_500m": 3541,
  "density_within_500m": 4508.541227907212,
  "population_gini": 0.34112731380452366,
  "population_entropy": 3.5784269992530815,
  "population_center_distance": 82.2199156553449,
  "populated_cells_count": 44,
  "empty_cells_ratio": 0.0,
  "polygon_weighted_population": 99.0,
  "polygon_coverage_area": 3.2400000000040826e-06
}