{
  "total_population": 3831,
  "average_population_per_cell": 78.18367346938776,
  "max_population_cell": 219,
  "min_population_cell": 5,
  "population_std": 46.52404103856224,
  "population_density_km2": 4877.7806958804085,
  "closest_population_distance": 52.138210624699866,
  "average_population_distance": 257.8037916504134,
  "farthest_population_distance": 488.06513399046275,
  "population_within_100m": 356,
  "density_within_100m": 11331.831948142948,
  "population_within_250m": 1610,
  "density_within_250m": 8199.662668094448,
  "population_within_500m": 3831,
  "density_within_500m": 4877.7806958804085,
  "population_gini": 0.3284696807462218,
  "population_entropy": 3.7134687237672748,
  "population_center_distance": 14.1171691813313,
  "populated_cells_count": 49,
  "empty_cells_ratio": 0.0,
  "polygon_weighted_population": 107.55421106211308,
  "polygon_coverage_area": 9.3502878026474e-06
}