{
  "total_population": 1014,
  "average_population_per_cell": 28.166666666666668,
  "max_population_cell": 168,
  "min_population_cell": 4,
  "population_std": 28.276694088443733,
  "population_density_km2": 1291.064898361455,
  "closest_population_distance": 110.77464206032822,
  "average_population_distance": 306.9335466109308,
  "farthest_population_distance": 489.65233560725426,
  "population_within_100m": 0,
  "density_within_100m": 0.0,
  "population_within_250m": 245,
  "density_within_250m": 1247.7747538404594,
  "population_within_500m": 1014,
  "density_within_500m": 1291.064898361455,
  "population_gini": 0.42050186280955515,
  "population_entropy": 3.2546451455977787,
  "population_center_distance": 147.62067564331315,
  "populated_cells_count": 36,
  "empty_cells_ratio": 0.0,
  "polygon_weighted_population": 42.839075588021075,
  "polygon_coverage_area": 4.166347970554057e-06
}