{
  "total_population": 2419,
  "average_population_per_cell": 75.59375,
  "max_population_cell": 396,
  "min_population_cell": 1,
  "population_std": 98.16932684841517,
  "population_density_km2": 3079.966458714359,
  "closest_population_distance": 26.303973553292764,
  "average_population_distance": 299.75430190764655,
  "farthest_population_distance": 487.30400606385405,
  "population_within_100m": 103,
  "density_within_100m": 3278.591827693044,
  "population_within_250m": 812,
  "density_within_250m": 4135.482041299809,
  "population_within_500m": 2419,
  "density_within_500m": 3079.966458714359,
  "population_gini": 0.6298444605208764,
  "population_entropy": 2.7521458868028184,
  "population_center_distance": 32.830957908940526,
  "populated_cells_count": 32,
  "empty_cells_ratio": 0.0
}