{
  "total_population": 1441,
  "average_population_per_cell": 40.02777777777778,
  "max_population_cell": 90,
  "min_population_cell": 1,
  "population_std": 27.08345421218446,
  "population_density_km2": 1834.7381839633695,
  "closest_population_distance": 24.07193196715549,
  "average_population_distance": 253.2227555773733,
  "farthest_population_distance": 453.12707829044956,
  "population_within_100m": 183,
  "density_within_100m": 5825.070917163369,
  "population_within_250m": 646,
  "density_within_250m": 3290.0509835956605,
  "population_within_500m": 1441,
  "density_within_500m": 1834.7381839633695,
  "population_gini": 0.3789999228930527,
  "population_entropy": 3.339212693047532,
  "population_center_distance": 66.88696039931887,
  "populated_cells_count": 36,
  "empty_cells_ratio": 0.0,
  "polygon_weighted_population": 38.806236755475695,
  "polygon_coverage_area": 5.121220708779651e-06
}