{
  "total_population": 2511,
  "average_population_per_cell": 83.7,
  "max_population_cell": 262,
  "min_population_cell": 2,
  "population_std": 62.98064836888802,
  "population_density_km2": 3197.1044968299934,
  "closest_population_distance": 58.345031193028206,
  "average_population_distance": 209.499730569054,
  "farthest_population_distance": 438.90629859747503,
  "population_within_100m": 282,
  "density_within_100m": 8976.338790382897,
  "population_within_250m": 1694,
  "density_within_250m": 8627.471155125462,
  "population_within_500m": 2511,
  "density_within_500m": 3197.1044968299934,
  "population_gini": 0.40049117217575997,
  "population_entropy": 3.1397247435648103,
  "population_center_distance": 200.92467116164596,
  "populated_cells_count": 30,
  "empty_cells_ratio": 0.0,
  "polygon_weighted_population": 254.0,
  "polygon_coverage_area": 9.720000000013846e-06
}