{
  "total_population": 4895,
  "average_population_per_cell": 108.77777777777777,
  "max_population_cell": 263,
  "min_population_cell": 1,
  "population_std": 67.95415864218818,
  "population_density_km2": 6232.507571478622,
  "closest_population_distance": 35.16253488889199,
  "average_population_distance": 280.5600327278188,
  "farthest_population_distance": 450.8616651141198,
  "population_within_100m": 229,
  "density_within_100m": 7289.296393608806,
  "population_within_250m": 1800,
  "density_within_250m": 9167.324722093172,
  "population_within_500m": 4895,
  "density_within_500m": 6232.507571478622,
  "population_gini": 0.35227783452502553,
  "population_entropy": 3.599610634651103,
  "population_center_distance": 17.66554144254862,
  "populated_cells_count": 45,
  "empty_cells_ratio": 0.0,
  "polygon_weighted_population": 85.0,
  "polygon_coverage_area": 6.480000000008165e-06
}