{
  "total_population": 2539,
  "average_population_per_cell": 110.3913043478261,
  "max_population_cell": 376,
  "min_population_cell": 2,
  "population_std": 107.32056446605307,
  "population_density_km2": 3232.755204082578,
  "closest_population_distance": 55.67853705512355,
  "average_population_distance": 257.8194489701775,
  "farthest_population_distance": 472.6244237207007,
  "population_within_100m": 376,
  "density_within_100m": 11968.45172051053,
  "population_within_250m": 1028,
  "density_within_250m": 5235.561007950989,
  "population_within_500m": 2539,
  "density_within_500m": 3232.755204082578,
  "population_gini": 0.487388050756032,
  "population_entropy": 2.717666541791711,
  "population_center_distance": 190.018299400152,
  "populated_cells_count": 23,
  "empty_cells_ratio": 0.0,
  "polygon_weighted_population": 515.4503909400153,
  "polygon_coverage_area": 7.70477066583569e-06
}