{
  "total_population": 1347,
  "average_population_per_cell": 36.4054054054054,
  "max_population_cell": 128,
  "min_population_cell": 1,
  "population_std": 35.08834838222216,
  "population_density_km2": 1715.0536667582642,
  "closest_population_distance": 30.412357786759284,
  "average_population_distance": 260.3081816593924,
  "farthest_population_distance": 480.69230541514116,
  "population_within_100m": 203,
  "density_within_100m": 6461.69068953095,
  "population_within_250m": 756,
  "density_within_250m": 3850.276383279132,
  "population_within_500m": 1347,
  "density_within_500m": 1715.0536667582642,
  "population_gini": 0.49627801520897286,
  "population_entropy": 3.2002431961810696,
  "population_center_distance": 63.38147179810834,
  "populated_cells_count": 37,
  "empty_cells_ratio": 0.0,
  "polygon_weighted_population": 98.80109815271736,
  "polygon_coverage_area": 5.141037200994365e-06
}