{
  "total_population": 1592,
  "average_population_per_cell": 43.027027027027025,
  "max_population_cell": 879,
  "min_population_cell": 1,
  "population_std": 143.82290160828708,
  "population_density_km2": 2026.997355218379,
  "closest_population_distance": 9.070791785454574,
  "average_population_distance": 352.6400675432282,
  "farthest_population_distance": 474.23470430376153,
  "population_within_100m": 33,
  "density_within_100m": 1050.4226244065092,
  "population_within_250m": 138,
  "density_within_250m": 702.8282286938098,
  "population_within_500m": 1592,
  "density_within_500m": 2026.997355218379,
  "population_gini": 0.7761102811354068,
  "population_entropy": 2.021648067910915,
  "population_center_distance": 177.8677458284913,
  "populated_cells_count": 37,
  "empty_cells_ratio": 0.0,
  "polygon_weighted_population": 24.443550091711465,
  "polygon_coverage_area": 5.296728899600436e-06
}