{
  "total_population": 2125,
  "average_population_per_cell": 51.829268292682926,
  "max_population_cell": 137,
  "min_population_cell": 4,
  "population_std": 37.59847233533857,
  "population_density_km2": 2705.634032562221,
  "closest_population_distance": 19.8301589283941,
  "average_population_distance": 255.5832956255296,
  "farthest_population_distance": 476.00467716813876,
  "population_within_100m": 203,
  "density_within_100m": 6461.69068953095,
  "population_within_250m": 857,
  "density_within_250m": 4364.665159352138,
  "population_within_500m": 2125,
  "density_within_500m": 2705.634032562221,
  "population_gini": 0.4005050215208034,
  "population_entropy": 3.449885356739561,
  "population_center_distance": 128.11483690801717,
  "populated_cells_count": 41,
  "empty_cells_ratio": 0.0,
  "polygon_weighted_population": 36.30962152935369,
  "polygon_coverage_area": 3.967636323187326e-06
}