{
  "total_population": 1387,
  "average_population_per_cell": 35.56410256410256,
  "max_population_cell": 879,
  "min_population_cell": 1,
  "population_std": 139.27987629453432,
  "population_density_km2": 1765.9832485476707,
  "closest_population_distance": 21.944959272288433,
  "average_population_distance": 148.16584562513745,
  "farthest_population_distance": 452.06132141994533,
  "population_within_100m": 906,
  "density_within_100m": 28838.87568825143,
  "population_within_250m": 1037,
  "density_within_250m": 5281.3976315614555,
  "population_within_500m": 1387,
  "density_within_500m": 1765.9832485476707,
  "population_gini": 0.7930785868781544,
  "population_entropy": 1.824072835041099,
  "population_center_distance": 51.52388629880819,
  "populated_cells_count": 39,
  "empty_cells_ratio": 0.0,
  "polygon_weighted_population": 5.0,
  "polygon_coverage_area": 3.2400000000040826e-06
}