{
  "total_population": 2829,
  "average_population_per_cell": 91.25806451612904,
  "max_population_cell": 263,
  "min_population_cell": 1,
  "population_std": 84.4373407689337,
  "population_density_km2": 3601.9946720557755,
  "closest_population_distance": 12.88830645882887,
  "average_population_distance": 231.7854166203029,
  "farthest_population_distance": 483.5420976701093,
  "population_within_100m": 319,
  "density_within_100m": 10154.085369262923,
  "population_within_250m": 1518,
  "density_within_250m": 7731.110515631908,
  "population_within_500m": 2829,
  "density_within_500m": 3601.9946720557755,
  "population_gini": 0.4947148770225431,
  "population_entropy": 3.0201345183897947,
  "population_center_distance": 150.26639542126796,
  "populated_cells_count": 31,
  "empty_cells_ratio": 0.0,
  "polygon_weighted_population": 337.1080385561813,
  "polygon_coverage_area": 6.065020260737078e-06
}