{
  "total_population": 7525,
  "average_population_per_cell": 183.53658536585365,
  "max_population_cell": 393,
  "min_population_cell": 14,
  "population_std": 102.93641181840749,
  "population_density_km2": 9581.127574132099,
  "closest_population_distance": 29.25541269387944,
  "average_population_distance": 239.0340379664055,
  "farthest_population_distance": 457.002049234791,
  "population_within_100m": 1087,
  "density_within_100m": 34600.284628178044,
  "population_within_250m": 4243,
  "density_within_250m": 21609.42155324518,
  "population_within_500m": 7525,
  "density_within_500m": 9581.127574132099,
  "population_gini": 0.31773114010209874,
  "population_entropy": 3.5419585593300975,
  "population_center_distance": 83.54511834612278,
  "populated_cells_count": 41,
  "empty_cells_ratio": 0.0,
  "polygon_weighted_population": 21.246591746944965,
  "polygon_coverage_area": 1.3357182288676879e-06
}