{
  "total_population": 2146,
  "average_population_per_cell": 93.30434782608695,
  "max_population_cell": 239,
  "min_population_cell": 1,
  "population_std": 68.9765670240189,
  "population_density_km2": 2732.372063001659,
  "closest_population_distance": 31.424351578799943,
  "average_population_distance": 260.09289991680026,
  "farthest_population_distance": 462.3906196506319,
  "population_within_100m": 296,
  "density_within_100m": 9421.972631040204,
  "population_within_250m": 860,
  "density_within_250m": 4379.94403388896,
  "population_within_500m": 2146,
  "density_within_500m": 2732.372063001659,
  "population_gini": 0.40953847400624016,
  "population_entropy": 2.835648895467167,
  "population_center_distance": 191.6425500310141,
  "populated_cells_count": 23,
  "empty_cells_ratio": 0.0,
  "polygon_weighted_population": 201.95445686204488,
  "polygon_coverage_area": 6.311954361969818e-06
}