{
  "total_population": 2371,
  "average_population_per_cell": 81.75862068965517,
  "max_population_cell": 213,
  "min_population_cell": 1,
  "population_std": 66.11389262499642,
  "population_density_km2": 3018.850960567071,
  "closest_population_distance": 73.52025899763686,
  "average_population_distance": 265.5516676183791,
  "farthest_population_distance": 468.0183878461183,
  "population_within_100m": 135,
  "density_within_100m": 4297.183463481174,
  "population_within_250m": 796,
  "density_within_250m": 4053.994710436758,
  "population_within_500m": 2371,
  "density_within_500m": 3018.850960567071,
  "population_gini": 0.44939571546997487,
  "population_entropy": 3.0160852408621976,
  "population_center_distance": 141.85952179780006,
  "populated_cells_count": 29,
  "empty_cells_ratio": 0.0,
  "polygon_weighted_population": 224.299403932973,
  "polygon_coverage_area": 7.943006263767588e-06
}