{
  "total_population": 1060,
  "average_population_per_cell": 42.4,
  "max_population_cell": 123,
  "min_population_cell": 1,
  "population_std": 36.70263387460542,
  "population_density_km2": 1349.6339174192724,
  "closest_population_distance": 93.98820233904912,
  "average_population_distance": 318.8015531452994,
  "farthest_population_distance": 474.3398044329022,
  "population_within_100m": 100,
  "density_within_100m": 3183.0988618379065,
  "population_within_250m": 292,
  "density_within_250m": 1487.14378825067,
  "population_within_500m": 1060,
  "density_within_500m": 1349.6339174192724,
  "population_gini": 0.4749433962264151,
  "population_entropy": 2.8233812381512156,
  "population_center_distance": 178.02910623820148,
  "populated_cells_count": 25,
  "empty_cells_ratio": 0.0,
  "polygon_weighted_population": 49.06924572494878,
  "polygon_coverage_area": 5.068512058440669e-06
}