{
  "total_population": 2445,
  "average_population_per_cell": 97.8,
  "max_population_cell": 285,
  "min_population_cell": 2,
  "population_std": 80.32019256285017,
  "population_density_km2": 3113.070686877473,
  "closest_population_distance": 44.62422265633224,
  "average_population_distance": 320.5162081963573,
  "farthest_population_distance": 455.9577378636415,
  "population_within_100m": 11,
  "density_within_100m": 350.1408748021697,
  "population_within_250m": 465,
  "density_within_250m": 2368.2255532074028,
  "population_within_500m": 2445,
  "density_within_500m": 3113.070686877473,
  "population_gini": 0.4435828220858896,
  "population_entropy": 2.8382130706880817,
  "population_center_distance": 237.0696855648026,
  "populated_cells_count": 25,
  "empty_cells_ratio": 0.0,
  "polygon_weighted_population": 127.0,
  "polygon_coverage_area": 6.480000000008165e-06
}