{
  "total_population": 2211,
  "average_population_per_cell": 53.926829268292686,
  "max_population_cell": 220,
  "min_population_cell": 3,
  "population_std": 53.89776908365616,
  "population_density_km2": 2815.1326334094447,
  "closest_population_distance": 18.72555328461882,
  "average_population_distance": 286.0238649220249,
  "farthest_population_distance": 489.58061162485586,
  "population_within_100m": 288,
  "density_within_100m": 9167.324722093172,
  "population_within_250m": 841,
  "density_within_250m": 4283.177828489087,
  "population_within_500m": 2211,
  "density_within_500m": 2815.1326334094447,
  "population_gini": 0.49378385235684114,
  "population_entropy": 3.305358282423546,
  "population_center_distance": 82.4896087563062,
  "populated_cells_count": 41,
  "empty_cells_ratio": 0.0,
  "polygon_weighted_population": 0.679169884017226,
  "polygon_coverage_area": 2.7506380302745886e-07
}