{
  "total_population": 4927,
  "average_population_per_cell": 133.16216216216216,
  "max_population_cell": 321,
  "min_population_cell": 12,
  "population_std": 75.96509195146936,
  "population_density_km2": 6273.251236910147,
  "closest_population_distance": 74.2154944542087,
  "average_population_distance": 251.07330518824918,
  "farthest_population_distance": 456.85196185516753,
  "population_within_100m": 321,
  "density_within_100m": 10217.74734649968,
  "population_within_250m": 2567,
  "density_within_250m": 13073.623645340651,
  "population_within_500m": 4927,
  "density_within_500m": 6273.251236910147,
  "population_gini": 0.3137263506656646,
  "population_entropy": 3.45070668026563,
  "population_center_distance": 62.0410547231206,
  "populated_cells_count": 37,
  "empty_cells_ratio": 0.0,
  "polygon_weighted_population": 311.9046783416367,
  "polygon_coverage_area": 6.426935452022472e-06
}