{
  "total_population": 6277,
  "average_population_per_cell": 128.10204081632654,
  "max_population_cell": 266,
  "min_population_cell": 8,
  "population_std": 52.17568275306323,
  "population_density_km2": 7992.124622302616,
  "closest_population_distance": 52.42062026431787,
  "average_population_distance": 290.1449437478787,
  "farthest_population_distance": 494.72159631813093,
  "population_within_100m": 115,
  "density_within_100m": 3660.5636911135925,
  "population_within_250m": 2277,
  "density_within_250m": 11596.665773447863,
  "population_within_500m": 6277,
  "density_within_500m": 7992.124622302616,
  "population_gini": 0.22661937166136165,
  "population_entropy": 3.8030221982617394,
  "population_center_distance": 73.72911139691053,
  "populated_cells_count": 49,
  "empty_cells_ratio": 0.0,
  "polygon_weighted_population": 319.8994664819688,
  "polygon_coverage_area": 1.0930982827381319e-05
}