{
  "total_population": 4578,
  "average_population_per_cell": 117.38461538461539,
  "max_population_cell": 376,
  "min_population_cell": 2,
  "population_std": 81.90900451258649,
  "population_density_km2": 5828.890635797575,
  "closest_population_distance": 68.53163715313553,
  "average_population_distance": 279.14492137195634,
  "farthest_population_distance": 473.2540118677691,
  "population_within_100m": 411,
  "density_within_100m": 13082.536322153795,
  "population_within_250m": 1838,
  "density_within_250m": 9360.857132892916,
  "population_within_500m": 4578,
  "density_within_500m": 5828.890635797575,
  "population_gini": 0.37607957791444024,
  "population_entropy": 3.4142501969193457,
  "population_center_distance": 51.12689614791206,
  "populated_cells_count": 39,
  "empty_cells_ratio": 0.0,
  "polygon_weighted_population": 371.92119121818394,
  "polygon_coverage_area": 6.7474797155554075e-06
}