{
  "total_population": 7562,
  "average_population_per_cell": 160.89361702127658,
  "max_population_cell": 475,
  "min_population_cell": 4,
  "population_std": 108.18989626589007,
  "population_density_km2": 9628.2374372873,
  "closest_population_distance": 18.801773853822557,
  "average_population_distance": 258.86844196790696,
  "farthest_population_distance": 491.79707708667644,
  "population_within_100m": 1238,
  "density_within_100m": 39406.76390955329,
  "population_within_250m": 3258,
  "density_within_250m": 16592.85774698864,
  "population_within_500m": 7562,
  "density_within_500m": 9628.2374372873,
  "population_gini": 0.36928202040437347,
  "population_entropy": 3.616933053625015,
  "population_center_distance": 54.40884637647074,
  "populated_cells_count": 47,
  "empty_cells_ratio": 0.0,
  "polygon_weighted_population": 390.8286068131865,
  "polygon_coverage_area": 8.363677575629669e-06
}