{
  "total_population": 1463,
  "average_population_per_cell": 36.575,
  "max_population_cell": 879,
  "min_population_cell": 1,
  "population_std": 138.04827983029185,
  "population_density_km2": 1862.749453947543,
  "closest_population_distance": 50.76774442927851,
  "average_population_distance": 171.5358365343745,
  "farthest_population_distance": 456.9022141376817,
  "population_within_100m": 898,
  "density_within_100m": 28584.2277793044,
  "population_within_250m": 1079,
  "density_within_250m": 5495.3018750769625,
  "population_within_500m": 1463,
  "density_within_500m": 1862.749453947543,
  "population_gini": 0.8049043062200957,
  "population_entropy": 1.8888904127514197,
  "population_center_distance": 49.64851657588665,
  "populated_cells_count": 40,
  "empty_cells_ratio": 0.0,
  "polygon_weighted_population": 5.0,
  "polygon_coverage_area": 3.2400000000040826e-06
}