{
  "total_population": 3551,
  "average_population_per_cell": 98.63888888888889,
  "max_population_cell": 235,
  "min_population_cell": 4,
  "population_std": 73.19100365395337,
  "population_density_km2": 4521.273623354563,
  "closest_population_distance": 46.18401332319808,
  "average_population_distance": 269.5997395688687,
  "farthest_population_distance": 432.53926875028077,
  "population_within_100m": 219,
  "density_within_100m": 6970.986507425016,
  "population_within_250m": 1470,
  "density_within_250m": 7486.648523042757,
  "population_within_500m": 3551,
  "density_within_500m": 4521.273623354563,
  "population_gini": 0.4176835946055884,
  "population_entropy": 3.2722425690967034,
  "population_center_distance": 126.97566192048349,
  "populated_cells_count": 36,
  "empty_cells_ratio": 0.0,
  "polygon_weighted_population": 5.778007948185938,
  "polygon_coverage_area": 1.8720745752146028e-06
}