{
  "total_population": 916,
  "average_population_per_cell": 29.548387096774192,
  "max_population_cell": 107,
  "min_population_cell": 2,
  "population_std": 26.33355110839582,
  "population_density_km2": 1166.287422977409,
  "closest_population_distance": 57.844289027459084,
  "average_population_distance": 217.92439445558637,
  "farthest_population_distance": 461.0260895340348,
  "population_within_100m": 34,
  "density_within_100m": 1082.2536130248882,
  "population_within_250m": 586,
  "density_within_250m": 2984.4734928592216,
  "population_within_500m": 916,
  "density_within_500m": 1166.287422977409,
  "population_gini": 0.42196083955486685,
  "population_entropy": 3.1195605351269675,
  "population_center_distance": 79.4378837926141,
  "populated_cells_count": 31,
  "empty_cells_ratio": 0.0,
  "polygon_weighted_population": 7.6275510720694655,
  "polygon_coverage_area": 1.1700855077645367e-06
}