{
  "total_population": 3558,
  "average_population_per_cell": 86.78048780487805,
  "max_population_cell": 376,
  "min_population_cell": 2,
  "population_std": 74.98583606092619,
  "population_density_km2": 4530.186300167709,
  "closest_population_distance": 21.782044833333664,
  "average_population_distance": 266.60360169341965,
  "farthest_population_distance": 452.2189380824588,
  "population_within_100m": 322,
  "density_within_100m": 10249.57833511806,
  "population_within_250m": 1581,
  "density_within_250m": 8051.966880905169,
  "population_within_500m": 3558,
  "density_within_500m": 4530.186300167709,
  "population_gini": 0.4385445372160299,
  "population_entropy": 3.372428897800095,
  "population_center_distance": 101.9541513382215,
  "populated_cells_count": 41,
  "empty_cells_ratio": 0.0,
  "polygon_weighted_population": 305.02458261663946,
  "polygon_coverage_area": 2.6284033182956307e-06
}