{
  "total_population": 2413,
  "average_population_per_cell": 60.325,
  "max_population_cell": 187,
  "min_population_cell": 4,
  "population_std": 57.654758293189936,
  "population_density_km2": 3072.3270214459476,
  "closest_population_distance": 73.6486862657496,
  "average_population_distance": 263.6508711831722,
  "farthest_population_distance": 462.1910802935144,
  "population_within_100m": 83,
  "density_within_100m": 2641.9720553254624,
  "population_within_250m": 1013,
  "density_within_250m": 5159.166635266879,
  "population_within_500m": 2413,
  "density_within_500m": 3072.3270214459476,
  "population_gini": 0.5103087443016991,
  "population_entropy": 3.253078128878877,
  "population_center_distance": 200.46169671009585,
  "populated_cells_count": 40,
  "empty_cells_ratio": 0.0,
  "polygon_weighted_population": 0.43216360057093806,
  "polygon_coverage_area": 2.333683443086006e-07
}