{
  "total_population": 4863,
  "average_population_per_cell": 118.60975609756098,
  "max_population_cell": 461,
  "min_population_cell": 4,
  "population_std": 90.61922479495742,
  "population_density_km2": 6191.7639060470965,
  "closest_population_distance": 57.90765866367674,
  "average_population_distance": 292.98424043010994,
  "farthest_population_distance": 468.86679414439874,
  "population_within_100m": 315,
  "density_within_100m": 10026.761414789406,
  "population_within_250m": 1734,
  "density_within_250m": 8831.18948228309,
  "population_within_500m": 4863,
  "density_within_500m": 6191.7639060470965,
  "population_gini": 0.4018296444531379,
  "population_entropy": 3.437777959498286,
  "population_center_distance": 135.0014945447931,
  "populated_cells_count": 41,
  "empty_cells_ratio": 0.0,
  "polygon_weighted_population": 35.79898543170491,
  "polygon_coverage_area": 1.7844417353672315e-06
}