{
  "total_population": 6676,
  "average_population_per_cell": 142.04255319148936,
  "max_population_cell": 439,
  "min_population_cell": 20,
  "population_std": 67.50425347204249,
  "population_density_km2": 8500.147200651947,
  "closest_population_distance": 51.061134473858516,
  "average_population_distance": 270.63060475955336,
  "farthest_population_distance": 494.55361617438217,
  "population_within_100m": 561,
  "density_within_100m": 17857.184614910657,
  "population_within_250m": 2806,
  "density_within_250m": 14290.840650107466,
  "population_within_500m": 6676,
  "density_within_500m": 8500.147200651947,
  "population_gini": 0.2391672934487462,
  "population_entropy": 3.744165765123464,
  "population_center_distance": 114.9880329674671,
  "populated_cells_count": 47,
  "empty_cells_ratio": 0.0,
  "polygon_weighted_population": 417.1963073336808,
  "polygon_coverage_area": 5.404089148932132e-06
}