{
  "total_population": 3083,
  "average_population_per_cell": 83.32432432432432,
  "max_population_cell": 256,
  "min_population_cell": 3,
  "population_std": 60.2116886281015,
  "population_density_km2": 3925.3975164185067,
  "closest_population_distance": 82.02745508811238,
  "average_population_distance": 243.25481266431072,
  "farthest_population_distance": 486.67488558798027,
  "population_within_100m": 162,
  "density_within_100m": 5156.620156177409,
  "population_within_250m": 1613,
  "density_within_250m": 8214.94154263127,
  "population_within_500m": 3083,
  "density_within_500m": 3925.3975164185067,
  "population_gini": 0.3954379290091259,
  "population_entropy": 3.349660517270309,
  "population_center_distance": 119.78568249955023,
  "populated_cells_count": 37,
  "empty_cells_ratio": 0.0,
  "polygon_weighted_population": 241.81681895672915,
  "polygon_coverage_area": 6.404682421714401e-06
}