{
  "total_population": 437,
  "average_population_per_cell": 43.7,
  "max_population_cell": 122,
  "min_population_cell": 10,
  "population_std": 34.10783552857678,
  "population_density_km2": 556.4056810492661,
  "closest_population_distance": 125.20179840122393,
  "average_population_distance": 313.84964397354054,
  "farthest_population_distance": 423.64155285299864,
  "population_within_100m": 0,
  "density_within_100m": 0.0,
  "population_within_250m": 126,
  "density_within_250m": 641.712730546522,
  "population_within_500m": 437,
  "density_within_500m": 556.4056810492661,
  "population_gini": 0.3901601830663616,
  "population_entropy": 2.047834627448402,
  "population_center_distance": 186.6824740633687,
  "populated_cells_count": 10,
  "empty_cells_ratio": 0.0
}