{
  "total_population": 4223,
  "average_population_per_cell": 150.82142857142858,
  "max_population_cell": 293,
  "min_population_cell": 6,
  "population_std": 73.82414217756931,
  "population_density_km2": 5376.890597416592,
  "closest_population_distance": 25.653037933555055,
  "average_population_distance": 341.2716332679017,
  "farthest_population_distance": 466.9219054011325,
  "population_within_100m": 488,
  "density_within_100m": 15533.522445768984,
  "population_within_250m": 868,
  "density_within_250m": 4420.687699320485,
  "population_within_500m": 4223,
  "density_within_500m": 5376.890597416592,
  "population_gini": 0.2744748147897567,
  "population_entropy": 3.1983899203323776,
  "population_center_distance": 54.11098213032236,
  "populated_cells_count": 28,
  "empty_cells_ratio": 0.0,
  "polygon_weighted_population": 68.74556123661561,
  "polygon_coverage_area": 4.701707836629099e-06
}