{
  "total_population": 3711,
  "average_population_per_cell": 92.775,
  "max_population_cell": 278,
  "min_population_cell": 1,
  "population_std": 81.23738166316772,
  "population_density_km2": 4724.991950512189,
  "closest_population_distance": 65.97748700540956,
  "average_population_distance": 243.2642370039094,
  "farthest_population_distance": 487.19744009285745,
  "population_within_100m": 269,
  "density_within_100m": 8562.535938343968,
  "population_within_250m": 2075,
  "density_within_250m": 10567.888221301851,
  "population_within_500m": 3711,
  "density_within_500m": 4724.991950512189,
  "population_gini": 0.47773511182969547,
  "population_entropy": 3.309182495875404,
  "population_center_distance": 149.08827265169887,
  "populated_cells_count": 40,
  "empty_cells_ratio": 0.0,
  "polygon_weighted_population": 2.7716310967611424,
  "polygon_coverage_area": 3.290944384834514e-06
}