{
  "total_population": 1870,
  "average_population_per_cell": 110.0,
  "max_population_cell": 273,
  "min_population_cell": 9,
  "population_std": 92.76516048603592,
  "population_density_km2": 2380.957948654754,
  "closest_population_distance": 113.00214323733866,
  "average_population_distance": 265.59215189979216,
  "farthest_population_distance": 411.6315635513757,
  "population_within_100m": 0,
  "density_within_100m": 0.0,
  "population_within_250m": 819,
  "density_within_250m": 4171.132748552393,
  "population_within_500m": 1870,
  "density_within_500m": 2380.957948654754,
  "population_gini": 0.45655866624724756,
  "population_entropy": 2.4799237560010483,
  "population_center_distance": 66.71492461306076,
  "populated_cells_count": 17,
  "empty_cells_ratio": 0.0,
  "polygon_weighted_population": 78.43202914891307,
  "polygon_coverage_area": 4.469847379744116e-06
}