{
  "total_population": 6354,
  "average_population_per_cell": 135.19148936170214,
  "max_population_cell": 331,
  "min_population_cell": 3,
  "population_std": 81.19076792074125,
  "population_density_km2": 8090.164067247224,
  "closest_population_distance": 73.8993000368039,
  "average_population_distance": 275.5750231521727,
  "farthest_population_distance": 463.2115715992305,
  "population_within_100m": 508,
  "density_within_100m": 16170.142218136565,
  "population_within_250m": 2811,
  "density_within_250m": 14316.30544100217,
  "population_within_500m": 6354,
  "density_within_500m": 8090.164067247224,
  "population_gini": 0.3369966313731006,
  "population_entropy": 3.652747230208161,
  "population_center_distance": 114.75646351383531,
  "populated_cells_count": 47,
  "empty_cells_ratio": 0.0,
  "polygon_weighted_population": 0.60028213269924,
  "polygon_coverage_area": 1.9256575346019687e-08
}