{
  "total_population": 6025,
  "average_population_per_cell": 113.67924528301887,
  "max_population_cell": 212,
  "min_population_cell": 25,
  "population_std": 43.04549185048555,
  "population_density_km2": 7671.2682570293555,
  "closest_population_distance": 70.22153554761246,
  "average_population_distance": 272.3521109186538,
  "farthest_population_distance": 472.8179209710493,
  "population_within_100m": 315,
  "density_within_100m": 10026.761414789406,
  "population_within_250m": 2499,
  "density_within_250m": 12727.302489172687,
  "population_within_500m": 6025,
  "density_within_500m": 7671.2682570293555,
  "population_gini": 0.2127738197760902,
  "population_entropy": 3.8938664560342175,
  "population_center_distance": 80.07855866884974,
  "populated_cells_count": 53,
  "empty_cells_ratio": 0.0,
  "polygon_weighted_population": 122.92827267019338,
  "polygon_coverage_area": 3.312646551764948e-06
}