{
  "total_population": 1315,
  "average_population_per_cell": 45.3448275862069,
  "max_population_cell": 136,
  "min_population_cell": 2,
  "population_std": 40.17664198979744,
  "population_density_km2": 1674.310001326739,
  "closest_population_distance": 41.532859589632785,
  "average_population_distance": 229.6160778834527,
  "farthest_population_distance": 487.30241573322354,
  "population_within_100m": 303,
  "density_within_100m": 9644.789551368856,
  "population_within_250m": 844,
  "density_within_250m": 4298.4567030259095,
  "population_within_500m": 1315,
  "density_within_500m": 1674.310001326739,
  "population_gini": 0.4747344958699357,
  "population_entropy": 2.99372336377686,
  "population_center_distance": 78.82500425991381,
  "populated_cells_count": 29,
  "empty_cells_ratio": 0.0,
  "polygon_weighted_population": 1.3167322480546446,
  "polygon_coverage_area": 3.615434308224178e-08
}