{
  "total_population": 3832,
  "average_population_per_cell": 123.61290322580645,
  "max_population_cell": 380,
  "min_population_cell": 1,
  "population_std": 78.6107191246227,
  "population_density_km2": 4879.053935425143,
  "closest_population_distance": 56.14385933727198,
  "average_population_distance": 283.3275859863878,
  "farthest_population_distance": 478.5706790695904,
  "population_within_100m": 561,
  "density_within_100m": 17857.184614910657,
  "population_within_250m": 1201,
  "density_within_250m": 6116.642772907721,
  "population_within_500m": 3832,
  "density_within_500m": 4879.053935425143,
  "population_gini": 0.32727793117381637,
  "population_entropy": 3.2407481933800275,
  "population_center_distance": 36.344358482557546,
  "populated_cells_count": 31,
  "empty_cells_ratio": 0.0
}