{
  "total_population": 3490,
  "average_population_per_cell": 65.84905660377359,
  "max_population_cell": 301,
  "min_population_cell": 4,
  "population_std": 50.50605303647927,
  "population_density_km2": 4443.606011125718,
  "closest_population_distance": 29.08772239653163,
  "average_population_distance": 304.19896143678926,
  "farthest_population_distance": 487.30871109999816,
  "population_within_100m": 92,
  "density_within_100m": 2928.450952890874,
  "population_within_250m": 1044,
  "density_within_250m": 5317.048338814039,
  "population_within_500m": 3490,
  "density_within_500m": 4443.606011125718,
  "population_gini": 0.3780288695464129,
  "population_entropy": 3.7214824527220904,
  "population_center_distance": 44.166760620890805,
  "populated_cells_count": 53,
  "empty_cells_ratio": 0.0,
  "polygon_weighted_population": 25.0,
  "polygon_coverage_area": 3.2400000000040826e-06
}