{
  "total_population": 1458,
  "average_population_per_cell": 54.0,
  "max_population_cell": 172,
  "min_population_cell": 2,
  "population_std": 44.83130774186889,
  "population_density_km2": 1856.3832562238672,
  "closest_population_distance": 68.72786915362786,
  "average_population_distance": 242.30426878206882,
  "farthest_population_distance": 402.2897106016306,
  "population_within_100m": 145,
  "density_within_100m": 4615.493349664965,
  "population_within_250m": 626,
  "density_within_250m": 3188.1918200168475,
  "population_within_500m": 1458,
  "density_within_500m": 1856.3832562238672,
  "population_gini": 0.45231926027536457,
  "population_entropy": 2.930981851729294,
  "population_center_distance": 210.14204442141263,
  "populated_cells_count": 27,
  "empty_cells_ratio": 0.0,
  "polygon_weighted_population": 23.353129048026283,
  "polygon_coverage_area": 4.362096696791482e-06
}