{
  "total_population": 318,
  "average_population_per_cell": 15.9,
  "max_population_cell": 58,
  "min_population_cell": 2,
  "population_std": 16.90499770388689,
  "population_density_km2": 404.8901752257818,
  "closest_population_distance": 5.4542268119488035,
  "average_population_distance": 206.5652450081615,
  "farthest_population_distance": 487.94906479225307,
  "population_within_100m": 81,
  "density_within_100m": 2578.3100780887044,
  "population_within_250m": 191,
  "density_within_250m": 972.7550121776643,
  "population_within_500m": 318,
  "density_within_500m": 404.8901752257818,
  "population_gini": 0.5248427672955975,
  "population_entropy": 2.532413664427768,
  "population_center_distance": 96.30959234298031,
  "populated_cells_count": 20,
  "empty_cells_ratio": 0.0
}