{
  "total_population": 4385,
  "average_population_per_cell": 121.80555555555556,
  "max_population_cell": 519,
  "min_population_cell": 1,
  "population_std": 119.64705702175985,
  "population_density_km2": 5583.155403663689,
  "closest_population_distance": 46.23596930810786,
  "average_population_distance": 258.7392224618874,
  "farthest_population_distance": 469.91866558976983,
  "population_within_100m": 668,
  "density_within_100m": 21263.100397077214,
  "population_within_250m": 2131,
  "density_within_250m": 10853.093879322527,
  "population_within_500m": 4385,
  "density_within_500m": 5583.155403663689,
  "population_gini": 0.4836374002280502,
  "population_entropy": 3.161945081640824,
  "population_center_distance": 67.24162575644696,
  "populated_cells_count": 36,
  "empty_cells_ratio": 0.0,
  "polygon_weighted_population": 215.10341528075713,
  "polygon_coverage_area": 8.544140436452674e-06
}