{
  "total_population": 5649,
  "average_population_per_cell": 115.28571428571429,
  "max_population_cell": 461,
  "min_population_cell": 3,
  "population_std": 92.8235332948134,
  "population_density_km2": 7192.530188208934,
  "closest_population_distance": 24.50093871394292,
  "average_population_distance": 232.42195605614654,
  "farthest_population_distance": 476.58543487597996,
  "population_within_100m": 599,
  "density_within_100m": 19066.76218240906,
  "population_within_250m": 3072,
  "density_within_250m": 15645.56752570568,
  "population_within_500m": 5649,
  "density_within_500m": 7192.530188208934,
  "population_gini": 0.41421093131888975,
  "population_entropy": 3.5998871285238137,
  "population_center_distance": 4.96245484617176,
  "populated_cells_count": 49,
  "empty_cells_ratio": 0.0,
  "polygon_weighted_population": 123.0,
  "polygon_coverage_area": 3.2400000000040826e-06
}