{
  "total_population": 1192,
  "average_population_per_cell": 41.10344827586207,
  "max_population_cell": 117,
  "min_population_cell": 1,
  "population_std": 30.843319290043773,
  "population_density_km2": 1517.701537324314,
  "closest_population_distance": 78.84984177527305,
  "average_population_distance": 219.72951879391084,
  "farthest_population_distance": 472.338164209919,
  "population_within_100m": 123,
  "density_within_100m": 3915.211600060625,
  "population_within_250m": 733,
  "density_within_250m": 3733.138345163497,
  "population_within_500m": 1192,
  "density_within_500m": 1517.701537324314,
  "population_gini": 0.40858597546864156,
  "population_entropy": 3.090396357522676,
  "population_center_distance": 1.8376491858180393,
  "populated_cells_count": 29,
  "empty_cells_ratio": 0.0,
  "polygon_weighted_population": 77.25116123773917,
  "polygon_coverage_area": 7.8293910128656e-06
}