{
  "total_population": 2508,
  "average_population_per_cell": 61.170731707317074,
  "max_population_cell": 242,
  "min_population_cell": 2,
  "population_std": 46.89184494079135,
  "population_density_km2": 3193.284778195788,
  "closest_population_distance": 43.091339684406655,
  "average_population_distance": 309.32364534171677,
  "farthest_population_distance": 497.28595570907595,
  "population_within_100m": 172,
  "density_within_100m": 5474.930042361199,
  "population_within_250m": 834,
  "density_within_250m": 4247.527121236503,
  "population_within_500m": 2508,
  "density_within_500m": 3193.284778195788,
  "population_gini": 0.38950480413895044,
  "population_entropy": 3.4575055976908917,
  "population_center_distance": 101.7921679653371,
  "populated_cells_count": 41,
  "empty_cells_ratio": 0.0,
  "polygon_weighted_population": 45.0,
  "polygon_coverage_area": 3.240000000002484e-06
}