{
  "total_population": 3601,
  "average_population_per_cell": 97.32432432432432,
  "max_population_cell": 376,
  "min_population_cell": 2,
  "population_std": 81.60850107340195,
  "population_density_km2": 4584.935600591321,
  "closest_population_distance": 58.212987954539805,
  "average_population_distance": 233.59071344483223,
  "farthest_population_distance": 498.36354440301363,
  "population_within_100m": 212,
  "density_within_100m": 6748.169587096362,
  "population_within_250m": 1833,
  "density_within_250m": 9335.392341998213,
  "population_within_500m": 3601,
  "density_within_500m": 4584.935600591321,
  "population_gini": 0.4250170748365694,
  "population_entropy": 3.2878531235740813,
  "population_center_distance": 102.17944663731595,
  "populated_cells_count": 37,
  "empty_cells_ratio": 0.0,
  "polygon_weighted_population": 376.0,
  "polygon_coverage_area": 3.2400000000040826e-06
}