{
  "total_population": 2859,
  "average_population_per_cell": 109.96153846153847,
  "max_population_cell": 362,
  "min_population_cell": 1,
  "population_std": 103.4092764772023,
  "population_density_km2": 3640.1918583978304,
  "closest_population_distance": 14.397635438064711,
  "average_population_distance": 219.767718986763,
  "farthest_population_distance": 475.5683621521931,
  "population_within_100m": 339,
  "density_within_100m": 10790.705141630504,
  "population_within_250m": 1346,
  "density_within_250m": 6855.121708854116,
  "population_within_500m": 2859,
  "density_within_500m": 3640.1918583978304,
  "population_gini": 0.5000807167648721,
  "population_entropy": 2.8243753300403736,
  "population_center_distance": 68.35444203524449,
  "populated_cells_count": 26,
  "empty_cells_ratio": 0.0,
  "polygon_weighted_population": 63.0,
  "polygon_coverage_area": 3.2400000000040826e-06
}