{
  "total_population": 3614,
  "average_population_per_cell": 66.92592592592592,
  "max_population_cell": 174,
  "min_population_cell": 1,
  "population_std": 38.53978676927033,
  "population_density_km2": 4601.487714672878,
  "closest_population_distance": 70.11288407821354,
  "average_population_distance": 290.2468656823359,
  "farthest_population_distance": 466.128290233251,
  "population_within_100m": 3,
  "density_within_100m": 95.4929658551372,
  "population_within_250m": 1101,
  "density_within_250m": 5607.346955013657,
  "population_within_500m": 3614,
  "density_within_500m": 4601.487714672878,
  "population_gini": 0.3223062575580562,
  "population_entropy": 3.8121155254012242,
  "population_center_distance": 49.69611157706877,
  "populated_cells_count": 54,
  "empty_cells_ratio": 0.0,
  "polygon_weighted_population": 187.0,
  "polygon_coverage_area": 6.480000000008165e-06
}