{
  "total_population": 3559,
  "average_population_per_cell": 77.3695652173913,
  "max_population_cell": 253,
  "min_population_cell": 2,
  "population_std": 59.18947304890256,
  "population_density_km2": 4531.459539712444,
  "closest_population_distance": 66.9408434947123,
  "average_population_distance": 287.9851136486079,
  "farthest_population_distance": 454.29024066936927,
  "population_within_100m": 342,
  "density_within_100m": 10886.198107485641,
  "population_within_250m": 1178,
  "density_within_250m": 5999.504734792087,
  "population_within_500m": 3559,
  "density_within_500m": 4531.459539712444,
  "population_gini": 0.4075216536154514,
  "population_entropy": 3.5531322758612474,
  "population_center_distance": 221.5163014343134,
  "populated_cells_count": 46,
  "empty_cells_ratio": 0.0,
  "polygon_weighted_population": 54.0,
  "polygon_coverage_area": 3.2400000000040826e-06
}