{
  "total_population": 661,
  "average_population_per_cell": 55.083333333333336,
  "max_population_cell": 292,
  "min_population_cell": 2,
  "population_std": 78.8017747069804,
  "population_density_km2": 841.6113390699426,
  "closest_population_distance": 51.3306008827641,
  "average_population_distance": 247.88377896090466,
  "farthest_population_distance": 393.0385361107537,
  "population_within_100m": 5,
  "density_within_100m": 159.15494309189532,
  "population_within_250m": 351,
  "density_within_250m": 1787.6283208081684,
  "population_within_500m": 661,
  "density_within_500m": 841.6113390699426,
  "population_gini": 0.57375189107413,
  "population_entropy": 1.8538516955205984,
  "population_center_distance": 179.96471995351806,
  "populated_cells_count": 12,
  "empty_cells_ratio": 0.0,
  "polygon_weighted_population": 37.9484232039679,
  "polygon_coverage_area": 3.1526382354105365e-06
}