{
  "total_population": 3237,
  "average_population_per_cell": 71.93333333333334,
  "max_population_cell": 185,
  "min_population_cell": 4,
  "population_std": 41.95148713367946,
  "population_density_km2": 4121.476406307722,
  "closest_population_distance": 73.71189812358874,
  "average_population_distance": 270.5463957822761,
  "farthest_population_distance": 473.82098980708696,
  "population_within_100m": 81,
  "density_within_100m": 2578.3100780887044,
  "population_within_250m": 1227,
  "density_within_250m": 6249.059685560179,
  "population_within_500m": 3237,
  "density_within_500m": 4121.476406307722,
  "population_gini": 0.32503346720214193,
  "population_entropy": 3.631861273872662,
  "population_center_distance": 101.82860191199735,
  "populated_cells_count": 45,
  "empty_cells_ratio": 0.0,
  "polygon_weighted_population": 123.80564508618642,
  "polygon_coverage_area": 6.490163453837996e-06
}