{
  "total_population": 5670,
  "average_population_per_cell": 126.0,
  "max_population_cell": 325,
  "min_population_cell": 3,
  "population_std": 80.53881052014613,
  "population_density_km2": 7219.268218648373,
  "closest_population_distance": 40.37785206386594,
  "average_population_distance": 280.2737095291924,
  "farthest_population_distance": 464.31756550047817,
  "population_within_100m": 473,
  "density_within_100m": 15056.057616493297,
  "population_within_250m": 2898,
  "density_within_250m": 14759.392802570006,
  "population_within_500m": 5670,
  "density_within_500m": 7219.268218648373,
  "population_gini": 0.35996080736821473,
  "population_entropy": 3.573165377108658,
  "population_center_distance": 68.79232375229867,
  "populated_cells_count": 45,
  "empty_cells_ratio": 0.0,
  "polygon_weighted_population": 41.91348350583574,
  "polygon_coverage_area": 1.5976433712832813e-06
}