{
  "total_population": 5283,
  "average_population_per_cell": 120.06818181818181,
  "max_population_cell": 329,
  "min_population_cell": 1,
  "population_std": 82.86929965025838,
  "population_density_km2": 6726.5245148358645,
  "closest_population_distance": 79.69052092267471,
  "average_population_distance": 289.1714487767747,
  "farthest_population_distance": 468.86091058150345,
  "population_within_100m": 49,
  "density_within_100m": 1559.7184423005742,
  "population_within_250m": 1380,
  "density_within_250m": 7028.282286938098,
  "population_within_500m": 5283,
  "density_within_500m": 6726.5245148358645,
  "population_gini": 0.3838598936554644,
  "population_entropy": 3.5262006703403435,
  "population_center_distance": 60.514196711844335,
  "populated_cells_count": 44,
  "empty_cells_ratio": 0.0,
  "polygon_weighted_population": 367.3012765483141,
  "polygon_coverage_area": 7.682830125056946e-06
}