{
  "total_population": 1612,
  "average_population_per_cell": 52.0,
  "max_population_cell": 185,
  "min_population_cell": 1,
  "population_std": 52.214940390658306,
  "population_density_km2": 2052.4621461130823,
  "closest_population_distance": 60.08177072292836,
  "average_population_distance": 312.3004268912198,
  "farthest_population_distance": 444.89012992722763,
  "population_within_100m": 1,
  "density_within_100m": 31.830988618379067,
  "population_within_250m": 439,
  "density_within_250m": 2235.8086405549457,
  "population_within_500m": 1612,
  "density_within_500m": 2052.4621461130823,
  "population_gini": 0.5391819418874569,
  "population_entropy": 2.916974260622482,
  "population_center_distance": 257.0198172782055,
  "populated_cells_count": 31,
  "empty_cells_ratio": 0.0,
  "polygon_weighted_population": 1.0,
  "polygon_coverage_area": 3.2400000000040826e-06
}